<?xml version="1.0" encoding="UTF-8" ?>
<server_response csrftoken="6k544bfh8i0h8rfj5656r8noj5">
	<component id="mx226_holder"><![CDATA[<script>
		var el = document.getElementById("mx226");
		if(el)
		{
			el.style.display="";
		}
	</script>]]></component>
<component vis="true" id="mx207_holder" compid="mx207"><![CDATA[<span ctype="label"  id="mx207"   tabindex="0"      targetid="mx207"  mxevent="click"  class="text tht   anchor" style="display:block;padding-left:2px;padding-top:2px;;cursor:pointer;;;;" title="Filter">Filter</span>]]></component>
<component vis="true" id="mx211_holder" compid="mx211"><![CDATA[<a  href="javascript: void(0);" ctype="toggleimage" ev="true" tabindex="0"  compid="mx211"  title="Clear Filter Fields"><img id="mx211"  aria-disabled="true" aria-hidden="true"  tabindex="-1" border="0" class="ti   " src="../webclient/skins-20170809-1350/tivoli09/images/qf_clear.gif" source="qf_clear.gif" imgtype="" ev="true" align="top" style="display:block;margin:0px;"  alt="Clear Filter Fields"  /></a>
]]></component>
<component vis="true" id="mx217_holder" compid="mx217"><![CDATA[<a  href="javascript: void(0);" ctype="toggleimage" ev="true" tabindex="0"  compid="mx217"  title="Next Row     [CTRL+Down Arrow]"><img id="mx217"  aria-disabled="true" aria-hidden="true"  tabindex="-1" border="0" class="ti   " src="../webclient/skins-20170809-1350/tivoli09/images/tablebtn_nextdown_on.gif" source="tablebtn_nextdown_on.gif" imgtype="" ev="true" align="top" style="display:block;margin:0px;"  alt="Next Row     [CTRL+Down Arrow]"  /></a>
]]></component>
<component vis="true" id="mx220_holder" compid="mx220"><![CDATA[<label ctype="label"  id="mx220"    noclick="1"   targetid="mx220"    class="text tht  " style="display:block;padding-left:2px;padding-top:2px;;;;;" title="1 - 6 of 6">1 - 6 of 6</label>]]></component>
<component vis="true" id="mx222_holder" compid="mx222"><![CDATA[	<div id="mx222" name="mx222" class="text ts  ts  "  >&nbsp;</div>
]]></component>
<component vis="true" id="mx223_holder" compid="mx223"><![CDATA[<a ctype="label"  id="mx223"  href="http://porud755/maximo/ui/1526721818028?_tbldnld=results_showlist&amp;uisessionid=267&amp;csrftoken=6k544bfh8i0h8rfj5656r8noj5" onmouseover="return noStatus();" target="_blank"  noclick="1"   targetid="mx223"    class="text tht  " style="display:block;;;;;" title="Download"><img id='mx223_image' src='../webclient/skins-20170809-1350/tivoli09/images/tablebtn_download.gif'  border='0' alt="Download" style='vertical-align:top;margin:0px;margin-left:3px;margin-right:3px;'/><span>Download</span></a>]]></component>
<component vis="true" id="mx249_holder" compid="mx249" holder="mx249_bodyholder"><![CDATA[
				<div id="mx249_bodyholder1"  style="width:100%;">
					<table role="grid" id="mx249" rownum="0" aria-labelledby="mx204" rowsperpage="20" displayrows="6"  valign="top" summary=""  style="" class="tbod  ">
						<tr>
							<th id="results_showlist_tablebody_rowholder" colspan="200" style='display:none'></th>
						</tr>
	<tr aria-invalid="true" role="row" id="mx324"    class="ttitr   treven" style="display:;">
	<th id="errtitle"></th>	<th role="columnheader" control="true" id="mx343"    onclick="" style="; " currentrow="false" class="tc    cursor_hand"   ><table role="presentation" id="mx343_inner" style="display:inline; margin-right:3px " align="right"  >
			<tr>
					<td    nowrap="nowrap"  id="mx342_0"     valign="top" style="vertical-align:top;"><table role="presentation" control="true" id="mx341"   width="100%"  class="  " summary=""  style="width:100%;;;vertical-align:top">				<tr   control="true" id="mx350_0"    style="vertical-align:top;">
				<td    nowrap="nowrap"  id="mx349_0"     valign="top" style="vertical-align:top;"><div aria-live="polite" id="mx345_holder" class="bc"><span ctype="sortlabel"  id="mx345"   tabindex="0"    ev="0"  targetid="mx345"  mxevent="click"  class="text hcns   anchor" style="padding:0px;padding-left:1px;margin:0px;;cursor:pointer;;;;" title="MPRN">MPRN</span></div><div aria-live="polite" id="mx346_holder" class="bc"><img id="mx346"  tabindex="-1" border="0" src="../webclient/skins-20170809-1350/tivoli09/images/blank.gif" aria-live="polite" alt="Default Sort" width="0" height="11" align="absmiddle" style="margin:0px;"  />
</div></td>
				</tr>
</table>
</td>
		
				</tr>
			</table></th>
		<th role="columnheader" control="true" id="mx354"    onclick="" style="; " currentrow="false" class="tc    cursor_hand"   ><table role="presentation" id="mx354_inner" style="display:inline; " >
			<tr>
					<td    nowrap="nowrap"  id="mx353_0"     valign="top" style="vertical-align:top;"><table role="presentation" control="true" id="mx352"   width="100%"  class="  " summary=""  style="width:100%;;;vertical-align:top">				<tr   control="true" id="mx361_0"    style="vertical-align:top;">
				<td    nowrap="nowrap"  id="mx360_0"     valign="top" style="vertical-align:top;"><div aria-live="polite" id="mx356_holder" class="bc"><label ctype="sortlabel"  id="mx356"    noclick="1"   targetid="mx356"    class="text ct  " style="padding:0px;padding-left:1px;margin:0px;;;;;" title="Incode">Incode</label></div><div aria-live="polite" id="mx357_holder" class="bc"><img id="mx357"  tabindex="-1" border="0" src="../webclient/skins-20170809-1350/tivoli09/images/blank.gif" aria-live="polite" alt="Default Sort" width="0" height="11" align="absmiddle" style="margin:0px;"  />
</div></td>
				</tr>
</table>
</td>
		
				</tr>
			</table></th>
		<th role="columnheader" control="true" id="mx365"    onclick="" style="; " currentrow="false" class="tc    cursor_hand"   ><table role="presentation" id="mx365_inner" style="display:inline; " >
			<tr>
					<td    nowrap="nowrap"  id="mx364_0"     valign="top" style="vertical-align:top;"><table role="presentation" control="true" id="mx363"   width="100%"  class="  " summary=""  style="width:100%;;;vertical-align:top">				<tr   control="true" id="mx372_0"    style="vertical-align:top;">
				<td    nowrap="nowrap"  id="mx371_0"     valign="top" style="vertical-align:top;"><div aria-live="polite" id="mx367_holder" class="bc"><label ctype="sortlabel"  id="mx367"    noclick="1"   targetid="mx367"    class="text ct  " style="padding:0px;padding-left:1px;margin:0px;;;;;" title="Outcode">Outcode</label></div><div aria-live="polite" id="mx368_holder" class="bc"><img id="mx368"  tabindex="-1" border="0" src="../webclient/skins-20170809-1350/tivoli09/images/blank.gif" aria-live="polite" alt="Default Sort" width="0" height="11" align="absmiddle" style="margin:0px;"  />
</div></td>
				</tr>
</table>
</td>
		
				</tr>
			</table></th>
		<th role="columnheader" control="true" id="mx376"    onclick="" style="; " currentrow="false" class="tc    cursor_hand"   ><table role="presentation" id="mx376_inner" style="display:inline; " >
			<tr>
					<td    nowrap="nowrap"  id="mx375_0"     valign="top" style="vertical-align:top;"><table role="presentation" control="true" id="mx374"   width="100%"  class="  " summary=""  style="width:100%;;;vertical-align:top">				<tr   control="true" id="mx383_0"    style="vertical-align:top;">
				<td    nowrap="nowrap"  id="mx382_0"     valign="top" style="vertical-align:top;"><div aria-live="polite" id="mx378_holder" class="bc"><label ctype="sortlabel"  id="mx378"    noclick="1"   targetid="mx378"    class="text ct  " style="padding:0px;padding-left:1px;margin:0px;;;;;" title="Building Name">Building Name</label></div><div aria-live="polite" id="mx379_holder" class="bc"><img id="mx379"  tabindex="-1" border="0" src="../webclient/skins-20170809-1350/tivoli09/images/blank.gif" aria-live="polite" alt="Default Sort" width="0" height="11" align="absmiddle" style="margin:0px;"  />
</div></td>
				</tr>
</table>
</td>
		
				</tr>
			</table></th>
		<th role="columnheader" control="true" id="mx387"    onclick="" style="; " currentrow="false" class="tc    cursor_hand"   ><table role="presentation" id="mx387_inner" style="display:inline; margin-right:3px " align="right"  >
			<tr>
					<td    nowrap="nowrap"  id="mx386_0"     valign="top" style="vertical-align:top;"><table role="presentation" control="true" id="mx385"   width="100%"  class="  " summary=""  style="width:100%;;;vertical-align:top">				<tr   control="true" id="mx394_0"    style="vertical-align:top;">
				<td    nowrap="nowrap"  id="mx393_0"     valign="top" style="vertical-align:top;"><div aria-live="polite" id="mx389_holder" class="bc"><label ctype="sortlabel"  id="mx389"    noclick="1"   targetid="mx389"    class="text ct  " style="padding:0px;padding-left:1px;margin:0px;;;;;" title="Building Number">Building Number</label></div><div aria-live="polite" id="mx390_holder" class="bc"><img id="mx390"  tabindex="-1" border="0" src="../webclient/skins-20170809-1350/tivoli09/images/blank.gif" aria-live="polite" alt="Default Sort" width="0" height="11" align="absmiddle" style="margin:0px;"  />
</div></td>
				</tr>
</table>
</td>
		
				</tr>
			</table></th>
		<th role="columnheader" control="true" id="mx398"    onclick="" style="; " currentrow="false" class="tc    cursor_hand"   ><table role="presentation" id="mx398_inner" style="display:inline; " >
			<tr>
					<td    nowrap="nowrap"  id="mx397_0"     valign="top" style="vertical-align:top;"><table role="presentation" control="true" id="mx396"   width="100%"  class="  " summary=""  style="width:100%;;;vertical-align:top">				<tr   control="true" id="mx405_0"    style="vertical-align:top;">
				<td    nowrap="nowrap"  id="mx404_0"     valign="top" style="vertical-align:top;"><div aria-live="polite" id="mx400_holder" class="bc"><label ctype="sortlabel"  id="mx400"    noclick="1"   targetid="mx400"    class="text ct  " style="padding:0px;padding-left:1px;margin:0px;;;;;" title="Principal Street">Principal Street</label></div><div aria-live="polite" id="mx401_holder" class="bc"><img id="mx401"  tabindex="-1" border="0" src="../webclient/skins-20170809-1350/tivoli09/images/blank.gif" aria-live="polite" alt="Default Sort" width="0" height="11" align="absmiddle" style="margin:0px;"  />
</div></td>
				</tr>
</table>
</td>
		
				</tr>
			</table></th>
		<th role="columnheader" control="true" id="mx409"    onclick="" style="; " currentrow="false" class="tc    cursor_hand"   ><table role="presentation" id="mx409_inner" style="display:inline; " >
			<tr>
					<td    nowrap="nowrap"  id="mx408_0"     valign="top" style="vertical-align:top;"><table role="presentation" control="true" id="mx407"   width="100%"  class="  " summary=""  style="width:100%;;;vertical-align:top">				<tr   control="true" id="mx416_0"    style="vertical-align:top;">
				<td    nowrap="nowrap"  id="mx415_0"     valign="top" style="vertical-align:top;"><div aria-live="polite" id="mx411_holder" class="bc"><label ctype="sortlabel"  id="mx411"    noclick="1"   targetid="mx411"    class="text ct  " style="padding:0px;padding-left:1px;margin:0px;;;;;" title="Dependant Street">Dependant Street</label></div><div aria-live="polite" id="mx412_holder" class="bc"><img id="mx412"  tabindex="-1" border="0" src="../webclient/skins-20170809-1350/tivoli09/images/blank.gif" aria-live="polite" alt="Default Sort" width="0" height="11" align="absmiddle" style="margin:0px;"  />
</div></td>
				</tr>
</table>
</td>
		
				</tr>
			</table></th>
		<th role="columnheader" control="true" id="mx420"    onclick="" style="; " currentrow="false" class="tc    cursor_hand"   ><table role="presentation" id="mx420_inner" style="display:inline; " >
			<tr>
					<td    nowrap="nowrap"  id="mx419_0"     valign="top" style="vertical-align:top;"><table role="presentation" control="true" id="mx418"   width="100%"  class="  " summary=""  style="width:100%;;;vertical-align:top">				<tr   control="true" id="mx427_0"    style="vertical-align:top;">
				<td    nowrap="nowrap"  id="mx426_0"     valign="top" style="vertical-align:top;"><div aria-live="polite" id="mx422_holder" class="bc"><label ctype="sortlabel"  id="mx422"    noclick="1"   targetid="mx422"    class="text ct  " style="padding:0px;padding-left:1px;margin:0px;;;;;" title="County">County</label></div><div aria-live="polite" id="mx423_holder" class="bc"><img id="mx423"  tabindex="-1" border="0" src="../webclient/skins-20170809-1350/tivoli09/images/blank.gif" aria-live="polite" alt="Default Sort" width="0" height="11" align="absmiddle" style="margin:0px;"  />
</div></td>
				</tr>
</table>
</td>
		
				</tr>
			</table></th>
		<th role="columnheader" control="true" id="mx431"    onclick="" style="; " currentrow="false" class="tc    cursor_hand"   ><table role="presentation" id="mx431_inner" style="display:inline; " >
			<tr>
					<td    nowrap="nowrap"  id="mx430_0"     valign="top" style="vertical-align:top;"><table role="presentation" control="true" id="mx429"   width="100%"  class="  " summary=""  style="width:100%;;;vertical-align:top">				<tr   control="true" id="mx438_0"    style="vertical-align:top;">
				<td    nowrap="nowrap"  id="mx437_0"     valign="top" style="vertical-align:top;"><div aria-live="polite" id="mx433_holder" class="bc"><span ctype="sortlabel"  id="mx433"   tabindex="0"    ev="8"  targetid="mx433"  mxevent="click"  class="text hcns   anchor" style="padding:0px;padding-left:1px;margin:0px;;cursor:pointer;;;;" title="Site">Site</span></div><div aria-live="polite" id="mx434_holder" class="bc"><img id="mx434"  tabindex="-1" border="0" src="../webclient/skins-20170809-1350/tivoli09/images/blank.gif" aria-live="polite" alt="Default Sort" width="0" height="11" align="absmiddle" style="margin:0px;"  />
</div></td>
				</tr>
</table>
</td>
		
				</tr>
			</table></th>
		<th role="columnheader" control="true" id="mx442"    onclick="" style="; " currentrow="false" class="tc    cursor_hand"   ><table role="presentation" id="mx442_inner" style="display:inline; " >
			<tr>
					<td    nowrap="nowrap"  id="mx441_0"     valign="top" style="vertical-align:top;"><table role="presentation" control="true" id="mx440"   width="100%"  class="  " summary=""  style="width:100%;;;vertical-align:top">				<tr   control="true" id="mx446_0"    style="vertical-align:top;">
				<td    nowrap="nowrap"  id="mx445_0"     valign="top" style="vertical-align:top;"><div aria-live="polite" id="mx444_holder" class="bc"><img sf="1" aria-hidden="true" active="0" ctype="image" alt=""  src="../webclient/skins-20170809-1350/tivoli09/images/blank.gif" source="blank" imgtype=".gif" style="display:inline;margin:0px;" border="0"      align="absmiddle" width='0px' height='26px'   id="mx444" title=""/></div></td>
				</tr>
</table>
</td>
		
				</tr>
			</table></th>
	
	</tr>

	<tr aria-invalid="true" role="row" id="mx327"  onkeyup="if(tableRowEnterKeyFlag==1 && event.keyCode==KEYCODE_ENTER){sendEvent('filterrows','mx327','');cancelEvent(event);}" onkeydown="if(event.keyCode == KEYCODE_ENTER) tableRowEnterKeyFlag=1; else tableRowEnterKeyFlag=0;" class="tfr   trodd" style="display:;">
	<td headers="errtitle"></td>	<td role="gridcell" control="true" id="mx450"    onclick="" style="; " currentrow="false" class="tc    cursor_hand" headers="mx343"  ><table role="presentation" id="mx450_inner" style="display:inline; margin-right:3px " align="right"  >
			<tr>
					<td    nowrap="nowrap"  id="mx449_0"     valign="top" style="vertical-align:top;"><table role="presentation" control="true" id="mx448"   width="100%"  class="  " summary=""  style="width:100%;;;vertical-align:top">				<tr   control="true" id="mx458_0"    style="vertical-align:top;">
				<td    nowrap="nowrap"  id="mx457_0"  align="right"   valign="middle" style="vertical-align:middle;"></td>
				<td    nowrap="nowrap"  id="mx457_1"     valign="middle" style="vertical-align:middle;"><div aria-live="polite" id="mx454_holder" class="bc"><input   role="textbox"  id="mx454" class="fld text tablefilterfield  tt queryField"     ctype="textbox"  dir="ltr" li="mx455"      style="padding-right:2px;text-align: right;;width:70.0px;"  ontr='true' async='1'  ae="setvalue"    type="text" title="MPRN filter" value="" ov="" fldInfo='{&quot;query&quot;:true}'/></div><div aria-live="polite" id="mx455_holder" class="bc"><img sf="1" aria-hidden="true" active="0" ctype="image" alt=""  src="../webclient/skins-20170809-1350/tivoli09/images/blank.gif" source="blank" imgtype=".gif" style="display:inline;margin:0px;" border="0"  lc="mx454"    align="absmiddle" width='0px' height='26px'   id="mx455" title=""/></div></td>
				</tr>
</table>
</td>
		
				</tr>
			</table></td>
		<td role="gridcell" control="true" id="mx462"    onclick="" style="; " currentrow="false" class="tc    cursor_hand" headers="mx354"  ><table role="presentation" id="mx462_inner" style="display:inline; " >
			<tr>
					<td    nowrap="nowrap"  id="mx461_0"     valign="top" style="vertical-align:top;"><table role="presentation" control="true" id="mx460"   width="100%"  class="  " summary=""  style="width:100%;;;vertical-align:top">				<tr   control="true" id="mx470_0"    style="vertical-align:top;">
				<td    nowrap="nowrap"  id="mx469_0"  align="right"   valign="middle" style="vertical-align:middle;"></td>
				<td    nowrap="nowrap"  id="mx469_1"     valign="middle" style="vertical-align:middle;"><div aria-live="polite" id="mx466_holder" class="bc"><input   role="textbox"  id="mx466" class="fld text tablefilterfield  tt queryField"     ctype="textbox"   li="mx467"      style=";width:75.0px;"  ontr='true' async='1'  ae="setvalue"    type="text" title="Incode filter" value="" ov="" fldInfo='{&quot;query&quot;:true}'/></div><div aria-live="polite" id="mx467_holder" class="bc"><img sf="1" aria-hidden="true" active="0" ctype="image" alt=""  src="../webclient/skins-20170809-1350/tivoli09/images/blank.gif" source="blank" imgtype=".gif" style="display:inline;margin:0px;" border="0"  lc="mx466"    align="absmiddle" width='0px' height='26px'   id="mx467" title=""/></div></td>
				</tr>
</table>
</td>
		
				</tr>
			</table></td>
		<td role="gridcell" control="true" id="mx474"    onclick="" style="; " currentrow="false" class="tc    cursor_hand" headers="mx365"  ><table role="presentation" id="mx474_inner" style="display:inline; " >
			<tr>
					<td    nowrap="nowrap"  id="mx473_0"     valign="top" style="vertical-align:top;"><table role="presentation" control="true" id="mx472"   width="100%"  class="  " summary=""  style="width:100%;;;vertical-align:top">				<tr   control="true" id="mx482_0"    style="vertical-align:top;">
				<td    nowrap="nowrap"  id="mx481_0"  align="right"   valign="middle" style="vertical-align:middle;"></td>
				<td    nowrap="nowrap"  id="mx481_1"     valign="middle" style="vertical-align:middle;"><div aria-live="polite" id="mx478_holder" class="bc"><input   role="textbox"  id="mx478" class="fld text tablefilterfield  tt queryField"     ctype="textbox"   li="mx479"      style=";width:75.0px;"  ontr='true' async='1'  ae="setvalue"    type="text" title="Outcode filter" value="" ov="" fldInfo='{&quot;query&quot;:true}'/></div><div aria-live="polite" id="mx479_holder" class="bc"><img sf="1" aria-hidden="true" active="0" ctype="image" alt=""  src="../webclient/skins-20170809-1350/tivoli09/images/blank.gif" source="blank" imgtype=".gif" style="display:inline;margin:0px;" border="0"  lc="mx478"    align="absmiddle" width='0px' height='26px'   id="mx479" title=""/></div></td>
				</tr>
</table>
</td>
		
				</tr>
			</table></td>
		<td role="gridcell" control="true" id="mx486"    onclick="" style="; " currentrow="false" class="tc    cursor_hand" headers="mx376"  ><table role="presentation" id="mx486_inner" style="display:inline; " >
			<tr>
					<td    nowrap="nowrap"  id="mx485_0"     valign="top" style="vertical-align:top;"><table role="presentation" control="true" id="mx484"   width="100%"  class="  " summary=""  style="width:100%;;;vertical-align:top">				<tr   control="true" id="mx494_0"    style="vertical-align:top;">
				<td    nowrap="nowrap"  id="mx493_0"  align="right"   valign="middle" style="vertical-align:middle;"></td>
				<td    nowrap="nowrap"  id="mx493_1"     valign="middle" style="vertical-align:middle;"><div aria-live="polite" id="mx490_holder" class="bc"><input   role="textbox"  id="mx490" class="fld text tablefilterfield  tt queryField"     ctype="textbox"   li="mx491"      style=";width:300.0px;"  ontr='true' async='1'  ae="setvalue"    type="text" title="Building Name filter" value="" ov="" fldInfo='{&quot;query&quot;:true}'/></div><div aria-live="polite" id="mx491_holder" class="bc"><img sf="1" aria-hidden="true" active="0" ctype="image" alt=""  src="../webclient/skins-20170809-1350/tivoli09/images/blank.gif" source="blank" imgtype=".gif" style="display:inline;margin:0px;" border="0"  lc="mx490"    align="absmiddle" width='0px' height='26px'   id="mx491" title=""/></div></td>
				</tr>
</table>
</td>
		
				</tr>
			</table></td>
		<td role="gridcell" control="true" id="mx498"    onclick="" style="; " currentrow="false" class="tc    cursor_hand" headers="mx387"  ><table role="presentation" id="mx498_inner" style="display:inline; margin-right:3px " align="right"  >
			<tr>
					<td    nowrap="nowrap"  id="mx497_0"     valign="top" style="vertical-align:top;"><table role="presentation" control="true" id="mx496"   width="100%"  class="  " summary=""  style="width:100%;;;vertical-align:top">				<tr   control="true" id="mx506_0"    style="vertical-align:top;">
				<td    nowrap="nowrap"  id="mx505_0"  align="right"   valign="middle" style="vertical-align:middle;"></td>
				<td    nowrap="nowrap"  id="mx505_1"     valign="middle" style="vertical-align:middle;"><div aria-live="polite" id="mx502_holder" class="bc"><input   role="textbox"  id="mx502" class="fld text tablefilterfield  tt queryField"     ctype="textbox"  dir="ltr" li="mx503"      style="padding-right:2px;text-align: right;;width:75.0px;"  ontr='true' async='1'  ae="setvalue"    type="text" title="Building Number filter" value="" ov="" fldInfo='{&quot;query&quot;:true}'/></div><div aria-live="polite" id="mx503_holder" class="bc"><img sf="1" aria-hidden="true" active="0" ctype="image" alt=""  src="../webclient/skins-20170809-1350/tivoli09/images/blank.gif" source="blank" imgtype=".gif" style="display:inline;margin:0px;" border="0"  lc="mx502"    align="absmiddle" width='0px' height='26px'   id="mx503" title=""/></div></td>
				</tr>
</table>
</td>
		
				</tr>
			</table></td>
		<td role="gridcell" control="true" id="mx510"    onclick="" style="; " currentrow="false" class="tc    cursor_hand" headers="mx398"  ><table role="presentation" id="mx510_inner" style="display:inline; " >
			<tr>
					<td    nowrap="nowrap"  id="mx509_0"     valign="top" style="vertical-align:top;"><table role="presentation" control="true" id="mx508"   width="100%"  class="  " summary=""  style="width:100%;;;vertical-align:top">				<tr   control="true" id="mx518_0"    style="vertical-align:top;">
				<td    nowrap="nowrap"  id="mx517_0"  align="right"   valign="middle" style="vertical-align:middle;"></td>
				<td    nowrap="nowrap"  id="mx517_1"     valign="middle" style="vertical-align:middle;"><div aria-live="polite" id="mx514_holder" class="bc"><input   role="textbox"  id="mx514" class="fld text tablefilterfield  tt queryField"     ctype="textbox"   li="mx515"      style=";width:300.0px;"  ontr='true' async='1'  ae="setvalue"    type="text" title="Principal Street filter" value="" ov="" fldInfo='{&quot;query&quot;:true}'/></div><div aria-live="polite" id="mx515_holder" class="bc"><img sf="1" aria-hidden="true" active="0" ctype="image" alt=""  src="../webclient/skins-20170809-1350/tivoli09/images/blank.gif" source="blank" imgtype=".gif" style="display:inline;margin:0px;" border="0"  lc="mx514"    align="absmiddle" width='0px' height='26px'   id="mx515" title=""/></div></td>
				</tr>
</table>
</td>
		
				</tr>
			</table></td>
		<td role="gridcell" control="true" id="mx522"    onclick="" style="; " currentrow="false" class="tc    cursor_hand" headers="mx409"  ><table role="presentation" id="mx522_inner" style="display:inline; " >
			<tr>
					<td    nowrap="nowrap"  id="mx521_0"     valign="top" style="vertical-align:top;"><table role="presentation" control="true" id="mx520"   width="100%"  class="  " summary=""  style="width:100%;;;vertical-align:top">				<tr   control="true" id="mx530_0"    style="vertical-align:top;">
				<td    nowrap="nowrap"  id="mx529_0"  align="right"   valign="middle" style="vertical-align:middle;"></td>
				<td    nowrap="nowrap"  id="mx529_1"     valign="middle" style="vertical-align:middle;"><div aria-live="polite" id="mx526_holder" class="bc"><input   role="textbox"  id="mx526" class="fld text tablefilterfield  tt queryField"     ctype="textbox"   li="mx527"      style=";width:300.0px;"  ontr='true' async='1'  ae="setvalue"    type="text" title="Dependant Street filter" value="" ov="" fldInfo='{&quot;query&quot;:true}'/></div><div aria-live="polite" id="mx527_holder" class="bc"><img sf="1" aria-hidden="true" active="0" ctype="image" alt=""  src="../webclient/skins-20170809-1350/tivoli09/images/blank.gif" source="blank" imgtype=".gif" style="display:inline;margin:0px;" border="0"  lc="mx526"    align="absmiddle" width='0px' height='26px'   id="mx527" title=""/></div></td>
				</tr>
</table>
</td>
		
				</tr>
			</table></td>
		<td role="gridcell" control="true" id="mx534"    onclick="" style="; " currentrow="false" class="tc    cursor_hand" headers="mx420"  ><table role="presentation" id="mx534_inner" style="display:inline; " >
			<tr>
					<td    nowrap="nowrap"  id="mx533_0"     valign="top" style="vertical-align:top;"><table role="presentation" control="true" id="mx532"   width="100%"  class="  " summary=""  style="width:100%;;;vertical-align:top">				<tr   control="true" id="mx542_0"    style="vertical-align:top;">
				<td    nowrap="nowrap"  id="mx541_0"  align="right"   valign="middle" style="vertical-align:middle;"></td>
				<td    nowrap="nowrap"  id="mx541_1"     valign="middle" style="vertical-align:middle;"><div aria-live="polite" id="mx538_holder" class="bc"><input   role="textbox"  id="mx538" class="fld text tablefilterfield  tt queryField"     ctype="textbox"   li="mx539"      style=";width:300.0px;"  ontr='true' async='1'  ae="setvalue"    type="text" title="County filter: London" value="London" ov="London" fldInfo='{&quot;query&quot;:true}'/></div><div aria-live="polite" id="mx539_holder" class="bc"><img sf="1" aria-hidden="true" active="0" ctype="image" alt=""  src="../webclient/skins-20170809-1350/tivoli09/images/blank.gif" source="blank" imgtype=".gif" style="display:inline;margin:0px;" border="0"  lc="mx538"    align="absmiddle" width='0px' height='26px'   id="mx539" title=""/></div></td>
				</tr>
</table>
</td>
		
				</tr>
			</table></td>
		<td role="gridcell" control="true" id="mx546"    onclick="" style="; " currentrow="false" class="tc    cursor_hand" headers="mx431"  ><table role="presentation" id="mx546_inner" style="display:inline; " >
			<tr>
					<td    nowrap="nowrap"  id="mx545_0"     valign="top" style="vertical-align:top;"><table role="presentation" control="true" id="mx544"   width="100%"  class="  " summary=""  style="width:100%;;;vertical-align:top">				<tr   control="true" id="mx554_0"    style="vertical-align:top;">
				<td    nowrap="nowrap"  id="mx553_0"  align="right"   valign="middle" style="vertical-align:middle;"></td>
				<td    nowrap="nowrap"  id="mx553_1"     valign="middle" style="vertical-align:middle;"><div aria-live="polite" id="mx550_holder" class="bc"><input   role="textbox"  id="mx550" class="fld text tablefilterfield  tt queryField"     ctype="textbox"   li="mx551"      style=";width:75.0px;"  ontr='true' async='1'  ae="setvalue"    type="text" title="Site filter: =SOUTHERN" value="=SOUTHERN" ov="=SOUTHERN" fldInfo='{&quot;query&quot;:true,&quot;eventpriority&quot;:1}'/></div><div aria-live="polite" id="mx551_holder" class="bc"><img sf="1" aria-hidden="true" active="0" ctype="image" alt=""  src="../webclient/skins-20170809-1350/tivoli09/images/blank.gif" source="blank" imgtype=".gif" style="display:inline;margin:0px;" border="0"  lc="mx550"    align="absmiddle" width='0px' height='26px'   id="mx551" title=""/></div></td>
				</tr>
</table>
</td>
		
				</tr>
			</table></td>
		<td role="gridcell" control="true" id="mx558"    onclick="" style="; " currentrow="false" class="tc    cursor_hand" headers="mx442"  ><table role="presentation" id="mx558_inner" style="display:inline; " >
			<tr>
					<td    nowrap="nowrap"  id="mx557_0"     valign="top" style="vertical-align:top;"><table role="presentation" control="true" id="mx556"   width="100%"  class="  " summary=""  style="width:100%;;;vertical-align:top">				<tr   control="true" id="mx562_0"    style="vertical-align:top;">
				<td    nowrap="nowrap"  id="mx561_0"     valign="top" style="vertical-align:top;"><div aria-live="polite" id="mx560_holder" class="bc"><img sf="1"  active="0" ctype="image" alt=""  src="../webclient/skins-20170809-1350/tivoli09/images/blank.gif" source="blank.gif" imgtype="" style="cursor:default;display:@display;margin:0px;margin-top:2px;margin-left:2px;" border="0"           id="mx560" title=""/></div></td>
				</tr>
</table>
</td>
		
				</tr>
			</table></td>
	
	</tr>

	<tr aria-invalid="true" role="row" id="mx330"    class="nrm   treven" aria-hidden="true"  style="display:none;">
	<td headers="errtitle"></td>
	</tr>

	<tr aria-invalid="true" role="row" id="mx333[R:0]"  current="true"   class="tablerow   tcr trodd" style="display:;">
	<td headers="errtitle"><img id='mx333[R:0]_er_img' src='../webclient/skins-20170809-1350/tivoli09/images/blank.gif' style='display:none' class='tablerow_blank_icon' title="" alt=""/></td>	<td role="gridcell" control="true" id="mx574[R:0]"    onmouseover="appendClass(this.parentNode,'trh')" onmouseout="removeClass(this.parentNode,'trh')" onclick="tcClick(event,'mx574[R:0]')" style="; width:;" currentrow="true" class="tc hl   cursor_hand" headers="mx343"  ><table role="presentation" id="mx574[R:0]_inner" style="display:inline; margin-right:3px " align="right"  >
			<tr>
					<td    nowrap="nowrap"  id="mx573[R:0]_0"     valign="top" style="vertical-align:top;"><table role="presentation" control="true" id="mx572[R:0]"   width="100%"  class="  " summary=""  style="width:100%;;;vertical-align:top">				<tr   control="true" id="mx578[R:0]_0"    style="vertical-align:top;">
				<td    nowrap="nowrap"  id="mx577[R:0]_0"  align="left"   valign="top" style="vertical-align:top;"><div aria-live="polite" id="mx576[R:0]_holder" class="bc"><span ctype="label"  id="mx576[R:0]"   tabindex="0"      targetid="mx576[R:0]"  mxevent="click"  class="text txtbold text label  label   anchor" style="padding:0px;padding-left:1px;padding-top:5px;padding-bottom:5px;;cursor:pointer;;;;" title="546,431,208">546,431,208</span></div></td>
				</tr>
</table>
</td>
		
				</tr>
			</table></td>
		<td role="gridcell" control="true" id="mx582[R:0]"    onmouseover="appendClass(this.parentNode,'trh')" onmouseout="removeClass(this.parentNode,'trh')" onclick="tcClick(event,'mx582[R:0]')" style="; width:;" currentrow="true" class="tc cd   cursor_hand" headers="mx354"  ><table role="presentation" id="mx582[R:0]_inner" style="display:inline; " >
			<tr>
					<td    nowrap="nowrap"  id="mx581[R:0]_0"     valign="top" style="vertical-align:top;"><table role="presentation" control="true" id="mx580[R:0]"   width="100%"  class="  " summary=""  style="width:100%;;;vertical-align:top">				<tr   control="true" id="mx586[R:0]_0"    style="vertical-align:top;">
				<td    nowrap="nowrap"  id="mx585[R:0]_0"  align="left"   valign="top" style="vertical-align:top;"><div aria-live="polite" id="mx584[R:0]_holder" class="bc"><label ctype="label"  id="mx584[R:0]"    noclick="1"   targetid="mx584[R:0]"    class="text txtbold text label  label  " style="padding:0px;padding-left:1px;margin:0px;;;;;" title="5NB">5NB</label></div></td>
				</tr>
</table>
</td>
		
				</tr>
			</table></td>
		<td role="gridcell" control="true" id="mx590[R:0]"    onmouseover="appendClass(this.parentNode,'trh')" onmouseout="removeClass(this.parentNode,'trh')" onclick="tcClick(event,'mx590[R:0]')" style="; width:;" currentrow="true" class="tc cd   cursor_hand" headers="mx365"  ><table role="presentation" id="mx590[R:0]_inner" style="display:inline; " >
			<tr>
					<td    nowrap="nowrap"  id="mx589[R:0]_0"     valign="top" style="vertical-align:top;"><table role="presentation" control="true" id="mx588[R:0]"   width="100%"  class="  " summary=""  style="width:100%;;;vertical-align:top">				<tr   control="true" id="mx594[R:0]_0"    style="vertical-align:top;">
				<td    nowrap="nowrap"  id="mx593[R:0]_0"  align="left"   valign="top" style="vertical-align:top;"><div aria-live="polite" id="mx592[R:0]_holder" class="bc"><label ctype="label"  id="mx592[R:0]"    noclick="1"   targetid="mx592[R:0]"    class="text txtbold text label  label  " style="padding:0px;padding-left:1px;margin:0px;;;;;" title="SE26">SE26</label></div></td>
				</tr>
</table>
</td>
		
				</tr>
			</table></td>
		<td role="gridcell" control="true" id="mx598[R:0]"    onmouseover="appendClass(this.parentNode,'trh')" onmouseout="removeClass(this.parentNode,'trh')" onclick="tcClick(event,'mx598[R:0]')" style="; width:;" currentrow="true" class="tc cd   cursor_hand" headers="mx376"  ><table role="presentation" id="mx598[R:0]_inner" style="display:inline; " >
			<tr>
					<td    nowrap="nowrap"  id="mx597[R:0]_0"     valign="top" style="vertical-align:top;"><table role="presentation" control="true" id="mx596[R:0]"   width="100%"  class="  " summary=""  style="width:100%;;;vertical-align:top">				<tr   control="true" id="mx602[R:0]_0"    style="vertical-align:top;">
				<td    nowrap="nowrap"  id="mx601[R:0]_0"  align="left"   valign="top" style="vertical-align:top;"><div aria-live="polite" id="mx600[R:0]_holder" class="bc"><label ctype="label"  id="mx600[R:0]"    noclick="1"   targetid="mx600[R:0]"    class="text txtbold text label  label  " style="padding:0px;padding-left:1px;margin:0px;;;;;" title="MR M ALDRIDGE">MR M ALDRIDGE</label></div></td>
				</tr>
</table>
</td>
		
				</tr>
			</table></td>
		<td role="gridcell" control="true" id="mx606[R:0]"    onmouseover="appendClass(this.parentNode,'trh')" onmouseout="removeClass(this.parentNode,'trh')" onclick="tcClick(event,'mx606[R:0]')" style="; width:;" currentrow="true" class="tc cd   cursor_hand" headers="mx387"  ><table role="presentation" id="mx606[R:0]_inner" style="display:inline; margin-right:3px " align="right"  >
			<tr>
					<td    nowrap="nowrap"  id="mx605[R:0]_0"     valign="top" style="vertical-align:top;"><table role="presentation" control="true" id="mx604[R:0]"   width="100%"  class="  " summary=""  style="width:100%;;;vertical-align:top">				<tr   control="true" id="mx610[R:0]_0"    style="vertical-align:top;">
				<td    nowrap="nowrap"  id="mx609[R:0]_0"  align="left"   valign="top" style="vertical-align:top;"><div aria-live="polite" id="mx608[R:0]_holder" class="bc"><label ctype="label"  id="mx608[R:0]"    noclick="1"   targetid="mx608[R:0]"    class="text txtbold text label  label  " style="padding:0px;padding-left:1px;margin:0px;;;;;" title="104">104</label></div></td>
				</tr>
</table>
</td>
		
				</tr>
			</table></td>
		<td role="gridcell" control="true" id="mx614[R:0]"    onmouseover="appendClass(this.parentNode,'trh')" onmouseout="removeClass(this.parentNode,'trh')" onclick="tcClick(event,'mx614[R:0]')" style="; width:;" currentrow="true" class="tc cd   cursor_hand" headers="mx398"  ><table role="presentation" id="mx614[R:0]_inner" style="display:inline; " >
			<tr>
					<td    nowrap="nowrap"  id="mx613[R:0]_0"     valign="top" style="vertical-align:top;"><table role="presentation" control="true" id="mx612[R:0]"   width="100%"  class="  " summary=""  style="width:100%;;;vertical-align:top">				<tr   control="true" id="mx618[R:0]_0"    style="vertical-align:top;">
				<td    nowrap="nowrap"  id="mx617[R:0]_0"  align="left"   valign="top" style="vertical-align:top;"><div aria-live="polite" id="mx616[R:0]_holder" class="bc"><label ctype="label"  id="mx616[R:0]"    noclick="1"   targetid="mx616[R:0]"    class="text txtbold text label  label  " style="padding:0px;padding-left:1px;margin:0px;;;;;" title="NEWLANDS PARK">NEWLANDS PARK</label></div></td>
				</tr>
</table>
</td>
		
				</tr>
			</table></td>
		<td role="gridcell" control="true" id="mx622[R:0]"    onmouseover="appendClass(this.parentNode,'trh')" onmouseout="removeClass(this.parentNode,'trh')" onclick="tcClick(event,'mx622[R:0]')" style="; width:;" currentrow="true" class="tc cd   cursor_hand" headers="mx409"  ><table role="presentation" id="mx622[R:0]_inner" style="display:inline; " >
			<tr>
					<td    nowrap="nowrap"  id="mx621[R:0]_0"     valign="top" style="vertical-align:top;"><table role="presentation" control="true" id="mx620[R:0]"   width="100%"  class="  " summary=""  style="width:100%;;;vertical-align:top">				<tr   control="true" id="mx626[R:0]_0"    style="vertical-align:top;">
				<td    nowrap="nowrap"  id="mx625[R:0]_0"  align="left"   valign="top" style="vertical-align:top;"><div aria-live="polite" id="mx624[R:0]_holder" class="bc">		&nbsp;
</div></td>
				</tr>
</table>
</td>
		
				</tr>
			</table></td>
		<td role="gridcell" control="true" id="mx630[R:0]"    onmouseover="appendClass(this.parentNode,'trh')" onmouseout="removeClass(this.parentNode,'trh')" onclick="tcClick(event,'mx630[R:0]')" style="; width:;" currentrow="true" class="tc cd   cursor_hand" headers="mx420"  ><table role="presentation" id="mx630[R:0]_inner" style="display:inline; " >
			<tr>
					<td    nowrap="nowrap"  id="mx629[R:0]_0"     valign="top" style="vertical-align:top;"><table role="presentation" control="true" id="mx628[R:0]"   width="100%"  class="  " summary=""  style="width:100%;;;vertical-align:top">				<tr   control="true" id="mx634[R:0]_0"    style="vertical-align:top;">
				<td    nowrap="nowrap"  id="mx633[R:0]_0"  align="left"   valign="top" style="vertical-align:top;"><div aria-live="polite" id="mx632[R:0]_holder" class="bc"><label ctype="label"  id="mx632[R:0]"    noclick="1"   targetid="mx632[R:0]"    class="text txtbold text label  label  " style="padding:0px;padding-left:1px;margin:0px;;;;;" title="GREATER LONDON">GREATER LONDON</label></div></td>
				</tr>
</table>
</td>
		
				</tr>
			</table></td>
		<td role="gridcell" control="true" id="mx638[R:0]"    onmouseover="appendClass(this.parentNode,'trh')" onmouseout="removeClass(this.parentNode,'trh')" onclick="tcClick(event,'mx638[R:0]')" style="; width:;" currentrow="true" class="tc cd   cursor_hand" headers="mx431"  ><table role="presentation" id="mx638[R:0]_inner" style="display:inline; " >
			<tr>
					<td    nowrap="nowrap"  id="mx637[R:0]_0"     valign="top" style="vertical-align:top;"><table role="presentation" control="true" id="mx636[R:0]"   width="100%"  class="  " summary=""  style="width:100%;;;vertical-align:top">				<tr   control="true" id="mx642[R:0]_0"    style="vertical-align:top;">
				<td    nowrap="nowrap"  id="mx641[R:0]_0"  align="left"   valign="top" style="vertical-align:top;"><div aria-live="polite" id="mx640[R:0]_holder" class="bc"><label ctype="label"  id="mx640[R:0]"    noclick="1"   targetid="mx640[R:0]"    class="text txtbold text label  label  " style="padding:0px;padding-left:1px;margin:0px;;;;;" title="SOUTHERN">SOUTHERN</label></div></td>
				</tr>
</table>
</td>
		
				</tr>
			</table></td>
		<td role="gridcell" control="true" id="mx646[R:0]"    onmouseover="appendClass(this.parentNode,'trh')" onmouseout="removeClass(this.parentNode,'trh')" onclick="tcClick(event,'mx646[R:0]')" style="; width:;" currentrow="true" class="tc hl   cursor_hand" headers="mx442"  ><table role="presentation" id="mx646[R:0]_inner" style="display:inline; " >
			<tr>
					<td    nowrap="nowrap"  id="mx645[R:0]_0"     valign="top" style="vertical-align:top;"><table role="presentation" control="true" id="mx644[R:0]"   width="100%"  class="  " summary=""  style="width:100%;;;vertical-align:top">				<td    nowrap="nowrap"  id="mx649[R:0]_0"  align="left"   valign="top" style="vertical-align:top;"><div aria-live="polite" id="mx648[R:0]_holder" class="bc"><span ctype="label"  id="mx648[R:0]"   tabindex="0"      targetid="mx648[R:0]"  mxevent="click"  class="text label  label   anchor" style="display:block;;cursor:pointer;;;;" title="Add to Bookmarks"><img id='mx648[R:0]_image' src='../webclient/skins-20170809-1350/tivoli09/images/btn_addtobookmarks.gif'  border='0' alt="Add to Bookmarks" style='vertical-align:top;margin:0px;margin-left:3px;margin-right:3px;'/><span></span></span></div></td>
</table>
</td>
		
				</tr>
			</table></td>
	
	</tr>

	<tr aria-invalid="true" role="row" id="mx333[R:1]"    class="tablerow   treven" style="display:;">
	<td headers="errtitle"><img id='mx333[R:1]_er_img' src='../webclient/skins-20170809-1350/tivoli09/images/blank.gif' style='display:none' class='tablerow_blank_icon' title="" alt=""/></td>	<td role="gridcell" control="true" id="mx574[R:1]"    onmouseover="appendClass(this.parentNode,'trh')" onmouseout="removeClass(this.parentNode,'trh')" onclick="tcClick(event,'mx574[R:1]')" style="; width:;" currentrow="false" class="tc hl   cursor_hand" headers="mx343"  ><table role="presentation" id="mx574[R:1]_inner" style="display:inline; margin-right:3px " align="right"  >
			<tr>
					<td    nowrap="nowrap"  id="mx573[R:1]_0"     valign="top" style="vertical-align:top;"><table role="presentation" control="true" id="mx572[R:1]"   width="100%"  class="  " summary=""  style="width:100%;;;vertical-align:top">				<tr   control="true" id="mx578[R:1]_0"    style="vertical-align:top;">
				<td    nowrap="nowrap"  id="mx577[R:1]_0"  align="left"   valign="top" style="vertical-align:top;"><div aria-live="polite" id="mx576[R:1]_holder" class="bc"><span ctype="label"  id="mx576[R:1]"   tabindex="0"      targetid="mx576[R:1]"  mxevent="click"  class="text label  label   anchor" style="padding:0px;padding-left:1px;padding-top:5px;padding-bottom:5px;;cursor:pointer;;;;" title="8,814,167,601">8,814,167,601</span></div></td>
				</tr>
</table>
</td>
		
				</tr>
			</table></td>
		<td role="gridcell" control="true" id="mx582[R:1]"    onmouseover="appendClass(this.parentNode,'trh')" onmouseout="removeClass(this.parentNode,'trh')" onclick="tcClick(event,'mx582[R:1]')" style="; width:;" currentrow="false" class="tc cd   cursor_hand" headers="mx354"  ><table role="presentation" id="mx582[R:1]_inner" style="display:inline; " >
			<tr>
					<td    nowrap="nowrap"  id="mx581[R:1]_0"     valign="top" style="vertical-align:top;"><table role="presentation" control="true" id="mx580[R:1]"   width="100%"  class="  " summary=""  style="width:100%;;;vertical-align:top">				<tr   control="true" id="mx586[R:1]_0"    style="vertical-align:top;">
				<td    nowrap="nowrap"  id="mx585[R:1]_0"  align="left"   valign="top" style="vertical-align:top;"><div aria-live="polite" id="mx584[R:1]_holder" class="bc"><label ctype="label"  id="mx584[R:1]"    noclick="1"   targetid="mx584[R:1]"    class="text label  label  " style="padding:0px;padding-left:1px;margin:0px;;;;;" title="7TZ">7TZ</label></div></td>
				</tr>
</table>
</td>
		
				</tr>
			</table></td>
		<td role="gridcell" control="true" id="mx590[R:1]"    onmouseover="appendClass(this.parentNode,'trh')" onmouseout="removeClass(this.parentNode,'trh')" onclick="tcClick(event,'mx590[R:1]')" style="; width:;" currentrow="false" class="tc cd   cursor_hand" headers="mx365"  ><table role="presentation" id="mx590[R:1]_inner" style="display:inline; " >
			<tr>
					<td    nowrap="nowrap"  id="mx589[R:1]_0"     valign="top" style="vertical-align:top;"><table role="presentation" control="true" id="mx588[R:1]"   width="100%"  class="  " summary=""  style="width:100%;;;vertical-align:top">				<tr   control="true" id="mx594[R:1]_0"    style="vertical-align:top;">
				<td    nowrap="nowrap"  id="mx593[R:1]_0"  align="left"   valign="top" style="vertical-align:top;"><div aria-live="polite" id="mx592[R:1]_holder" class="bc"><label ctype="label"  id="mx592[R:1]"    noclick="1"   targetid="mx592[R:1]"    class="text label  label  " style="padding:0px;padding-left:1px;margin:0px;;;;;" title="SE7">SE7</label></div></td>
				</tr>
</table>
</td>
		
				</tr>
			</table></td>
		<td role="gridcell" control="true" id="mx598[R:1]"    onmouseover="appendClass(this.parentNode,'trh')" onmouseout="removeClass(this.parentNode,'trh')" onclick="tcClick(event,'mx598[R:1]')" style="; width:;" currentrow="false" class="tc cd   cursor_hand" headers="mx376"  ><table role="presentation" id="mx598[R:1]_inner" style="display:inline; " >
			<tr>
					<td    nowrap="nowrap"  id="mx597[R:1]_0"     valign="top" style="vertical-align:top;"><table role="presentation" control="true" id="mx596[R:1]"   width="100%"  class="  " summary=""  style="width:100%;;;vertical-align:top">				<tr   control="true" id="mx602[R:1]_0"    style="vertical-align:top;">
				<td    nowrap="nowrap"  id="mx601[R:1]_0"  align="left"   valign="top" style="vertical-align:top;"><div aria-live="polite" id="mx600[R:1]_holder" class="bc"><label ctype="label"  id="mx600[R:1]"    noclick="1"   targetid="mx600[R:1]"    class="text label  label  " style="padding:0px;padding-left:1px;margin:0px;;;;;" title="LONDON BOROUGH GREENWICH">LONDON BOROUGH GREENWICH</label></div></td>
				</tr>
</table>
</td>
		
				</tr>
			</table></td>
		<td role="gridcell" control="true" id="mx606[R:1]"    onmouseover="appendClass(this.parentNode,'trh')" onmouseout="removeClass(this.parentNode,'trh')" onclick="tcClick(event,'mx606[R:1]')" style="; width:;" currentrow="false" class="tc cd   cursor_hand" headers="mx387"  ><table role="presentation" id="mx606[R:1]_inner" style="display:inline; margin-right:3px " align="right"  >
			<tr>
					<td    nowrap="nowrap"  id="mx605[R:1]_0"     valign="top" style="vertical-align:top;"><table role="presentation" control="true" id="mx604[R:1]"   width="100%"  class="  " summary=""  style="width:100%;;;vertical-align:top">				<tr   control="true" id="mx610[R:1]_0"    style="vertical-align:top;">
				<td    nowrap="nowrap"  id="mx609[R:1]_0"  align="left"   valign="top" style="vertical-align:top;"><div aria-live="polite" id="mx608[R:1]_holder" class="bc">		&nbsp;
</div></td>
				</tr>
</table>
</td>
		
				</tr>
			</table></td>
		<td role="gridcell" control="true" id="mx614[R:1]"    onmouseover="appendClass(this.parentNode,'trh')" onmouseout="removeClass(this.parentNode,'trh')" onclick="tcClick(event,'mx614[R:1]')" style="; width:;" currentrow="false" class="tc cd   cursor_hand" headers="mx398"  ><table role="presentation" id="mx614[R:1]_inner" style="display:inline; " >
			<tr>
					<td    nowrap="nowrap"  id="mx613[R:1]_0"     valign="top" style="vertical-align:top;"><table role="presentation" control="true" id="mx612[R:1]"   width="100%"  class="  " summary=""  style="width:100%;;;vertical-align:top">				<tr   control="true" id="mx618[R:1]_0"    style="vertical-align:top;">
				<td    nowrap="nowrap"  id="mx617[R:1]_0"  align="left"   valign="top" style="vertical-align:top;"><div aria-live="polite" id="mx616[R:1]_holder" class="bc"><label ctype="label"  id="mx616[R:1]"    noclick="1"   targetid="mx616[R:1]"    class="text label  label  " style="padding:0px;padding-left:1px;margin:0px;;;;;" title="SPRINGFIELD GROVE">SPRINGFIELD GROVE</label></div></td>
				</tr>
</table>
</td>
		
				</tr>
			</table></td>
		<td role="gridcell" control="true" id="mx622[R:1]"    onmouseover="appendClass(this.parentNode,'trh')" onmouseout="removeClass(this.parentNode,'trh')" onclick="tcClick(event,'mx622[R:1]')" style="; width:;" currentrow="false" class="tc cd   cursor_hand" headers="mx409"  ><table role="presentation" id="mx622[R:1]_inner" style="display:inline; " >
			<tr>
					<td    nowrap="nowrap"  id="mx621[R:1]_0"     valign="top" style="vertical-align:top;"><table role="presentation" control="true" id="mx620[R:1]"   width="100%"  class="  " summary=""  style="width:100%;;;vertical-align:top">				<tr   control="true" id="mx626[R:1]_0"    style="vertical-align:top;">
				<td    nowrap="nowrap"  id="mx625[R:1]_0"  align="left"   valign="top" style="vertical-align:top;"><div aria-live="polite" id="mx624[R:1]_holder" class="bc">		&nbsp;
</div></td>
				</tr>
</table>
</td>
		
				</tr>
			</table></td>
		<td role="gridcell" control="true" id="mx630[R:1]"    onmouseover="appendClass(this.parentNode,'trh')" onmouseout="removeClass(this.parentNode,'trh')" onclick="tcClick(event,'mx630[R:1]')" style="; width:;" currentrow="false" class="tc cd   cursor_hand" headers="mx420"  ><table role="presentation" id="mx630[R:1]_inner" style="display:inline; " >
			<tr>
					<td    nowrap="nowrap"  id="mx629[R:1]_0"     valign="top" style="vertical-align:top;"><table role="presentation" control="true" id="mx628[R:1]"   width="100%"  class="  " summary=""  style="width:100%;;;vertical-align:top">				<tr   control="true" id="mx634[R:1]_0"    style="vertical-align:top;">
				<td    nowrap="nowrap"  id="mx633[R:1]_0"  align="left"   valign="top" style="vertical-align:top;"><div aria-live="polite" id="mx632[R:1]_holder" class="bc"><label ctype="label"  id="mx632[R:1]"    noclick="1"   targetid="mx632[R:1]"    class="text label  label  " style="padding:0px;padding-left:1px;margin:0px;;;;;" title="GREATER LONDON">GREATER LONDON</label></div></td>
				</tr>
</table>
</td>
		
				</tr>
			</table></td>
		<td role="gridcell" control="true" id="mx638[R:1]"    onmouseover="appendClass(this.parentNode,'trh')" onmouseout="removeClass(this.parentNode,'trh')" onclick="tcClick(event,'mx638[R:1]')" style="; width:;" currentrow="false" class="tc cd   cursor_hand" headers="mx431"  ><table role="presentation" id="mx638[R:1]_inner" style="display:inline; " >
			<tr>
					<td    nowrap="nowrap"  id="mx637[R:1]_0"     valign="top" style="vertical-align:top;"><table role="presentation" control="true" id="mx636[R:1]"   width="100%"  class="  " summary=""  style="width:100%;;;vertical-align:top">				<tr   control="true" id="mx642[R:1]_0"    style="vertical-align:top;">
				<td    nowrap="nowrap"  id="mx641[R:1]_0"  align="left"   valign="top" style="vertical-align:top;"><div aria-live="polite" id="mx640[R:1]_holder" class="bc"><label ctype="label"  id="mx640[R:1]"    noclick="1"   targetid="mx640[R:1]"    class="text label  label  " style="padding:0px;padding-left:1px;margin:0px;;;;;" title="SOUTHERN">SOUTHERN</label></div></td>
				</tr>
</table>
</td>
		
				</tr>
			</table></td>
		<td role="gridcell" control="true" id="mx646[R:1]"    onmouseover="appendClass(this.parentNode,'trh')" onmouseout="removeClass(this.parentNode,'trh')" onclick="tcClick(event,'mx646[R:1]')" style="; width:;" currentrow="false" class="tc hl   cursor_hand" headers="mx442"  ><table role="presentation" id="mx646[R:1]_inner" style="display:inline; " >
			<tr>
					<td    nowrap="nowrap"  id="mx645[R:1]_0"     valign="top" style="vertical-align:top;"><table role="presentation" control="true" id="mx644[R:1]"   width="100%"  class="  " summary=""  style="width:100%;;;vertical-align:top">				<td    nowrap="nowrap"  id="mx649[R:1]_0"  align="left"   valign="top" style="vertical-align:top;"><div aria-live="polite" id="mx648[R:1]_holder" class="bc"><span ctype="label"  id="mx648[R:1]"   tabindex="0"      targetid="mx648[R:1]"  mxevent="click"  class="text label  label   anchor" style="display:block;;cursor:pointer;;;;" title="Add to Bookmarks"><img id='mx648[R:1]_image' src='../webclient/skins-20170809-1350/tivoli09/images/btn_addtobookmarks.gif'  border='0' alt="Add to Bookmarks" style='vertical-align:top;margin:0px;margin-left:3px;margin-right:3px;'/><span></span></span></div></td>
</table>
</td>
		
				</tr>
			</table></td>
	
	</tr>

	<tr aria-invalid="true" role="row" id="mx333[R:2]"    class="tablerow   trodd" style="display:;">
	<td headers="errtitle"><img id='mx333[R:2]_er_img' src='../webclient/skins-20170809-1350/tivoli09/images/blank.gif' style='display:none' class='tablerow_blank_icon' title="" alt=""/></td>	<td role="gridcell" control="true" id="mx574[R:2]"    onmouseover="appendClass(this.parentNode,'trh')" onmouseout="removeClass(this.parentNode,'trh')" onclick="tcClick(event,'mx574[R:2]')" style="; width:;" currentrow="false" class="tc hl   cursor_hand" headers="mx343"  ><table role="presentation" id="mx574[R:2]_inner" style="display:inline; margin-right:3px " align="right"  >
			<tr>
					<td    nowrap="nowrap"  id="mx573[R:2]_0"     valign="top" style="vertical-align:top;"><table role="presentation" control="true" id="mx572[R:2]"   width="100%"  class="  " summary=""  style="width:100%;;;vertical-align:top">				<tr   control="true" id="mx578[R:2]_0"    style="vertical-align:top;">
				<td    nowrap="nowrap"  id="mx577[R:2]_0"  align="left"   valign="top" style="vertical-align:top;"><div aria-live="polite" id="mx576[R:2]_holder" class="bc"><span ctype="label"  id="mx576[R:2]"   tabindex="0"      targetid="mx576[R:2]"  mxevent="click"  class="text label  label   anchor" style="padding:0px;padding-left:1px;padding-top:5px;padding-bottom:5px;;cursor:pointer;;;;" title="8,815,320,105">8,815,320,105</span></div></td>
				</tr>
</table>
</td>
		
				</tr>
			</table></td>
		<td role="gridcell" control="true" id="mx582[R:2]"    onmouseover="appendClass(this.parentNode,'trh')" onmouseout="removeClass(this.parentNode,'trh')" onclick="tcClick(event,'mx582[R:2]')" style="; width:;" currentrow="false" class="tc cd   cursor_hand" headers="mx354"  ><table role="presentation" id="mx582[R:2]_inner" style="display:inline; " >
			<tr>
					<td    nowrap="nowrap"  id="mx581[R:2]_0"     valign="top" style="vertical-align:top;"><table role="presentation" control="true" id="mx580[R:2]"   width="100%"  class="  " summary=""  style="width:100%;;;vertical-align:top">				<tr   control="true" id="mx586[R:2]_0"    style="vertical-align:top;">
				<td    nowrap="nowrap"  id="mx585[R:2]_0"  align="left"   valign="top" style="vertical-align:top;"><div aria-live="polite" id="mx584[R:2]_holder" class="bc"><label ctype="label"  id="mx584[R:2]"    noclick="1"   targetid="mx584[R:2]"    class="text label  label  " style="padding:0px;padding-left:1px;margin:0px;;;;;" title="6QV">6QV</label></div></td>
				</tr>
</table>
</td>
		
				</tr>
			</table></td>
		<td role="gridcell" control="true" id="mx590[R:2]"    onmouseover="appendClass(this.parentNode,'trh')" onmouseout="removeClass(this.parentNode,'trh')" onclick="tcClick(event,'mx590[R:2]')" style="; width:;" currentrow="false" class="tc cd   cursor_hand" headers="mx365"  ><table role="presentation" id="mx590[R:2]_inner" style="display:inline; " >
			<tr>
					<td    nowrap="nowrap"  id="mx589[R:2]_0"     valign="top" style="vertical-align:top;"><table role="presentation" control="true" id="mx588[R:2]"   width="100%"  class="  " summary=""  style="width:100%;;;vertical-align:top">				<tr   control="true" id="mx594[R:2]_0"    style="vertical-align:top;">
				<td    nowrap="nowrap"  id="mx593[R:2]_0"  align="left"   valign="top" style="vertical-align:top;"><div aria-live="polite" id="mx592[R:2]_holder" class="bc"><label ctype="label"  id="mx592[R:2]"    noclick="1"   targetid="mx592[R:2]"    class="text label  label  " style="padding:0px;padding-left:1px;margin:0px;;;;;" title="SW4">SW4</label></div></td>
				</tr>
</table>
</td>
		
				</tr>
			</table></td>
		<td role="gridcell" control="true" id="mx598[R:2]"    onmouseover="appendClass(this.parentNode,'trh')" onmouseout="removeClass(this.parentNode,'trh')" onclick="tcClick(event,'mx598[R:2]')" style="; width:;" currentrow="false" class="tc cd   cursor_hand" headers="mx376"  ><table role="presentation" id="mx598[R:2]_inner" style="display:inline; " >
			<tr>
					<td    nowrap="nowrap"  id="mx597[R:2]_0"     valign="top" style="vertical-align:top;"><table role="presentation" control="true" id="mx596[R:2]"   width="100%"  class="  " summary=""  style="width:100%;;;vertical-align:top">				<tr   control="true" id="mx602[R:2]_0"    style="vertical-align:top;">
				<td    nowrap="nowrap"  id="mx601[R:2]_0"  align="left"   valign="top" style="vertical-align:top;"><div aria-live="polite" id="mx600[R:2]_holder" class="bc"><label ctype="label"  id="mx600[R:2]"    noclick="1"   targetid="mx600[R:2]"    class="text label  label  " style="padding:0px;padding-left:1px;margin:0px;;;;;" title="LONDON BOROUGH LAMBETH">LONDON BOROUGH LAMBETH</label></div></td>
				</tr>
</table>
</td>
		
				</tr>
			</table></td>
		<td role="gridcell" control="true" id="mx606[R:2]"    onmouseover="appendClass(this.parentNode,'trh')" onmouseout="removeClass(this.parentNode,'trh')" onclick="tcClick(event,'mx606[R:2]')" style="; width:;" currentrow="false" class="tc cd   cursor_hand" headers="mx387"  ><table role="presentation" id="mx606[R:2]_inner" style="display:inline; margin-right:3px " align="right"  >
			<tr>
					<td    nowrap="nowrap"  id="mx605[R:2]_0"     valign="top" style="vertical-align:top;"><table role="presentation" control="true" id="mx604[R:2]"   width="100%"  class="  " summary=""  style="width:100%;;;vertical-align:top">				<tr   control="true" id="mx610[R:2]_0"    style="vertical-align:top;">
				<td    nowrap="nowrap"  id="mx609[R:2]_0"  align="left"   valign="top" style="vertical-align:top;"><div aria-live="polite" id="mx608[R:2]_holder" class="bc">		&nbsp;
</div></td>
				</tr>
</table>
</td>
		
				</tr>
			</table></td>
		<td role="gridcell" control="true" id="mx614[R:2]"    onmouseover="appendClass(this.parentNode,'trh')" onmouseout="removeClass(this.parentNode,'trh')" onclick="tcClick(event,'mx614[R:2]')" style="; width:;" currentrow="false" class="tc cd   cursor_hand" headers="mx398"  ><table role="presentation" id="mx614[R:2]_inner" style="display:inline; " >
			<tr>
					<td    nowrap="nowrap"  id="mx613[R:2]_0"     valign="top" style="vertical-align:top;"><table role="presentation" control="true" id="mx612[R:2]"   width="100%"  class="  " summary=""  style="width:100%;;;vertical-align:top">				<tr   control="true" id="mx618[R:2]_0"    style="vertical-align:top;">
				<td    nowrap="nowrap"  id="mx617[R:2]_0"  align="left"   valign="top" style="vertical-align:top;"><div aria-live="polite" id="mx616[R:2]_holder" class="bc"><label ctype="label"  id="mx616[R:2]"    noclick="1"   targetid="mx616[R:2]"    class="text label  label  " style="padding:0px;padding-left:1px;margin:0px;;;;;" title="JEFFREYS ROAD">JEFFREYS ROAD</label></div></td>
				</tr>
</table>
</td>
		
				</tr>
			</table></td>
		<td role="gridcell" control="true" id="mx622[R:2]"    onmouseover="appendClass(this.parentNode,'trh')" onmouseout="removeClass(this.parentNode,'trh')" onclick="tcClick(event,'mx622[R:2]')" style="; width:;" currentrow="false" class="tc cd   cursor_hand" headers="mx409"  ><table role="presentation" id="mx622[R:2]_inner" style="display:inline; " >
			<tr>
					<td    nowrap="nowrap"  id="mx621[R:2]_0"     valign="top" style="vertical-align:top;"><table role="presentation" control="true" id="mx620[R:2]"   width="100%"  class="  " summary=""  style="width:100%;;;vertical-align:top">				<tr   control="true" id="mx626[R:2]_0"    style="vertical-align:top;">
				<td    nowrap="nowrap"  id="mx625[R:2]_0"  align="left"   valign="top" style="vertical-align:top;"><div aria-live="polite" id="mx624[R:2]_holder" class="bc">		&nbsp;
</div></td>
				</tr>
</table>
</td>
		
				</tr>
			</table></td>
		<td role="gridcell" control="true" id="mx630[R:2]"    onmouseover="appendClass(this.parentNode,'trh')" onmouseout="removeClass(this.parentNode,'trh')" onclick="tcClick(event,'mx630[R:2]')" style="; width:;" currentrow="false" class="tc cd   cursor_hand" headers="mx420"  ><table role="presentation" id="mx630[R:2]_inner" style="display:inline; " >
			<tr>
					<td    nowrap="nowrap"  id="mx629[R:2]_0"     valign="top" style="vertical-align:top;"><table role="presentation" control="true" id="mx628[R:2]"   width="100%"  class="  " summary=""  style="width:100%;;;vertical-align:top">				<tr   control="true" id="mx634[R:2]_0"    style="vertical-align:top;">
				<td    nowrap="nowrap"  id="mx633[R:2]_0"  align="left"   valign="top" style="vertical-align:top;"><div aria-live="polite" id="mx632[R:2]_holder" class="bc"><label ctype="label"  id="mx632[R:2]"    noclick="1"   targetid="mx632[R:2]"    class="text label  label  " style="padding:0px;padding-left:1px;margin:0px;;;;;" title="GREATER LONDON">GREATER LONDON</label></div></td>
				</tr>
</table>
</td>
		
				</tr>
			</table></td>
		<td role="gridcell" control="true" id="mx638[R:2]"    onmouseover="appendClass(this.parentNode,'trh')" onmouseout="removeClass(this.parentNode,'trh')" onclick="tcClick(event,'mx638[R:2]')" style="; width:;" currentrow="false" class="tc cd   cursor_hand" headers="mx431"  ><table role="presentation" id="mx638[R:2]_inner" style="display:inline; " >
			<tr>
					<td    nowrap="nowrap"  id="mx637[R:2]_0"     valign="top" style="vertical-align:top;"><table role="presentation" control="true" id="mx636[R:2]"   width="100%"  class="  " summary=""  style="width:100%;;;vertical-align:top">				<tr   control="true" id="mx642[R:2]_0"    style="vertical-align:top;">
				<td    nowrap="nowrap"  id="mx641[R:2]_0"  align="left"   valign="top" style="vertical-align:top;"><div aria-live="polite" id="mx640[R:2]_holder" class="bc"><label ctype="label"  id="mx640[R:2]"    noclick="1"   targetid="mx640[R:2]"    class="text label  label  " style="padding:0px;padding-left:1px;margin:0px;;;;;" title="SOUTHERN">SOUTHERN</label></div></td>
				</tr>
</table>
</td>
		
				</tr>
			</table></td>
		<td role="gridcell" control="true" id="mx646[R:2]"    onmouseover="appendClass(this.parentNode,'trh')" onmouseout="removeClass(this.parentNode,'trh')" onclick="tcClick(event,'mx646[R:2]')" style="; width:;" currentrow="false" class="tc hl   cursor_hand" headers="mx442"  ><table role="presentation" id="mx646[R:2]_inner" style="display:inline; " >
			<tr>
					<td    nowrap="nowrap"  id="mx645[R:2]_0"     valign="top" style="vertical-align:top;"><table role="presentation" control="true" id="mx644[R:2]"   width="100%"  class="  " summary=""  style="width:100%;;;vertical-align:top">				<td    nowrap="nowrap"  id="mx649[R:2]_0"  align="left"   valign="top" style="vertical-align:top;"><div aria-live="polite" id="mx648[R:2]_holder" class="bc"><span ctype="label"  id="mx648[R:2]"   tabindex="0"      targetid="mx648[R:2]"  mxevent="click"  class="text label  label   anchor" style="display:block;;cursor:pointer;;;;" title="Add to Bookmarks"><img id='mx648[R:2]_image' src='../webclient/skins-20170809-1350/tivoli09/images/btn_addtobookmarks.gif'  border='0' alt="Add to Bookmarks" style='vertical-align:top;margin:0px;margin-left:3px;margin-right:3px;'/><span></span></span></div></td>
</table>
</td>
		
				</tr>
			</table></td>
	
	</tr>

	<tr aria-invalid="true" role="row" id="mx333[R:3]"    class="tablerow   treven" style="display:;">
	<td headers="errtitle"><img id='mx333[R:3]_er_img' src='../webclient/skins-20170809-1350/tivoli09/images/blank.gif' style='display:none' class='tablerow_blank_icon' title="" alt=""/></td>	<td role="gridcell" control="true" id="mx574[R:3]"    onmouseover="appendClass(this.parentNode,'trh')" onmouseout="removeClass(this.parentNode,'trh')" onclick="tcClick(event,'mx574[R:3]')" style="; width:;" currentrow="false" class="tc hl   cursor_hand" headers="mx343"  ><table role="presentation" id="mx574[R:3]_inner" style="display:inline; margin-right:3px " align="right"  >
			<tr>
					<td    nowrap="nowrap"  id="mx573[R:3]_0"     valign="top" style="vertical-align:top;"><table role="presentation" control="true" id="mx572[R:3]"   width="100%"  class="  " summary=""  style="width:100%;;;vertical-align:top">				<tr   control="true" id="mx578[R:3]_0"    style="vertical-align:top;">
				<td    nowrap="nowrap"  id="mx577[R:3]_0"  align="left"   valign="top" style="vertical-align:top;"><div aria-live="polite" id="mx576[R:3]_holder" class="bc"><span ctype="label"  id="mx576[R:3]"   tabindex="0"      targetid="mx576[R:3]"  mxevent="click"  class="text label  label   anchor" style="padding:0px;padding-left:1px;padding-top:5px;padding-bottom:5px;;cursor:pointer;;;;" title="8,817,617,004">8,817,617,004</span></div></td>
				</tr>
</table>
</td>
		
				</tr>
			</table></td>
		<td role="gridcell" control="true" id="mx582[R:3]"    onmouseover="appendClass(this.parentNode,'trh')" onmouseout="removeClass(this.parentNode,'trh')" onclick="tcClick(event,'mx582[R:3]')" style="; width:;" currentrow="false" class="tc cd   cursor_hand" headers="mx354"  ><table role="presentation" id="mx582[R:3]_inner" style="display:inline; " >
			<tr>
					<td    nowrap="nowrap"  id="mx581[R:3]_0"     valign="top" style="vertical-align:top;"><table role="presentation" control="true" id="mx580[R:3]"   width="100%"  class="  " summary=""  style="width:100%;;;vertical-align:top">				<tr   control="true" id="mx586[R:3]_0"    style="vertical-align:top;">
				<td    nowrap="nowrap"  id="mx585[R:3]_0"  align="left"   valign="top" style="vertical-align:top;"><div aria-live="polite" id="mx584[R:3]_holder" class="bc"><label ctype="label"  id="mx584[R:3]"    noclick="1"   targetid="mx584[R:3]"    class="text label  label  " style="padding:0px;padding-left:1px;margin:0px;;;;;" title="3AT">3AT</label></div></td>
				</tr>
</table>
</td>
		
				</tr>
			</table></td>
		<td role="gridcell" control="true" id="mx590[R:3]"    onmouseover="appendClass(this.parentNode,'trh')" onmouseout="removeClass(this.parentNode,'trh')" onclick="tcClick(event,'mx590[R:3]')" style="; width:;" currentrow="false" class="tc cd   cursor_hand" headers="mx365"  ><table role="presentation" id="mx590[R:3]_inner" style="display:inline; " >
			<tr>
					<td    nowrap="nowrap"  id="mx589[R:3]_0"     valign="top" style="vertical-align:top;"><table role="presentation" control="true" id="mx588[R:3]"   width="100%"  class="  " summary=""  style="width:100%;;;vertical-align:top">				<tr   control="true" id="mx594[R:3]_0"    style="vertical-align:top;">
				<td    nowrap="nowrap"  id="mx593[R:3]_0"  align="left"   valign="top" style="vertical-align:top;"><div aria-live="polite" id="mx592[R:3]_holder" class="bc"><label ctype="label"  id="mx592[R:3]"    noclick="1"   targetid="mx592[R:3]"    class="text label  label  " style="padding:0px;padding-left:1px;margin:0px;;;;;" title="SW16">SW16</label></div></td>
				</tr>
</table>
</td>
		
				</tr>
			</table></td>
		<td role="gridcell" control="true" id="mx598[R:3]"    onmouseover="appendClass(this.parentNode,'trh')" onmouseout="removeClass(this.parentNode,'trh')" onclick="tcClick(event,'mx598[R:3]')" style="; width:;" currentrow="false" class="tc cd   cursor_hand" headers="mx376"  ><table role="presentation" id="mx598[R:3]_inner" style="display:inline; " >
			<tr>
					<td    nowrap="nowrap"  id="mx597[R:3]_0"     valign="top" style="vertical-align:top;"><table role="presentation" control="true" id="mx596[R:3]"   width="100%"  class="  " summary=""  style="width:100%;;;vertical-align:top">				<tr   control="true" id="mx602[R:3]_0"    style="vertical-align:top;">
				<td    nowrap="nowrap"  id="mx601[R:3]_0"  align="left"   valign="top" style="vertical-align:top;"><div aria-live="polite" id="mx600[R:3]_holder" class="bc"><label ctype="label"  id="mx600[R:3]"    noclick="1"   targetid="mx600[R:3]"    class="text label  label  " style="padding:0px;padding-left:1px;margin:0px;;;;;" title="MRS K BARTLETT">MRS K BARTLETT</label></div></td>
				</tr>
</table>
</td>
		
				</tr>
			</table></td>
		<td role="gridcell" control="true" id="mx606[R:3]"    onmouseover="appendClass(this.parentNode,'trh')" onmouseout="removeClass(this.parentNode,'trh')" onclick="tcClick(event,'mx606[R:3]')" style="; width:;" currentrow="false" class="tc cd   cursor_hand" headers="mx387"  ><table role="presentation" id="mx606[R:3]_inner" style="display:inline; margin-right:3px " align="right"  >
			<tr>
					<td    nowrap="nowrap"  id="mx605[R:3]_0"     valign="top" style="vertical-align:top;"><table role="presentation" control="true" id="mx604[R:3]"   width="100%"  class="  " summary=""  style="width:100%;;;vertical-align:top">				<tr   control="true" id="mx610[R:3]_0"    style="vertical-align:top;">
				<td    nowrap="nowrap"  id="mx609[R:3]_0"  align="left"   valign="top" style="vertical-align:top;"><div aria-live="polite" id="mx608[R:3]_holder" class="bc"><label ctype="label"  id="mx608[R:3]"    noclick="1"   targetid="mx608[R:3]"    class="text label  label  " style="padding:0px;padding-left:1px;margin:0px;;;;;" title="3">3</label></div></td>
				</tr>
</table>
</td>
		
				</tr>
			</table></td>
		<td role="gridcell" control="true" id="mx614[R:3]"    onmouseover="appendClass(this.parentNode,'trh')" onmouseout="removeClass(this.parentNode,'trh')" onclick="tcClick(event,'mx614[R:3]')" style="; width:;" currentrow="false" class="tc cd   cursor_hand" headers="mx398"  ><table role="presentation" id="mx614[R:3]_inner" style="display:inline; " >
			<tr>
					<td    nowrap="nowrap"  id="mx613[R:3]_0"     valign="top" style="vertical-align:top;"><table role="presentation" control="true" id="mx612[R:3]"   width="100%"  class="  " summary=""  style="width:100%;;;vertical-align:top">				<tr   control="true" id="mx618[R:3]_0"    style="vertical-align:top;">
				<td    nowrap="nowrap"  id="mx617[R:3]_0"  align="left"   valign="top" style="vertical-align:top;"><div aria-live="polite" id="mx616[R:3]_holder" class="bc"><label ctype="label"  id="mx616[R:3]"    noclick="1"   targetid="mx616[R:3]"    class="text label  label  " style="padding:0px;padding-left:1px;margin:0px;;;;;" title="STRATHBROOK ROAD">STRATHBROOK ROAD</label></div></td>
				</tr>
</table>
</td>
		
				</tr>
			</table></td>
		<td role="gridcell" control="true" id="mx622[R:3]"    onmouseover="appendClass(this.parentNode,'trh')" onmouseout="removeClass(this.parentNode,'trh')" onclick="tcClick(event,'mx622[R:3]')" style="; width:;" currentrow="false" class="tc cd   cursor_hand" headers="mx409"  ><table role="presentation" id="mx622[R:3]_inner" style="display:inline; " >
			<tr>
					<td    nowrap="nowrap"  id="mx621[R:3]_0"     valign="top" style="vertical-align:top;"><table role="presentation" control="true" id="mx620[R:3]"   width="100%"  class="  " summary=""  style="width:100%;;;vertical-align:top">				<tr   control="true" id="mx626[R:3]_0"    style="vertical-align:top;">
				<td    nowrap="nowrap"  id="mx625[R:3]_0"  align="left"   valign="top" style="vertical-align:top;"><div aria-live="polite" id="mx624[R:3]_holder" class="bc">		&nbsp;
</div></td>
				</tr>
</table>
</td>
		
				</tr>
			</table></td>
		<td role="gridcell" control="true" id="mx630[R:3]"    onmouseover="appendClass(this.parentNode,'trh')" onmouseout="removeClass(this.parentNode,'trh')" onclick="tcClick(event,'mx630[R:3]')" style="; width:;" currentrow="false" class="tc cd   cursor_hand" headers="mx420"  ><table role="presentation" id="mx630[R:3]_inner" style="display:inline; " >
			<tr>
					<td    nowrap="nowrap"  id="mx629[R:3]_0"     valign="top" style="vertical-align:top;"><table role="presentation" control="true" id="mx628[R:3]"   width="100%"  class="  " summary=""  style="width:100%;;;vertical-align:top">				<tr   control="true" id="mx634[R:3]_0"    style="vertical-align:top;">
				<td    nowrap="nowrap"  id="mx633[R:3]_0"  align="left"   valign="top" style="vertical-align:top;"><div aria-live="polite" id="mx632[R:3]_holder" class="bc"><label ctype="label"  id="mx632[R:3]"    noclick="1"   targetid="mx632[R:3]"    class="text label  label  " style="padding:0px;padding-left:1px;margin:0px;;;;;" title="GREATER LONDON">GREATER LONDON</label></div></td>
				</tr>
</table>
</td>
		
				</tr>
			</table></td>
		<td role="gridcell" control="true" id="mx638[R:3]"    onmouseover="appendClass(this.parentNode,'trh')" onmouseout="removeClass(this.parentNode,'trh')" onclick="tcClick(event,'mx638[R:3]')" style="; width:;" currentrow="false" class="tc cd   cursor_hand" headers="mx431"  ><table role="presentation" id="mx638[R:3]_inner" style="display:inline; " >
			<tr>
					<td    nowrap="nowrap"  id="mx637[R:3]_0"     valign="top" style="vertical-align:top;"><table role="presentation" control="true" id="mx636[R:3]"   width="100%"  class="  " summary=""  style="width:100%;;;vertical-align:top">				<tr   control="true" id="mx642[R:3]_0"    style="vertical-align:top;">
				<td    nowrap="nowrap"  id="mx641[R:3]_0"  align="left"   valign="top" style="vertical-align:top;"><div aria-live="polite" id="mx640[R:3]_holder" class="bc"><label ctype="label"  id="mx640[R:3]"    noclick="1"   targetid="mx640[R:3]"    class="text label  label  " style="padding:0px;padding-left:1px;margin:0px;;;;;" title="SOUTHERN">SOUTHERN</label></div></td>
				</tr>
</table>
</td>
		
				</tr>
			</table></td>
		<td role="gridcell" control="true" id="mx646[R:3]"    onmouseover="appendClass(this.parentNode,'trh')" onmouseout="removeClass(this.parentNode,'trh')" onclick="tcClick(event,'mx646[R:3]')" style="; width:;" currentrow="false" class="tc hl   cursor_hand" headers="mx442"  ><table role="presentation" id="mx646[R:3]_inner" style="display:inline; " >
			<tr>
					<td    nowrap="nowrap"  id="mx645[R:3]_0"     valign="top" style="vertical-align:top;"><table role="presentation" control="true" id="mx644[R:3]"   width="100%"  class="  " summary=""  style="width:100%;;;vertical-align:top">				<td    nowrap="nowrap"  id="mx649[R:3]_0"  align="left"   valign="top" style="vertical-align:top;"><div aria-live="polite" id="mx648[R:3]_holder" class="bc"><span ctype="label"  id="mx648[R:3]"   tabindex="0"      targetid="mx648[R:3]"  mxevent="click"  class="text label  label   anchor" style="display:block;;cursor:pointer;;;;" title="Add to Bookmarks"><img id='mx648[R:3]_image' src='../webclient/skins-20170809-1350/tivoli09/images/btn_addtobookmarks.gif'  border='0' alt="Add to Bookmarks" style='vertical-align:top;margin:0px;margin-left:3px;margin-right:3px;'/><span></span></span></div></td>
</table>
</td>
		
				</tr>
			</table></td>
	
	</tr>

	<tr aria-invalid="true" role="row" id="mx333[R:4]"    class="tablerow   trodd" style="display:;">
	<td headers="errtitle"><img id='mx333[R:4]_er_img' src='../webclient/skins-20170809-1350/tivoli09/images/blank.gif' style='display:none' class='tablerow_blank_icon' title="" alt=""/></td>	<td role="gridcell" control="true" id="mx574[R:4]"    onmouseover="appendClass(this.parentNode,'trh')" onmouseout="removeClass(this.parentNode,'trh')" onclick="tcClick(event,'mx574[R:4]')" style="; width:;" currentrow="false" class="tc hl   cursor_hand" headers="mx343"  ><table role="presentation" id="mx574[R:4]_inner" style="display:inline; margin-right:3px " align="right"  >
			<tr>
					<td    nowrap="nowrap"  id="mx573[R:4]_0"     valign="top" style="vertical-align:top;"><table role="presentation" control="true" id="mx572[R:4]"   width="100%"  class="  " summary=""  style="width:100%;;;vertical-align:top">				<tr   control="true" id="mx578[R:4]_0"    style="vertical-align:top;">
				<td    nowrap="nowrap"  id="mx577[R:4]_0"  align="left"   valign="top" style="vertical-align:top;"><div aria-live="polite" id="mx576[R:4]_holder" class="bc"><span ctype="label"  id="mx576[R:4]"   tabindex="0"      targetid="mx576[R:4]"  mxevent="click"  class="text label  label   anchor" style="padding:0px;padding-left:1px;padding-top:5px;padding-bottom:5px;;cursor:pointer;;;;" title="8,817,660,005">8,817,660,005</span></div></td>
				</tr>
</table>
</td>
		
				</tr>
			</table></td>
		<td role="gridcell" control="true" id="mx582[R:4]"    onmouseover="appendClass(this.parentNode,'trh')" onmouseout="removeClass(this.parentNode,'trh')" onclick="tcClick(event,'mx582[R:4]')" style="; width:;" currentrow="false" class="tc cd   cursor_hand" headers="mx354"  ><table role="presentation" id="mx582[R:4]_inner" style="display:inline; " >
			<tr>
					<td    nowrap="nowrap"  id="mx581[R:4]_0"     valign="top" style="vertical-align:top;"><table role="presentation" control="true" id="mx580[R:4]"   width="100%"  class="  " summary=""  style="width:100%;;;vertical-align:top">				<tr   control="true" id="mx586[R:4]_0"    style="vertical-align:top;">
				<td    nowrap="nowrap"  id="mx585[R:4]_0"  align="left"   valign="top" style="vertical-align:top;"><div aria-live="polite" id="mx584[R:4]_holder" class="bc"><label ctype="label"  id="mx584[R:4]"    noclick="1"   targetid="mx584[R:4]"    class="text label  label  " style="padding:0px;padding-left:1px;margin:0px;;;;;" title="3BL">3BL</label></div></td>
				</tr>
</table>
</td>
		
				</tr>
			</table></td>
		<td role="gridcell" control="true" id="mx590[R:4]"    onmouseover="appendClass(this.parentNode,'trh')" onmouseout="removeClass(this.parentNode,'trh')" onclick="tcClick(event,'mx590[R:4]')" style="; width:;" currentrow="false" class="tc cd   cursor_hand" headers="mx365"  ><table role="presentation" id="mx590[R:4]_inner" style="display:inline; " >
			<tr>
					<td    nowrap="nowrap"  id="mx589[R:4]_0"     valign="top" style="vertical-align:top;"><table role="presentation" control="true" id="mx588[R:4]"   width="100%"  class="  " summary=""  style="width:100%;;;vertical-align:top">				<tr   control="true" id="mx594[R:4]_0"    style="vertical-align:top;">
				<td    nowrap="nowrap"  id="mx593[R:4]_0"  align="left"   valign="top" style="vertical-align:top;"><div aria-live="polite" id="mx592[R:4]_holder" class="bc"><label ctype="label"  id="mx592[R:4]"    noclick="1"   targetid="mx592[R:4]"    class="text label  label  " style="padding:0px;padding-left:1px;margin:0px;;;;;" title="SW16">SW16</label></div></td>
				</tr>
</table>
</td>
		
				</tr>
			</table></td>
		<td role="gridcell" control="true" id="mx598[R:4]"    onmouseover="appendClass(this.parentNode,'trh')" onmouseout="removeClass(this.parentNode,'trh')" onclick="tcClick(event,'mx598[R:4]')" style="; width:;" currentrow="false" class="tc cd   cursor_hand" headers="mx376"  ><table role="presentation" id="mx598[R:4]_inner" style="display:inline; " >
			<tr>
					<td    nowrap="nowrap"  id="mx597[R:4]_0"     valign="top" style="vertical-align:top;"><table role="presentation" control="true" id="mx596[R:4]"   width="100%"  class="  " summary=""  style="width:100%;;;vertical-align:top">				<tr   control="true" id="mx602[R:4]_0"    style="vertical-align:top;">
				<td    nowrap="nowrap"  id="mx601[R:4]_0"  align="left"   valign="top" style="vertical-align:top;"><div aria-live="polite" id="mx600[R:4]_holder" class="bc"><label ctype="label"  id="mx600[R:4]"    noclick="1"   targetid="mx600[R:4]"    class="text label  label  " style="padding:0px;padding-left:1px;margin:0px;;;;;" title="MR P MASCARENHAS">MR P MASCARENHAS</label></div></td>
				</tr>
</table>
</td>
		
				</tr>
			</table></td>
		<td role="gridcell" control="true" id="mx606[R:4]"    onmouseover="appendClass(this.parentNode,'trh')" onmouseout="removeClass(this.parentNode,'trh')" onclick="tcClick(event,'mx606[R:4]')" style="; width:;" currentrow="false" class="tc cd   cursor_hand" headers="mx387"  ><table role="presentation" id="mx606[R:4]_inner" style="display:inline; margin-right:3px " align="right"  >
			<tr>
					<td    nowrap="nowrap"  id="mx605[R:4]_0"     valign="top" style="vertical-align:top;"><table role="presentation" control="true" id="mx604[R:4]"   width="100%"  class="  " summary=""  style="width:100%;;;vertical-align:top">				<tr   control="true" id="mx610[R:4]_0"    style="vertical-align:top;">
				<td    nowrap="nowrap"  id="mx609[R:4]_0"  align="left"   valign="top" style="vertical-align:top;"><div aria-live="polite" id="mx608[R:4]_holder" class="bc"><label ctype="label"  id="mx608[R:4]"    noclick="1"   targetid="mx608[R:4]"    class="text label  label  " style="padding:0px;padding-left:1px;margin:0px;;;;;" title="234">234</label></div></td>
				</tr>
</table>
</td>
		
				</tr>
			</table></td>
		<td role="gridcell" control="true" id="mx614[R:4]"    onmouseover="appendClass(this.parentNode,'trh')" onmouseout="removeClass(this.parentNode,'trh')" onclick="tcClick(event,'mx614[R:4]')" style="; width:;" currentrow="false" class="tc cd   cursor_hand" headers="mx398"  ><table role="presentation" id="mx614[R:4]_inner" style="display:inline; " >
			<tr>
					<td    nowrap="nowrap"  id="mx613[R:4]_0"     valign="top" style="vertical-align:top;"><table role="presentation" control="true" id="mx612[R:4]"   width="100%"  class="  " summary=""  style="width:100%;;;vertical-align:top">				<tr   control="true" id="mx618[R:4]_0"    style="vertical-align:top;">
				<td    nowrap="nowrap"  id="mx617[R:4]_0"  align="left"   valign="top" style="vertical-align:top;"><div aria-live="polite" id="mx616[R:4]_holder" class="bc"><label ctype="label"  id="mx616[R:4]"    noclick="1"   targetid="mx616[R:4]"    class="text label  label  " style="padding:0px;padding-left:1px;margin:0px;;;;;" title="GREEN LANE">GREEN LANE</label></div></td>
				</tr>
</table>
</td>
		
				</tr>
			</table></td>
		<td role="gridcell" control="true" id="mx622[R:4]"    onmouseover="appendClass(this.parentNode,'trh')" onmouseout="removeClass(this.parentNode,'trh')" onclick="tcClick(event,'mx622[R:4]')" style="; width:;" currentrow="false" class="tc cd   cursor_hand" headers="mx409"  ><table role="presentation" id="mx622[R:4]_inner" style="display:inline; " >
			<tr>
					<td    nowrap="nowrap"  id="mx621[R:4]_0"     valign="top" style="vertical-align:top;"><table role="presentation" control="true" id="mx620[R:4]"   width="100%"  class="  " summary=""  style="width:100%;;;vertical-align:top">				<tr   control="true" id="mx626[R:4]_0"    style="vertical-align:top;">
				<td    nowrap="nowrap"  id="mx625[R:4]_0"  align="left"   valign="top" style="vertical-align:top;"><div aria-live="polite" id="mx624[R:4]_holder" class="bc">		&nbsp;
</div></td>
				</tr>
</table>
</td>
		
				</tr>
			</table></td>
		<td role="gridcell" control="true" id="mx630[R:4]"    onmouseover="appendClass(this.parentNode,'trh')" onmouseout="removeClass(this.parentNode,'trh')" onclick="tcClick(event,'mx630[R:4]')" style="; width:;" currentrow="false" class="tc cd   cursor_hand" headers="mx420"  ><table role="presentation" id="mx630[R:4]_inner" style="display:inline; " >
			<tr>
					<td    nowrap="nowrap"  id="mx629[R:4]_0"     valign="top" style="vertical-align:top;"><table role="presentation" control="true" id="mx628[R:4]"   width="100%"  class="  " summary=""  style="width:100%;;;vertical-align:top">				<tr   control="true" id="mx634[R:4]_0"    style="vertical-align:top;">
				<td    nowrap="nowrap"  id="mx633[R:4]_0"  align="left"   valign="top" style="vertical-align:top;"><div aria-live="polite" id="mx632[R:4]_holder" class="bc"><label ctype="label"  id="mx632[R:4]"    noclick="1"   targetid="mx632[R:4]"    class="text label  label  " style="padding:0px;padding-left:1px;margin:0px;;;;;" title="GREATER LONDON">GREATER LONDON</label></div></td>
				</tr>
</table>
</td>
		
				</tr>
			</table></td>
		<td role="gridcell" control="true" id="mx638[R:4]"    onmouseover="appendClass(this.parentNode,'trh')" onmouseout="removeClass(this.parentNode,'trh')" onclick="tcClick(event,'mx638[R:4]')" style="; width:;" currentrow="false" class="tc cd   cursor_hand" headers="mx431"  ><table role="presentation" id="mx638[R:4]_inner" style="display:inline; " >
			<tr>
					<td    nowrap="nowrap"  id="mx637[R:4]_0"     valign="top" style="vertical-align:top;"><table role="presentation" control="true" id="mx636[R:4]"   width="100%"  class="  " summary=""  style="width:100%;;;vertical-align:top">				<tr   control="true" id="mx642[R:4]_0"    style="vertical-align:top;">
				<td    nowrap="nowrap"  id="mx641[R:4]_0"  align="left"   valign="top" style="vertical-align:top;"><div aria-live="polite" id="mx640[R:4]_holder" class="bc"><label ctype="label"  id="mx640[R:4]"    noclick="1"   targetid="mx640[R:4]"    class="text label  label  " style="padding:0px;padding-left:1px;margin:0px;;;;;" title="SOUTHERN">SOUTHERN</label></div></td>
				</tr>
</table>
</td>
		
				</tr>
			</table></td>
		<td role="gridcell" control="true" id="mx646[R:4]"    onmouseover="appendClass(this.parentNode,'trh')" onmouseout="removeClass(this.parentNode,'trh')" onclick="tcClick(event,'mx646[R:4]')" style="; width:;" currentrow="false" class="tc hl   cursor_hand" headers="mx442"  ><table role="presentation" id="mx646[R:4]_inner" style="display:inline; " >
			<tr>
					<td    nowrap="nowrap"  id="mx645[R:4]_0"     valign="top" style="vertical-align:top;"><table role="presentation" control="true" id="mx644[R:4]"   width="100%"  class="  " summary=""  style="width:100%;;;vertical-align:top">				<td    nowrap="nowrap"  id="mx649[R:4]_0"  align="left"   valign="top" style="vertical-align:top;"><div aria-live="polite" id="mx648[R:4]_holder" class="bc"><span ctype="label"  id="mx648[R:4]"   tabindex="0"      targetid="mx648[R:4]"  mxevent="click"  class="text label  label   anchor" style="display:block;;cursor:pointer;;;;" title="Add to Bookmarks"><img id='mx648[R:4]_image' src='../webclient/skins-20170809-1350/tivoli09/images/btn_addtobookmarks.gif'  border='0' alt="Add to Bookmarks" style='vertical-align:top;margin:0px;margin-left:3px;margin-right:3px;'/><span></span></span></div></td>
</table>
</td>
		
				</tr>
			</table></td>
	
	</tr>

	<tr aria-invalid="true" role="row" id="mx333[R:5]"    class="tablerow   treven" style="display:;">
	<td headers="errtitle"><img id='mx333[R:5]_er_img' src='../webclient/skins-20170809-1350/tivoli09/images/blank.gif' style='display:none' class='tablerow_blank_icon' title="" alt=""/></td>	<td role="gridcell" control="true" id="mx574[R:5]"    onmouseover="appendClass(this.parentNode,'trh')" onmouseout="removeClass(this.parentNode,'trh')" onclick="tcClick(event,'mx574[R:5]')" style="; width:;" currentrow="false" class="tc hl   cursor_hand" headers="mx343"  ><table role="presentation" id="mx574[R:5]_inner" style="display:inline; margin-right:3px " align="right"  >
			<tr>
					<td    nowrap="nowrap"  id="mx573[R:5]_0"     valign="top" style="vertical-align:top;"><table role="presentation" control="true" id="mx572[R:5]"   width="100%"  class="  " summary=""  style="width:100%;;;vertical-align:top">				<tr   control="true" id="mx578[R:5]_0"    style="vertical-align:top;">
				<td    nowrap="nowrap"  id="mx577[R:5]_0"  align="left"   valign="top" style="vertical-align:top;"><div aria-live="polite" id="mx576[R:5]_holder" class="bc"><span ctype="label"  id="mx576[R:5]"   tabindex="0"      targetid="mx576[R:5]"  mxevent="click"  class="text label  label   anchor" style="padding:0px;padding-left:1px;padding-top:5px;padding-bottom:5px;;cursor:pointer;;;;" title="8,815,556,202">8,815,556,202</span></div></td>
				</tr>
</table>
</td>
		
				</tr>
			</table></td>
		<td role="gridcell" control="true" id="mx582[R:5]"    onmouseover="appendClass(this.parentNode,'trh')" onmouseout="removeClass(this.parentNode,'trh')" onclick="tcClick(event,'mx582[R:5]')" style="; width:;" currentrow="false" class="tc cd   cursor_hand" headers="mx354"  ><table role="presentation" id="mx582[R:5]_inner" style="display:inline; " >
			<tr>
					<td    nowrap="nowrap"  id="mx581[R:5]_0"     valign="top" style="vertical-align:top;"><table role="presentation" control="true" id="mx580[R:5]"   width="100%"  class="  " summary=""  style="width:100%;;;vertical-align:top">				<tr   control="true" id="mx586[R:5]_0"    style="vertical-align:top;">
				<td    nowrap="nowrap"  id="mx585[R:5]_0"  align="left"   valign="top" style="vertical-align:top;"><div aria-live="polite" id="mx584[R:5]_holder" class="bc"><label ctype="label"  id="mx584[R:5]"    noclick="1"   targetid="mx584[R:5]"    class="text label  label  " style="padding:0px;padding-left:1px;margin:0px;;;;;" title="5QS">5QS</label></div></td>
				</tr>
</table>
</td>
		
				</tr>
			</table></td>
		<td role="gridcell" control="true" id="mx590[R:5]"    onmouseover="appendClass(this.parentNode,'trh')" onmouseout="removeClass(this.parentNode,'trh')" onclick="tcClick(event,'mx590[R:5]')" style="; width:;" currentrow="false" class="tc cd   cursor_hand" headers="mx365"  ><table role="presentation" id="mx590[R:5]_inner" style="display:inline; " >
			<tr>
					<td    nowrap="nowrap"  id="mx589[R:5]_0"     valign="top" style="vertical-align:top;"><table role="presentation" control="true" id="mx588[R:5]"   width="100%"  class="  " summary=""  style="width:100%;;;vertical-align:top">				<tr   control="true" id="mx594[R:5]_0"    style="vertical-align:top;">
				<td    nowrap="nowrap"  id="mx593[R:5]_0"  align="left"   valign="top" style="vertical-align:top;"><div aria-live="polite" id="mx592[R:5]_holder" class="bc"><label ctype="label"  id="mx592[R:5]"    noclick="1"   targetid="mx592[R:5]"    class="text label  label  " style="padding:0px;padding-left:1px;margin:0px;;;;;" title="SE15">SE15</label></div></td>
				</tr>
</table>
</td>
		
				</tr>
			</table></td>
		<td role="gridcell" control="true" id="mx598[R:5]"    onmouseover="appendClass(this.parentNode,'trh')" onmouseout="removeClass(this.parentNode,'trh')" onclick="tcClick(event,'mx598[R:5]')" style="; width:;" currentrow="false" class="tc cd   cursor_hand" headers="mx376"  ><table role="presentation" id="mx598[R:5]_inner" style="display:inline; " >
			<tr>
					<td    nowrap="nowrap"  id="mx597[R:5]_0"     valign="top" style="vertical-align:top;"><table role="presentation" control="true" id="mx596[R:5]"   width="100%"  class="  " summary=""  style="width:100%;;;vertical-align:top">				<tr   control="true" id="mx602[R:5]_0"    style="vertical-align:top;">
				<td    nowrap="nowrap"  id="mx601[R:5]_0"  align="left"   valign="top" style="vertical-align:top;"><div aria-live="polite" id="mx600[R:5]_holder" class="bc"><label ctype="label"  id="mx600[R:5]"    noclick="1"   targetid="mx600[R:5]"    class="text label  label  " style="padding:0px;padding-left:1px;margin:0px;;;;;" title="SUMNER HOUSE">SUMNER HOUSE</label></div></td>
				</tr>
</table>
</td>
		
				</tr>
			</table></td>
		<td role="gridcell" control="true" id="mx606[R:5]"    onmouseover="appendClass(this.parentNode,'trh')" onmouseout="removeClass(this.parentNode,'trh')" onclick="tcClick(event,'mx606[R:5]')" style="; width:;" currentrow="false" class="tc cd   cursor_hand" headers="mx387"  ><table role="presentation" id="mx606[R:5]_inner" style="display:inline; margin-right:3px " align="right"  >
			<tr>
					<td    nowrap="nowrap"  id="mx605[R:5]_0"     valign="top" style="vertical-align:top;"><table role="presentation" control="true" id="mx604[R:5]"   width="100%"  class="  " summary=""  style="width:100%;;;vertical-align:top">				<tr   control="true" id="mx610[R:5]_0"    style="vertical-align:top;">
				<td    nowrap="nowrap"  id="mx609[R:5]_0"  align="left"   valign="top" style="vertical-align:top;"><div aria-live="polite" id="mx608[R:5]_holder" class="bc">		&nbsp;
</div></td>
				</tr>
</table>
</td>
		
				</tr>
			</table></td>
		<td role="gridcell" control="true" id="mx614[R:5]"    onmouseover="appendClass(this.parentNode,'trh')" onmouseout="removeClass(this.parentNode,'trh')" onclick="tcClick(event,'mx614[R:5]')" style="; width:;" currentrow="false" class="tc cd   cursor_hand" headers="mx398"  ><table role="presentation" id="mx614[R:5]_inner" style="display:inline; " >
			<tr>
					<td    nowrap="nowrap"  id="mx613[R:5]_0"     valign="top" style="vertical-align:top;"><table role="presentation" control="true" id="mx612[R:5]"   width="100%"  class="  " summary=""  style="width:100%;;;vertical-align:top">				<tr   control="true" id="mx618[R:5]_0"    style="vertical-align:top;">
				<td    nowrap="nowrap"  id="mx617[R:5]_0"  align="left"   valign="top" style="vertical-align:top;"><div aria-live="polite" id="mx616[R:5]_holder" class="bc"><label ctype="label"  id="mx616[R:5]"    noclick="1"   targetid="mx616[R:5]"    class="text label  label  " style="padding:0px;padding-left:1px;margin:0px;;;;;" title="SUMNER ROAD">SUMNER ROAD</label></div></td>
				</tr>
</table>
</td>
		
				</tr>
			</table></td>
		<td role="gridcell" control="true" id="mx622[R:5]"    onmouseover="appendClass(this.parentNode,'trh')" onmouseout="removeClass(this.parentNode,'trh')" onclick="tcClick(event,'mx622[R:5]')" style="; width:;" currentrow="false" class="tc cd   cursor_hand" headers="mx409"  ><table role="presentation" id="mx622[R:5]_inner" style="display:inline; " >
			<tr>
					<td    nowrap="nowrap"  id="mx621[R:5]_0"     valign="top" style="vertical-align:top;"><table role="presentation" control="true" id="mx620[R:5]"   width="100%"  class="  " summary=""  style="width:100%;;;vertical-align:top">				<tr   control="true" id="mx626[R:5]_0"    style="vertical-align:top;">
				<td    nowrap="nowrap"  id="mx625[R:5]_0"  align="left"   valign="top" style="vertical-align:top;"><div aria-live="polite" id="mx624[R:5]_holder" class="bc">		&nbsp;
</div></td>
				</tr>
</table>
</td>
		
				</tr>
			</table></td>
		<td role="gridcell" control="true" id="mx630[R:5]"    onmouseover="appendClass(this.parentNode,'trh')" onmouseout="removeClass(this.parentNode,'trh')" onclick="tcClick(event,'mx630[R:5]')" style="; width:;" currentrow="false" class="tc cd   cursor_hand" headers="mx420"  ><table role="presentation" id="mx630[R:5]_inner" style="display:inline; " >
			<tr>
					<td    nowrap="nowrap"  id="mx629[R:5]_0"     valign="top" style="vertical-align:top;"><table role="presentation" control="true" id="mx628[R:5]"   width="100%"  class="  " summary=""  style="width:100%;;;vertical-align:top">				<tr   control="true" id="mx634[R:5]_0"    style="vertical-align:top;">
				<td    nowrap="nowrap"  id="mx633[R:5]_0"  align="left"   valign="top" style="vertical-align:top;"><div aria-live="polite" id="mx632[R:5]_holder" class="bc"><label ctype="label"  id="mx632[R:5]"    noclick="1"   targetid="mx632[R:5]"    class="text label  label  " style="padding:0px;padding-left:1px;margin:0px;;;;;" title="GREATER LONDON">GREATER LONDON</label></div></td>
				</tr>
</table>
</td>
		
				</tr>
			</table></td>
		<td role="gridcell" control="true" id="mx638[R:5]"    onmouseover="appendClass(this.parentNode,'trh')" onmouseout="removeClass(this.parentNode,'trh')" onclick="tcClick(event,'mx638[R:5]')" style="; width:;" currentrow="false" class="tc cd   cursor_hand" headers="mx431"  ><table role="presentation" id="mx638[R:5]_inner" style="display:inline; " >
			<tr>
					<td    nowrap="nowrap"  id="mx637[R:5]_0"     valign="top" style="vertical-align:top;"><table role="presentation" control="true" id="mx636[R:5]"   width="100%"  class="  " summary=""  style="width:100%;;;vertical-align:top">				<tr   control="true" id="mx642[R:5]_0"    style="vertical-align:top;">
				<td    nowrap="nowrap"  id="mx641[R:5]_0"  align="left"   valign="top" style="vertical-align:top;"><div aria-live="polite" id="mx640[R:5]_holder" class="bc"><label ctype="label"  id="mx640[R:5]"    noclick="1"   targetid="mx640[R:5]"    class="text label  label  " style="padding:0px;padding-left:1px;margin:0px;;;;;" title="SOUTHERN">SOUTHERN</label></div></td>
				</tr>
</table>
</td>
		
				</tr>
			</table></td>
		<td role="gridcell" control="true" id="mx646[R:5]"    onmouseover="appendClass(this.parentNode,'trh')" onmouseout="removeClass(this.parentNode,'trh')" onclick="tcClick(event,'mx646[R:5]')" style="; width:;" currentrow="false" class="tc hl   cursor_hand" headers="mx442"  ><table role="presentation" id="mx646[R:5]_inner" style="display:inline; " >
			<tr>
					<td    nowrap="nowrap"  id="mx645[R:5]_0"     valign="top" style="vertical-align:top;"><table role="presentation" control="true" id="mx644[R:5]"   width="100%"  class="  " summary=""  style="width:100%;;;vertical-align:top">				<td    nowrap="nowrap"  id="mx649[R:5]_0"  align="left"   valign="top" style="vertical-align:top;"><div aria-live="polite" id="mx648[R:5]_holder" class="bc"><span ctype="label"  id="mx648[R:5]"   tabindex="0"      targetid="mx648[R:5]"  mxevent="click"  class="text label  label   anchor" style="display:block;;cursor:pointer;;;;" title="Add to Bookmarks"><img id='mx648[R:5]_image' src='../webclient/skins-20170809-1350/tivoli09/images/btn_addtobookmarks.gif'  border='0' alt="Add to Bookmarks" style='vertical-align:top;margin:0px;margin-left:3px;margin-right:3px;'/><span></span></span></div></td>
</table>
</td>
		
				</tr>
			</table></td>
	
	</tr>

	<tr aria-invalid="true" role="row" id="mx339"    class="tablerow   troddtsr" style="display:;">
					<td role='gridcell'    colspan='100' nowrap="nowrap"  id="mx338_0"  align="left" class="tsrs " valign="middle" style="vertical-align:middle;"><div aria-live="polite" id="mx337_holder" class="bc"><a  href="javascript: void(0);" ctype="toggleimage" ev="false" tabindex="0"  compid="mx337"  title="Select Specific Records"><img id="mx337"  aria-disabled="true" aria-hidden="true"  tabindex="-1" border="0" class="ti toggleselectcheckbox  " src="../webclient/skins-20170809-1350/tivoli09/images/table_cb_unchecked.gif" source="table_cb_unchecked" imgtype=".gif" ev="false" align="top" style="display:inline;margin:0px;"  alt="Select Specific Records"  /></a>
		&nbsp;<span id="mx337_label"  class="text">Select Records</span>
</div></td>

	</tr>

						</table>
					</div>
				]]></component>
<component vis="true" id="mx760_holder" compid="mx760" replacemethod="NONE"><![CDATA[
			<script>
			cancelTimerCalls();
			cancelQueryTimeout();
			dialogCount--;
			showObjs();
			var dialogToRemove=getElement("mx760_inner");
			if(dialogToRemove)
			{
				removePageAutoFill("1");
				dialogTD=dialogToRemove.parentNode;
				dialogRow=dialogTD.parentNode;
				dialogRow.deleteCell(dialogTD.cellIndex);
				removeModalWaitLayer();
			}
			</script>
		]]></component>


<deferredscript><![CDATA[focusItem('mx538',true);scrollScreen('0','0');resetLogoutTimer(true);if(tpaeConfig.validationOn) {setButtonEnabled(saveButton,false)};]]></deferredscript></server_response>