<?xml version="1.0" encoding="UTF-8" ?>
<server_response csrftoken="6k544bfh8i0h8rfj5656r8noj5">
<!-- Begin of the DIALOG -->
<component vis="true" id="mx789_holder" compid="mx789" replacemethod="addDialog"><![CDATA[			<div id='mx789_inner_dialogwait'  class='wait'>&nbsp;</div>
				<table id="mx789_inner"  role="alert"  positionAtTop="false" positionX="" positionY="" modal="true" width="400" height="50" class="dsc1 mc modal" border="0" defaultbutton="" control="true" onmousedown='hideAllMenus();'onkeypress="if(hasKeyCode(event,'KEYCODE_ESC')) {sendEvent('dialogcancel','mx789', null, null); }"ondragstart='return false;' ondblclick="toggleMinimize('mx789')"  style="visibility:hidden;" cellpadding="0px" cellspacing="0px">
			<tr id="mx789_content0" aria-live="polite"   style="" valign="top">
				<td id="mx789_inner_content"  valign="BOTTOM"  style="padding:0px; %>">
<img tabindex="0" alt="" id="msgbox_first" alt="" onfocus="moveable_onfocus(this);" src="../webclient/skins-20170809-1350/tivoli09/images/blank.gif" width="1" height="1" style="display:inline;margin:0px" firstbuttonid="first"/><table id="mx778"  width="100%" style="margin:0px;" class="" role="presentation">
			<tr>
				<td id="mx778_middle"  class="dh mh dhb  " valign="middle" align="left" width="*">
					<table role="presentation" class="" width="100%">
						<tr>
							<td valign="center" align="left" style="padding:0px;white-space:nowrap;" class="dh mh">
								<table role="presentation"  width="100%">
									<tr>
					<td id="mx778_header_0"  align="left" class="dhbsh" valign="middle" style="padding:0px;white-space:nowrap;" width:100%;></td>
					<td id="mx778_header_1"  align="left" class="dhbsh" valign="middle" style="padding:0px;white-space:nowrap;" width:100%;><div aria-live="polite" id="mx776_holder" class="bc"><h1 labelledby="mx776" style="display:inline" title="System Message"><label ctype="label"  id="mx776"    noclick="1"   targetid="mx776"    class="text dh mh  " style="display:block;padding-left:2px;padding-top:2px;;;;;" title="System Message">System Message</label></h1></div></td>
					<td id="mx778_header_2"   class="dhbsh" valign="middle" style="padding:0px;white-space:nowrap;" width="100%"><div aria-live="polite" id="mx777_holder" class="bc">	<div id="mx777" name="mx777" class="ts dh mh  "  >&nbsp;</div>
</div></td>
								</tr>
								</table>
							</td>
						</tr>
					</table>
				</td>
			</tr>
		</table></td>
			</tr>
			<tr id="mx789_content1" aria-live="polite"   style="" valign="top">
				<td id="mx789_inner_content"  valign="BOTTOM"  style="padding:0px; %>">
<table role="presentation" id="mx788"  class="dialogb" width="100%" style="position:relative;top:0px;margin:0px;" height="100%" ondblclick="cancelEvent(event);">
	<tr>
		<td class="  " style=";padding:0px;" align="">

		<table role="presentation" width="100%"  height="*" ondblclick="cancelEvent(event);">
	<tr>
		<td class="    dss" align="">
	
		&nbsp;
		
		</td>
	</tr>
</table>
<table role="presentation" width="100%"  height="-50px" ondblclick="cancelEvent(event);">
	<tr>
		<td class="db ml   dss" align="">
	
			<div id="msgbox_bodydiv" class="dbDiv"  onscroll='hideAllMenusNF()'>
	
			<table role="presentation" cellspacing="2" width="100%">
							<td      id="mx783_0"     valign="top" style="vertical-align:top;">				<td      id="mx782_0"  align="left"   valign="top" style="vertical-align:top;"><div aria-live="polite" id="mx780_holder" class="bc"><img sf="1" aria-hidden="true" active="0" ctype="image" alt=""  src="../webclient/skins-20170809-1350/tivoli09/images/st_MessageCritical.png" source="st_MessageCritical.png" imgtype="" style="display:block;margin:0px" border="0"      align="left"     id="mx780" title=""/></div></td>
				<td      id="mx782_1"  align="left"   valign="top" style="vertical-align:top;"><label ctype="label"  id="mx781"    noclick="1"   targetid="mx781"    class="text ml  " style="display:block;padding-left:2px;padding-top:2px;;;;;" title="BMXAA7094E - The entered value W114594078 is not valid. Enter a valid integer value.">BMXAA7094E - The entered value W114594078 is not valid. Enter a valid integer value.</label></td>
</td>

			</table>
			
			</div>
	
		</td>
	</tr>
</table>
<table role="presentation" width="100%"  height="*" ondblclick="cancelEvent(event);">
	<tr>
		<td class="    dss" align="right">
	
			<table role="presentation" cellspacing="2" width="100%">
			
<td colspan="7" height="0" align="right" id="mx786"  style=";white-space: nowrap;" class="invisbuttongroup">
	<div style="width:100%;;">
		<table id="mx786_table"  summary="" role="group">
			<tr>
			<td align="right" style="white-space: nowrap;">
<div aria-live="polite" id="mx791_holder" class="bc">
		<button ctype="pushbutton"      control="true" id="mx791"  class="text pb default"  style="">OK</button></div>			</td>
			</tr>
		</table>
	</div>
</td>

			</table>
			
		</td>
	</tr>
</table>

		</td>
	</tr>
</table>

<img tabindex="0" labelid="mx776" alt="" id="msgbox_last" onfocus="moveable_onfocus(this);" src="../webclient/skins-20170809-1350/tivoli09/images/blank.gif" width="1" height="1" lastbuttonid="mx791"></td>
			</tr>
		</table>
		<script>
			window.setTimeout("_initDialog('mx789','msgbox',450,true)", 50);
		</script>
]]></component>

<deferredscript><![CDATA[scrollScreen('0','0');focusItem('mx791',true);resetLogoutTimer(true);if(tpaeConfig.validationOn) {setButtonEnabled(saveButton,false)};]]></deferredscript></server_response>