<?xml version="1.0" encoding="UTF-8" ?>
<server_response csrftoken="6k544bfh8i0h8rfj5656r8noj5">
<component vis="true" id="mx85_holder" compid="mx85"><![CDATA[]]></component>
<component vis="true" id="mx86_holder" compid="mx86"><![CDATA[<input   role="combobox" aria-autocomplete="none"  id="mx86" class="fld text tbctb  ib"  sa="1"   ctype="textbox"   li="mx87" liclick="1"     style=";width:110px;"      sue="1"  readonly="readonly" type="text" title="" value="" ov="" work="1"/>]]></component>
	<compvalue id="mx86"><![CDATA[]]></compvalue>
<component vis="true" id="mx87_holder" compid="mx87"><![CDATA[<img sf="1"   ctype="image" alt="Drop-down image"  src="../webclient/skins-20170809-1350/tivoli09/images/IE_toolbar_dropdown.gif" source="IE_toolbar_dropdown" imgtype=".gif" style="cursor:default;display:block;margin:0px" border="0"  lc="mx86"  class="di " align="absmiddle"     id="mx87" tabindex="-1" title="Drop-down image"/>]]></component>
<component vis="true" id="mx88_holder" compid="mx88"><![CDATA[<img sf="1" aria-hidden="true" active="0" ctype="image" alt=""  src="../webclient/skins-20170809-1350/tivoli09/images/blank.gif" source="blank.gif" imgtype="" style="display:block;margin:0px" border="0"      align="absmiddle" width="3px" height="30px"   id="mx88" title=""/>]]></component>
<component vis="true" id="mx293_holder" compid="mx293"><![CDATA[			<li role="presentation" id="mx293" ctype="toolbarbutton" ><a role="button" id="mx293_anchor" href='javascript:setClickElementId("mx293");sendEvent("click","mx293","")'  onkeydown="itemAKey(event,this)" title="Save MPRN    CTRL+ALT+S" onfocus="appendClass(this,'onhover')" onblur="removeClass(this,'onhover')"  eventtype="SAVE" class="on" ><img role="presentation" tabindex="-1" id="mx293_image" src="../webclient/skins-20170809-1350/tivoli09/images/nav_icon_save.gif" alt="Save MPRN    CTRL+ALT+S"/></a></li>
]]></component>
<component vis="true" id="mx295_holder" compid="mx295"><![CDATA[			<li role="presentation" id="mx295" ctype="toolbarbutton" ><a role="button" id="mx295_anchor" href='javascript:setClickElementId("mx295");sendEvent("click","mx295","")'  onkeydown="itemAKey(event,this)" title="Clear Changes    CTRL+ALT+C" onfocus="appendClass(this,'onhover')" onblur="removeClass(this,'onhover')"  eventtype="CLEAR" class="on" ><img role="presentation" tabindex="-1" id="mx295_image" src="../webclient/skins-20170809-1350/tivoli09/images/nav_icon_clear.gif" alt="Clear Changes    CTRL+ALT+C"/></a></li>
]]></component>
<component vis="true" id="mx299_holder" compid="mx299"><![CDATA[			<li role="presentation" class="tbSep" style="padding-left: 6px" id="mx299" ctype="toolbarbutton" ><a role="button" id="mx299_anchor" href='javascript:setClickElementId("mx299");sendEvent("click","mx299","")'  onkeydown="itemAKey(event,this)" title="Previous MPRN    CTRL+ALT+P" onfocus="appendClass(this,'onhover')" onblur="removeClass(this,'onhover')"  eventtype="PREVIOUS" class="on" ><img role="presentation" tabindex="-1" id="mx299_image" src="../webclient/skins-20170809-1350/tivoli09/images/nav_icon_previous.gif" alt="Previous MPRN    CTRL+ALT+P"/></a></li>
]]></component>
<component vis="true" id="mx301_holder" compid="mx301"><![CDATA[			<li role="presentation" id="mx301" ctype="toolbarbutton" ><a role="button" id="mx301_anchor" href='javascript:setClickElementId("mx301");sendEvent("click","mx301","")'  onkeydown="itemAKey(event,this)" title="Next MPRN    CTRL+ALT+N" onfocus="appendClass(this,'onhover')" onblur="removeClass(this,'onhover')"  eventtype="NEXT" class="on" ><img role="presentation" tabindex="-1" id="mx301_image" src="../webclient/skins-20170809-1350/tivoli09/images/nav_icon_next.gif" alt="Next MPRN    CTRL+ALT+N"/></a></li>
]]></component>
<component vis="true" id="mx305_holder" compid="mx305"><![CDATA[			<li role="presentation" class="tbSep" style="padding-left: 6px" id="mx305" ctype="toolbarbutton" disabled="disabled"><a role="button" id="mx305_anchor" href='javascript:setClickElementId("mx305");sendEvent("click","mx305","")'  onkeydown="itemAKey(event,this)" title="Create KPI    CTRL+ALT+K" onfocus="appendClass(this,'onhover')" onblur="removeClass(this,'onhover')"  disabled="true" aria-disabled="true" eventtype="CREATEKPI" class="off" ><img role="presentation" tabindex="-1" id="mx305_image" src="../webclient/skins-20170809-1350/tivoli09/images/nav_icon_kpi.gif" alt="Create KPI    CTRL+ALT+K"/></a></li>
]]></component>

			<component vis="true" id="mx194_holder" compid="mx194"><![CDATA[<script pre='true'>publishMessage({"channel":"widgetCleanup","message":["mx803","mx819","mx847","mx872","mx888","mx940","mx989","mx1005","mx1041","mx1074","mx1090","mx1110","mx1127","mx1143","mx1187"]});</script>
				<script>
					dojo.publish("maintabchange",[{"id":"mx194","listtab":false}]);
					hideURLbar();
				</script>	
		
					<table role="presentation"  id="mx194" width="100%" class="  ">
						<!-- begin tabgroup mx194-->
				<tr   control="true" id="mx192_0"    style="vertical-align:top;">


		<td class="tabgroupback  " >
		
				<ul class="tabgroup" nowrap="nowrap" role="tablist" >
			<li role="presentation" id="mx196" ctype="tab"><a role="tab" tabindex="-1" id="mx196_anchor" title="List"  onfocus="appendClass(this,'offhover')" onblur="removeClass(this,'offhover')" class="text tablabeloff off "  onkeydown="if(event.keyCode==KEYCODE_SPACEBAR){sendEvent('click','mx196','');cancelEvent(event);}else {itemAKey(event,this)}" onmouseover="return noStatus()" href="javascript: sendEvent('click','mx196','');"><img id='mx196_er_img' src='../webclient/skins-20170809-1350/tivoli09/images/blank.gif' style='display:none' class='tab_blank_icon' title="" alt=""/>&nbsp;List</a></li>
			<li role="presentation" id="mx273" ctype="tab"><a role="tab" tabindex="0" id="mx273_anchor" title="MPRN"  onfocus="setCurrentfocusId(event, this);" class="text tablabelon on "  onkeydown="if(event.keyCode==KEYCODE_SPACEBAR){sendEvent('click','mx273','');cancelEvent(event);}else {itemAKey(event,this)}" onmouseover="return noStatus()" href="javascript: sendEvent('click','mx273','');"><img id='mx273_er_img' src='../webclient/skins-20170809-1350/tivoli09/images/blank.gif' style='display:none' class='tab_blank_icon' title="" alt=""/>&nbsp;MPRN</a></li>
			<li role="presentation" id="mx276" ctype="tab"><a role="tab" tabindex="-1" id="mx276_anchor" title="Record PSI"  onfocus="appendClass(this,'offhover')" onblur="removeClass(this,'offhover')" class="text tablabeloff off "  onkeydown="if(event.keyCode==KEYCODE_SPACEBAR){sendEvent('click','mx276','');cancelEvent(event);}else {itemAKey(event,this)}" onmouseover="return noStatus()" href="javascript: sendEvent('click','mx276','');"><img id='mx276_er_img' src='../webclient/skins-20170809-1350/tivoli09/images/blank.gif' style='display:none' class='tab_blank_icon' title="" alt=""/>&nbsp;Record PSI</a></li></ul>
		</td>
					</tr>

		<tr id="mx274"  control="true">
			<td id="mx187" class="  "  width="100%" >
				<table role="presentation" id="mx187_tabbody_table" summary="" class="tabBodyTable">
					
		<tr>
			<td id="mx804"  control="true" style="vertical-align:top;">
	
		<div id="mx804_compHolder" aria-live="polite"  style="padding:0px;margin:0px;vertical-align:top;height: 100%;display:"  >
		
			<table id="mx804_inner" role="presentation"  cellspacing="0" class="so   " cellpadding="0" height="100%" width="100%"   style="vertical-align:top;" ><tr id="mx804_1"  style="vertical-align:top;display:;" > 
	<td id="mx803" aria-live="polite"      style="display:;white-space:nowrap;padding-bottom: 2px;" class="section   " valign="top"  ><table role="presentation" control="true" id="mx802"   width="100%"  class="  " summary=""  style="width:100%;;;vertical-align:top">				<tr   control="true" id="mx808_0"    style="vertical-align:top;">

		<td id="mx811" aria-live="polite"  style="display:;;padding:0 2px;vertical-align: top" sc="true"  height="100%" class="sectioncol">
			<div id="mx811_div" style="height: 100%">
			
<table role="presentation" control="true" id="mx810"   width="100%" height="100%" class="  " summary=""  style="width:100%;height:100%;;;vertical-align:top">
		<tr>
			<td id="mx820"  control="true" style="vertical-align:top;">
	
		<div id="mx820_compHolder" aria-live="polite"  style="padding:0px;margin:0px;vertical-align:top;height: 100%;display:"  >
		
			<table id="mx820_inner" role="presentation"  cellspacing="0" class="so   " cellpadding="0" height="100%" width="100%"   style="vertical-align:top;" ><tr id="mx820_1"  style="vertical-align:top;display:;" > 
	<td id="mx819" aria-live="polite"      style="display:;white-space:nowrap;padding-bottom: 2px;" class="section   " valign="top"  ><table role="presentation" control="true" id="mx818"   width="100%"  class="  " summary=""  style="width:100%;;;vertical-align:top">				<tr   control="true" id="mx828_0"  class="  leafspacer" style="vertical-align:top;">
				<td    nowrap="nowrap"  id="mx827_0"  align="right"   valign="middle" style="vertical-align:middle;"><div aria-live="polite" id="mx822_holder" class="bc"><label ctype="label"  id="mx822"    noclick="1"   targetid="mx822"    class="text label  label  " style="display:block;padding-left:2px;padding-top:2px;;;;;" for="mx824" title="Premise Id">Premise Id:</label></div></td>
				<td    nowrap="nowrap"  id="mx827_1"     valign="middle" style="vertical-align:middle;"><div aria-live="polite" id="mx823_holder" class="bc"><img id="mx823" alt="required" align='absmiddle' src='../webclient/skins-20170809-1350/tivoli09/images/required.gif' style="visibility:hidden;" class="required "/></div><div aria-live="polite" id="mx824_holder" class="bc"><input  aria-readonly="true"  role="textbox"  id="mx824" class="fld text   fld fld_ro"     ctype="textbox"  dir="ltr" li="mx825"      style="padding-right:2px;text-align: right;;width:70.0px;"   async='1'  ae="setvalue"  tabindex="-1" readonly="readonly" type="text" title="Premise Id: 100,068,631" value="100,068,631" ov="100,068,631" work="1" fldInfo='{&quot;length&quot;:&quot;12&quot;,&quot;inttype&quot;:&quot;6&quot;,&quot;scale&quot;:&quot;0&quot;}'/></div><div aria-live="polite" id="mx825_holder" class="bc"><img sf="1" aria-hidden="true" active="0" ctype="image" alt=""  src="../webclient/skins-20170809-1350/tivoli09/images/blank.gif" source="blank" imgtype=".gif" style="display:inline;margin:0px;" border="0"  lc="mx824"    align="absmiddle" width='26px' height='26px'   id="mx825" title=""/></div></td>
				</tr>
				<tr   control="true" id="mx836_0"  class="  leafspacer" style="vertical-align:top;">
				<td    nowrap="nowrap"  id="mx835_0"  align="right"   valign="middle" style="vertical-align:middle;"><div aria-live="polite" id="mx830_holder" class="bc"><label ctype="label"  id="mx830"    noclick="1"   targetid="mx830"    class="text label  label  " style="display:block;padding-left:2px;padding-top:2px;;;;;" for="mx832" title="MPRN">MPRN:</label></div></td>
				<td    nowrap="nowrap"  id="mx835_1"     valign="middle" style="vertical-align:middle;"><div aria-live="polite" id="mx831_holder" class="bc"><img id="mx831" alt="required" align='absmiddle' src='../webclient/skins-20170809-1350/tivoli09/images/required.gif' style="visibility:hidden;" class="required "/></div><div aria-live="polite" id="mx832_holder" class="bc"><input  aria-readonly="true"  role="textbox"  id="mx832" class="fld text   fld fld_ro"     ctype="textbox"  dir="ltr" li="mx833"      style="padding-right:2px;text-align: right;;width:70.0px;"   async='1'  ae="setvalue"  tabindex="-1" readonly="readonly" type="text" title="MPRN: 546,431,208" value="546,431,208" ov="546,431,208" work="1" fldInfo='{&quot;length&quot;:&quot;10&quot;,&quot;inttype&quot;:&quot;6&quot;,&quot;scale&quot;:&quot;0&quot;,&quot;required&quot;:true}'/></div><div aria-live="polite" id="mx833_holder" class="bc"><img sf="1" aria-hidden="true" active="0" ctype="image" alt=""  src="../webclient/skins-20170809-1350/tivoli09/images/blank.gif" source="blank" imgtype=".gif" style="display:inline;margin:0px;" border="0"  lc="mx832"    align="absmiddle" width='26px' height='26px'   id="mx833" title=""/></div></td>
				</tr>
</table>
</td>
		</tr>
		
			</table>
		</div>
	
			</td>
		</tr>
	</table>

		</div>
	</td>

		<td id="mx839" aria-live="polite"  style="display:;;padding:0 2px;vertical-align: top" sc="true"  height="100%" class="sectioncol">
			<div id="mx839_div" style="height: 100%">
			
<table role="presentation" control="true" id="mx838"   width="100%" height="100%" class="  " summary=""  style="width:100%;height:100%;;;vertical-align:top">
		<tr>
			<td id="mx848"  control="true" style="vertical-align:top;">
	
		<div id="mx848_compHolder" aria-live="polite"  style="padding:0px;margin:0px;vertical-align:top;height: 100%;display:"  >
		
			<table id="mx848_inner" role="presentation"  cellspacing="0" class="so   " cellpadding="0" height="100%" width="100%"   style="vertical-align:top;" ><tr id="mx848_1"  style="vertical-align:top;display:;" > 
	<td id="mx847" aria-live="polite"      style="display:;white-space:nowrap;padding-bottom: 2px;" class="section   " valign="top"  ><table role="presentation" control="true" id="mx846"   width="100%"  class="  " summary=""  style="width:100%;;;vertical-align:top">				<tr   control="true" id="mx856_0"  class="  leafspacer" style="vertical-align:top;">
				<td    nowrap="nowrap"  id="mx855_0"  align="right"   valign="middle" style="vertical-align:middle;"><div aria-live="polite" id="mx850_holder" class="bc"><label ctype="label"  id="mx850"    noclick="1"   targetid="mx850"    class="text label  label  " style="display:block;padding-left:2px;padding-top:2px;;;;;" for="mx852" title="Status Code">Status Code:</label></div></td>
				<td    nowrap="nowrap"  id="mx855_1"     valign="middle" style="vertical-align:middle;"><div aria-live="polite" id="mx851_holder" class="bc"><img id="mx851" alt="required" align='absmiddle' src='../webclient/skins-20170809-1350/tivoli09/images/required.gif' style="visibility:hidden;" class="required "/></div><div aria-live="polite" id="mx852_holder" class="bc"><input  aria-readonly="true"  role="textbox"  id="mx852" class="fld text   fld fld_ro"     ctype="textbox"   li="mx853"     maxlength="2" style=";width:70.0px;"   async='1'  ae="setvalue"  tabindex="-1" readonly="readonly" type="text" title="Status Code: LI" value="LI" ov="LI" work="1" fldInfo='{&quot;length&quot;:&quot;2&quot;,&quot;inttype&quot;:&quot;0&quot;}'/></div><div aria-live="polite" id="mx853_holder" class="bc"><img sf="1" aria-hidden="true" active="0" ctype="image" alt=""  src="../webclient/skins-20170809-1350/tivoli09/images/blank.gif" source="blank" imgtype=".gif" style="display:inline;margin:0px;" border="0"  lc="mx852"    align="absmiddle" width='26px' height='26px'   id="mx853" title=""/></div></td>
				</tr>
				<tr   control="true" id="mx864_0"  class="  leafspacer" style="vertical-align:top;">
				<td    nowrap="nowrap"  id="mx863_0"  align="right"   valign="middle" style="vertical-align:middle;"><div aria-live="polite" id="mx858_holder" class="bc"><label ctype="label"  id="mx858"    noclick="1"   targetid="mx858"    class="text label  label  " style="display:block;padding-left:2px;padding-top:2px;;;;;" for="mx860" title="Site">Site:</label></div></td>
				<td    nowrap="nowrap"  id="mx863_1"     valign="middle" style="vertical-align:middle;"><div aria-live="polite" id="mx859_holder" class="bc"><img id="mx859" alt="required" align='absmiddle' src='../webclient/skins-20170809-1350/tivoli09/images/required.gif' style="visibility:hidden;" class="required "/></div><div aria-live="polite" id="mx860_holder" class="bc"><input  aria-readonly="true"  role="textbox"  id="mx860" class="fld text   fld fld_ro"     ctype="textbox"   li="mx861"     maxlength="8" style=";width:75.0px;"   async='1'  ae="setvalue"  tabindex="-1" readonly="readonly" type="text" title="Site: SOUTHERN" value="SOUTHERN" ov="SOUTHERN" work="1" fldInfo='{&quot;length&quot;:&quot;8&quot;,&quot;inttype&quot;:&quot;1&quot;,&quot;eventpriority&quot;:1}'/></div><div aria-live="polite" id="mx861_holder" class="bc"><img sf="1" aria-hidden="true" active="0" ctype="image" alt=""  src="../webclient/skins-20170809-1350/tivoli09/images/blank.gif" source="blank" imgtype=".gif" style="display:inline;margin:0px;" border="0"  lc="mx860"    align="absmiddle" width='26px' height='26px'   id="mx861" title=""/></div></td>
				</tr>
</table>
</td>
		</tr>
		
			</table>
		</div>
	
			</td>
		</tr>
	</table>

		</div>
	</td>
				</tr>
</table>
</td>
		</tr>
		
			</table>
		</div>
	
			</td>
		</tr>
	
		<tr>
			<td id="mx873"  control="true" style="vertical-align:top;">
	
		<div id="mx873_compHolder" aria-live="polite"  style="padding:0px;margin:0px;vertical-align:top;height: 100%;display:" class="sectionBS" >
		
			<table id="mx873_inner" role="presentation"  cellspacing="0" class="so   " cellpadding="0" height="100%" width="100%"   style="vertical-align:top;" ><tr id="mx873_0"  style="vertical-align:top;display:;" > 		<td id="mx870" class="hbouter"  style="padding:0px;;white-space:nowrap;"  role="presentation">
			<table cellspacing="0" cellpadding="0" style="width:100%;" class="" role="presentation">
				<tr>
						<td class="h_l"></td>
					<td id="mx870_header_0"  align="middle" class="hb   hbsh" valign="middle" style="padding:0px;white-space:nowrap;" width:100%;><div aria-live="polite" id="mx866_holder" class="bc"><h1 labelledby="mx866" style="display:inline" title="Address Details"><label ctype="label"  id="mx866"    noclick="1"   targetid="mx866"    class="text st  " style="display:block;padding-left:2px;padding-top:2px;;;;;" title="Address Details"><img id='mx866_er_img' src='../webclient/skins-20170809-1350/tivoli09/images/blank.gif' style='display:none' class='label_blank_icon' title="" alt=""/>Address Details</label></h1></div></td>
					<td id="mx870_header_1"  align="middle" class="hb   hbsh" valign="middle" style="padding:0px;white-space:nowrap;" width:100%;></td>
					<td id="mx870_header_2"  align="middle" class="hb   hbsh" valign="middle" style="padding:0px;white-space:nowrap;" width="100%"><div aria-live="polite" id="mx868_holder" class="bc">	<div id="mx868" name="mx868" class="text ts  ts  "  style="width:100%">&nbsp;</div>
</div></td>
					<td id="mx870_header_3"  align="middle" class="hb   hbsh" valign="middle" style="padding:0px;white-space:nowrap;" width="100%"><div aria-live="polite" id="mx869_holder" class="bc"><a  href="javascript: void(0);" ctype="toggleimage" ev="true" tabindex="0"  compid="mx869"  title="Minimize Address Details Section"><img id="mx869"  aria-disabled="true" aria-hidden="true"  tabindex="-1" border="0" class="ti   " src="../webclient/skins-20170809-1350/tivoli09/images/minimize.gif" source="minimize.gif" imgtype="" ev="true" align="top" style="display:block;margin:0px;"  alt="Minimize Address Details Section"  /></a>
</div></td>
					<td class="h_r"></td>
				</tr>
			</table>
		</td>

		</tr>
		<tr id="mx873_1"  style="vertical-align:top;display:;" > 
	<td id="mx872" aria-live="polite"      style="display:;white-space:nowrap;padding-bottom: 2px;" class="section   sectionb" valign="top"  ><table role="presentation" control="true" id="mx871"   width="100%"  class="  " summary=""  style="width:100%;;;vertical-align:top">				<tr   control="true" id="mx877_0"    style="vertical-align:top;">

		<td id="mx880" aria-live="polite"  style="display:;;padding:0 2px;vertical-align: top" sc="true"  height="100%" class="sectioncol">
			<div id="mx880_div" style="height: 100%">
			
<table role="presentation" control="true" id="mx879"   width="100%" height="100%" class="  " summary=""  style="width:100%;height:100%;;;vertical-align:top">
		<tr>
			<td id="mx889"  control="true" style="vertical-align:top;">
	
		<div id="mx889_compHolder" aria-live="polite"  style="padding:0px;margin:0px;vertical-align:top;height: 100%;display:"  >
		
			<table id="mx889_inner" role="presentation"  cellspacing="0" class="so   " cellpadding="0" height="100%" width="100%"   style="vertical-align:top;" ><tr id="mx889_1"  style="vertical-align:top;display:;" > 
	<td id="mx888" aria-live="polite"      style="display:;white-space:nowrap;padding-bottom: 2px;" class="section   " valign="top"  ><table role="presentation" control="true" id="mx887"   width="100%"  class="  " summary=""  style="width:100%;;;vertical-align:top">				<tr   control="true" id="mx897_0"  class="  leafspacer" style="vertical-align:top;">
				<td    nowrap="nowrap"  id="mx896_0"  align="right"   valign="middle" style="vertical-align:middle;"><div aria-live="polite" id="mx891_holder" class="bc"><label ctype="label"  id="mx891"    noclick="1"   targetid="mx891"    class="text label  label  " style="display:block;padding-left:2px;padding-top:2px;;;;;" for="mx893" title="Building Number">Building Number:</label></div></td>
				<td    nowrap="nowrap"  id="mx896_1"     valign="middle" style="vertical-align:middle;"><div aria-live="polite" id="mx892_holder" class="bc"><img id="mx892" alt="required" align='absmiddle' src='../webclient/skins-20170809-1350/tivoli09/images/required.gif' style="visibility:hidden;" class="required "/></div><div aria-live="polite" id="mx893_holder" class="bc"><input  aria-readonly="true"  role="textbox"  id="mx893" class="fld text   fld fld_ro"     ctype="textbox"  dir="ltr" li="mx894"      style="padding-right:2px;text-align: right;;width:75.0px;"   async='1'  ae="setvalue"  tabindex="-1" readonly="readonly" type="text" title="Building Number: 104" value="104" ov="104" work="1" fldInfo='{&quot;length&quot;:&quot;4&quot;,&quot;inttype&quot;:&quot;9&quot;,&quot;scale&quot;:&quot;0&quot;}'/></div><div aria-live="polite" id="mx894_holder" class="bc"><img sf="1" aria-hidden="true" active="0" ctype="image" alt=""  src="../webclient/skins-20170809-1350/tivoli09/images/blank.gif" source="blank" imgtype=".gif" style="display:inline;margin:0px;" border="0"  lc="mx893"    align="absmiddle" width='26px' height='26px'   id="mx894" title=""/></div></td>
				</tr>
				<tr   control="true" id="mx905_0"  class="  leafspacer" style="vertical-align:top;">
				<td    nowrap="nowrap"  id="mx904_0"  align="right"   valign="middle" style="vertical-align:middle;"><div aria-live="polite" id="mx899_holder" class="bc"><label ctype="label"  id="mx899"    noclick="1"   targetid="mx899"    class="text label  label  " style="display:block;padding-left:2px;padding-top:2px;;;;;" for="mx901" title="Building Name">Building Name:</label></div></td>
				<td    nowrap="nowrap"  id="mx904_1"     valign="middle" style="vertical-align:middle;"><div aria-live="polite" id="mx900_holder" class="bc"><img id="mx900" alt="required" align='absmiddle' src='../webclient/skins-20170809-1350/tivoli09/images/required.gif' style="visibility:hidden;" class="required "/></div><div aria-live="polite" id="mx901_holder" class="bc"><input  aria-readonly="true"  role="textbox"  id="mx901" class="fld text   fld fld_ro"     ctype="textbox"   li="mx902"     maxlength="50" style=";width:300.0px;"   async='1'  ae="setvalue"  tabindex="-1" readonly="readonly" type="text" title="Building Name: MR M ALDRIDGE" value="MR M ALDRIDGE" ov="MR M ALDRIDGE" work="1" fldInfo='{&quot;length&quot;:&quot;50&quot;,&quot;inttype&quot;:&quot;0&quot;}'/></div><div aria-live="polite" id="mx902_holder" class="bc"><img sf="1" aria-hidden="true" active="0" ctype="image" alt=""  src="../webclient/skins-20170809-1350/tivoli09/images/blank.gif" source="blank" imgtype=".gif" style="display:inline;margin:0px;" border="0"  lc="mx901"    align="absmiddle" width='26px' height='26px'   id="mx902" title=""/></div></td>
				</tr>
				<tr   control="true" id="mx913_0"  class="  leafspacer" style="vertical-align:top;">
				<td    nowrap="nowrap"  id="mx912_0"  align="right"   valign="middle" style="vertical-align:middle;"><div aria-live="polite" id="mx907_holder" class="bc"><label ctype="label"  id="mx907"    noclick="1"   targetid="mx907"    class="text label  label  " style="display:block;padding-left:2px;padding-top:2px;;;;;" for="mx909" title="Principal Street">Principal Street:</label></div></td>
				<td    nowrap="nowrap"  id="mx912_1"     valign="middle" style="vertical-align:middle;"><div aria-live="polite" id="mx908_holder" class="bc"><img id="mx908" alt="required" align='absmiddle' src='../webclient/skins-20170809-1350/tivoli09/images/required.gif' style="visibility:hidden;" class="required "/></div><div aria-live="polite" id="mx909_holder" class="bc"><input  aria-readonly="true"  role="textbox"  id="mx909" class="fld text   fld fld_ro"     ctype="textbox"   li="mx910"     maxlength="40" style=";width:300.0px;"   async='1'  ae="setvalue"  tabindex="-1" readonly="readonly" type="text" title="Principal Street: NEWLANDS PARK" value="NEWLANDS PARK" ov="NEWLANDS PARK" work="1" fldInfo='{&quot;length&quot;:&quot;40&quot;,&quot;inttype&quot;:&quot;0&quot;}'/></div><div aria-live="polite" id="mx910_holder" class="bc"><img sf="1" aria-hidden="true" active="0" ctype="image" alt=""  src="../webclient/skins-20170809-1350/tivoli09/images/blank.gif" source="blank" imgtype=".gif" style="display:inline;margin:0px;" border="0"  lc="mx909"    align="absmiddle" width='26px' height='26px'   id="mx910" title=""/></div></td>
				</tr>
				<tr   control="true" id="mx921_0"  class="  leafspacer" style="vertical-align:top;">
				<td    nowrap="nowrap"  id="mx920_0"  align="right"   valign="middle" style="vertical-align:middle;"><div aria-live="polite" id="mx915_holder" class="bc"><label ctype="label"  id="mx915"    noclick="1"   targetid="mx915"    class="text label  label  " style="display:block;padding-left:2px;padding-top:2px;;;;;" for="mx917" title="Dependant Street">Dependant Street:</label></div></td>
				<td    nowrap="nowrap"  id="mx920_1"     valign="middle" style="vertical-align:middle;"><div aria-live="polite" id="mx916_holder" class="bc"><img id="mx916" alt="required" align='absmiddle' src='../webclient/skins-20170809-1350/tivoli09/images/required.gif' style="visibility:hidden;" class="required "/></div><div aria-live="polite" id="mx917_holder" class="bc"><input  aria-readonly="true"  role="textbox"  id="mx917" class="fld text   fld fld_ro"     ctype="textbox"   li="mx918"     maxlength="40" style=";width:300.0px;"   async='1'  ae="setvalue"  tabindex="-1" readonly="readonly" type="text" title="Dependant Street" value="" ov="" work="1" fldInfo='{&quot;length&quot;:&quot;40&quot;,&quot;inttype&quot;:&quot;0&quot;}'/></div><div aria-live="polite" id="mx918_holder" class="bc"><img sf="1" aria-hidden="true" active="0" ctype="image" alt=""  src="../webclient/skins-20170809-1350/tivoli09/images/blank.gif" source="blank" imgtype=".gif" style="display:inline;margin:0px;" border="0"  lc="mx917"    align="absmiddle" width='26px' height='26px'   id="mx918" title=""/></div></td>
				</tr>
				<tr   control="true" id="mx929_0"  class="  leafspacer" style="vertical-align:top;">
				<td    nowrap="nowrap"  id="mx928_0"  align="right"   valign="middle" style="vertical-align:middle;"><div aria-live="polite" id="mx923_holder" class="bc"><label ctype="label"  id="mx923"    noclick="1"   targetid="mx923"    class="text label  label  " style="display:block;padding-left:2px;padding-top:2px;;;;;" for="mx925" title="County">County:</label></div></td>
				<td    nowrap="nowrap"  id="mx928_1"     valign="middle" style="vertical-align:middle;"><div aria-live="polite" id="mx924_holder" class="bc"><img id="mx924" alt="required" align='absmiddle' src='../webclient/skins-20170809-1350/tivoli09/images/required.gif' style="visibility:hidden;" class="required "/></div><div aria-live="polite" id="mx925_holder" class="bc"><input  aria-readonly="true"  role="textbox"  id="mx925" class="fld text   fld fld_ro"     ctype="textbox"   li="mx926"     maxlength="40" style=";width:300.0px;"   async='1'  ae="setvalue"  tabindex="-1" readonly="readonly" type="text" title="County: GREATER LONDON" value="GREATER LONDON" ov="GREATER LONDON" work="1" fldInfo='{&quot;length&quot;:&quot;40&quot;,&quot;inttype&quot;:&quot;0&quot;}'/></div><div aria-live="polite" id="mx926_holder" class="bc"><img sf="1" aria-hidden="true" active="0" ctype="image" alt=""  src="../webclient/skins-20170809-1350/tivoli09/images/blank.gif" source="blank" imgtype=".gif" style="display:inline;margin:0px;" border="0"  lc="mx925"    align="absmiddle" width='26px' height='26px'   id="mx926" title=""/></div></td>
				</tr>
</table>
</td>
		</tr>
		
			</table>
		</div>
	
			</td>
		</tr>
	</table>

		</div>
	</td>

		<td id="mx932" aria-live="polite"  style="display:;;padding:0 2px;vertical-align: top" sc="true"  height="100%" class="sectioncol">
			<div id="mx932_div" style="height: 100%">
			
<table role="presentation" control="true" id="mx931"   width="100%" height="100%" class="  " summary=""  style="width:100%;height:100%;;;vertical-align:top">
		<tr>
			<td id="mx941"  control="true" style="vertical-align:top;">
	
		<div id="mx941_compHolder" aria-live="polite"  style="padding:0px;margin:0px;vertical-align:top;height: 100%;display:"  >
		
			<table id="mx941_inner" role="presentation"  cellspacing="0" class="so   " cellpadding="0" height="100%" width="100%"   style="vertical-align:top;" ><tr id="mx941_1"  style="vertical-align:top;display:;" > 
	<td id="mx940" aria-live="polite"      style="display:;white-space:nowrap;padding-bottom: 2px;" class="section   " valign="top"  ><table role="presentation" control="true" id="mx939"   width="100%"  class="  " summary=""  style="width:100%;;;vertical-align:top">				<tr   control="true" id="mx949_0"  class="  leafspacer" style="vertical-align:top;">
				<td    nowrap="nowrap"  id="mx948_0"  align="right"   valign="middle" style="vertical-align:middle;"><div aria-live="polite" id="mx943_holder" class="bc"><label ctype="label"  id="mx943"    noclick="1"   targetid="mx943"    class="text label  label  " style="display:block;padding-left:2px;padding-top:2px;;;;;" for="mx945" title="Delivery Point Alias">Delivery Point Alias:</label></div></td>
				<td    nowrap="nowrap"  id="mx948_1"     valign="middle" style="vertical-align:middle;"><div aria-live="polite" id="mx944_holder" class="bc"><img id="mx944" alt="required" align='absmiddle' src='../webclient/skins-20170809-1350/tivoli09/images/required.gif' style="visibility:hidden;" class="required "/></div><div aria-live="polite" id="mx945_holder" class="bc"><input  aria-readonly="true"  role="textbox"  id="mx945" class="fld text   fld fld_ro"     ctype="textbox"   li="mx946"     maxlength="50" style=";width:300.0px;"   async='1'  ae="setvalue"  tabindex="-1" readonly="readonly" type="text" title="Delivery Point Alias" value="" ov="" work="1" fldInfo='{&quot;length&quot;:&quot;50&quot;,&quot;inttype&quot;:&quot;0&quot;}'/></div><div aria-live="polite" id="mx946_holder" class="bc"><img sf="1" aria-hidden="true" active="0" ctype="image" alt=""  src="../webclient/skins-20170809-1350/tivoli09/images/blank.gif" source="blank" imgtype=".gif" style="display:inline;margin:0px;" border="0"  lc="mx945"    align="absmiddle" width='26px' height='26px'   id="mx946" title=""/></div></td>
				</tr>
				<tr   control="true" id="mx957_0"  class="  leafspacer" style="vertical-align:top;">
				<td    nowrap="nowrap"  id="mx956_0"  align="right"   valign="middle" style="vertical-align:middle;"><div aria-live="polite" id="mx951_holder" class="bc"><label ctype="label"  id="mx951"    noclick="1"   targetid="mx951"    class="text label  label  " style="display:block;padding-left:2px;padding-top:2px;;;;;" for="mx953" title="Locality Name">Locality Name:</label></div></td>
				<td    nowrap="nowrap"  id="mx956_1"     valign="middle" style="vertical-align:middle;"><div aria-live="polite" id="mx952_holder" class="bc"><img id="mx952" alt="required" align='absmiddle' src='../webclient/skins-20170809-1350/tivoli09/images/required.gif' style="visibility:hidden;" class="required "/></div><div aria-live="polite" id="mx953_holder" class="bc"><input  aria-readonly="true"  role="textbox"  id="mx953" class="fld text   fld fld_ro"     ctype="textbox"   li="mx954"     maxlength="50" style=";width:300.0px;"   async='1'  ae="setvalue"  tabindex="-1" readonly="readonly" type="text" title="Locality Name" value="" ov="" work="1" fldInfo='{&quot;length&quot;:&quot;50&quot;,&quot;inttype&quot;:&quot;0&quot;}'/></div><div aria-live="polite" id="mx954_holder" class="bc"><img sf="1" aria-hidden="true" active="0" ctype="image" alt=""  src="../webclient/skins-20170809-1350/tivoli09/images/blank.gif" source="blank" imgtype=".gif" style="display:inline;margin:0px;" border="0"  lc="mx953"    align="absmiddle" width='26px' height='26px'   id="mx954" title=""/></div></td>
				</tr>
				<tr   control="true" id="mx965_0"  class="  leafspacer" style="vertical-align:top;">
				<td    nowrap="nowrap"  id="mx964_0"  align="right"   valign="middle" style="vertical-align:middle;"><div aria-live="polite" id="mx959_holder" class="bc"><label ctype="label"  id="mx959"    noclick="1"   targetid="mx959"    class="text label  label  " style="display:block;padding-left:2px;padding-top:2px;;;;;" for="mx961" title="Post Town">Post Town:</label></div></td>
				<td    nowrap="nowrap"  id="mx964_1"     valign="middle" style="vertical-align:middle;"><div aria-live="polite" id="mx960_holder" class="bc"><img id="mx960" alt="required" align='absmiddle' src='../webclient/skins-20170809-1350/tivoli09/images/required.gif' style="visibility:hidden;" class="required "/></div><div aria-live="polite" id="mx961_holder" class="bc"><input  aria-readonly="true"  role="textbox"  id="mx961" class="fld text   fld fld_ro"     ctype="textbox"   li="mx962"     maxlength="40" style=";width:300.0px;"   async='1'  ae="setvalue"  tabindex="-1" readonly="readonly" type="text" title="Post Town: LONDON" value="LONDON" ov="LONDON" work="1" fldInfo='{&quot;length&quot;:&quot;40&quot;,&quot;inttype&quot;:&quot;0&quot;}'/></div><div aria-live="polite" id="mx962_holder" class="bc"><img sf="1" aria-hidden="true" active="0" ctype="image" alt=""  src="../webclient/skins-20170809-1350/tivoli09/images/blank.gif" source="blank" imgtype=".gif" style="display:inline;margin:0px;" border="0"  lc="mx961"    align="absmiddle" width='26px' height='26px'   id="mx962" title=""/></div></td>
				</tr>
				<tr   control="true" id="mx973_0"  class="  leafspacer" style="vertical-align:top;">
				<td    nowrap="nowrap"  id="mx972_0"  align="right"   valign="middle" style="vertical-align:middle;"><div aria-live="polite" id="mx967_holder" class="bc"><label ctype="label"  id="mx967"    noclick="1"   targetid="mx967"    class="text label  label  " style="display:block;padding-left:2px;padding-top:2px;;;;;" for="mx969" title="Outcode">Outcode:</label></div></td>
				<td    nowrap="nowrap"  id="mx972_1"     valign="middle" style="vertical-align:middle;"><div aria-live="polite" id="mx968_holder" class="bc"><img id="mx968" alt="required" align='absmiddle' src='../webclient/skins-20170809-1350/tivoli09/images/required.gif' style="visibility:hidden;" class="required "/></div><div aria-live="polite" id="mx969_holder" class="bc"><input  aria-readonly="true"  role="textbox"  id="mx969" class="fld text   fld fld_ro"     ctype="textbox"   li="mx970"     maxlength="4" style=";width:75.0px;"   async='1'  ae="setvalue"  tabindex="-1" readonly="readonly" type="text" title="Outcode: SE26" value="SE26" ov="SE26" work="1" fldInfo='{&quot;length&quot;:&quot;4&quot;,&quot;inttype&quot;:&quot;0&quot;}'/></div><div aria-live="polite" id="mx970_holder" class="bc"><img sf="1" aria-hidden="true" active="0" ctype="image" alt=""  src="../webclient/skins-20170809-1350/tivoli09/images/blank.gif" source="blank" imgtype=".gif" style="display:inline;margin:0px;" border="0"  lc="mx969"    align="absmiddle" width='26px' height='26px'   id="mx970" title=""/></div></td>
				</tr>
				<tr   control="true" id="mx981_0"  class="  leafspacer" style="vertical-align:top;">
				<td    nowrap="nowrap"  id="mx980_0"  align="right"   valign="middle" style="vertical-align:middle;"><div aria-live="polite" id="mx975_holder" class="bc"><label ctype="label"  id="mx975"    noclick="1"   targetid="mx975"    class="text label  label  " style="display:block;padding-left:2px;padding-top:2px;;;;;" for="mx977" title="Incode">Incode:</label></div></td>
				<td    nowrap="nowrap"  id="mx980_1"     valign="middle" style="vertical-align:middle;"><div aria-live="polite" id="mx976_holder" class="bc"><img id="mx976" alt="required" align='absmiddle' src='../webclient/skins-20170809-1350/tivoli09/images/required.gif' style="visibility:hidden;" class="required "/></div><div aria-live="polite" id="mx977_holder" class="bc"><input  aria-readonly="true"  role="textbox"  id="mx977" class="fld text   fld fld_ro"     ctype="textbox"   li="mx978"     maxlength="4" style=";width:75.0px;"   async='1'  ae="setvalue"  tabindex="-1" readonly="readonly" type="text" title="Incode: 5NB" value="5NB" ov="5NB" work="1" fldInfo='{&quot;length&quot;:&quot;4&quot;,&quot;inttype&quot;:&quot;0&quot;}'/></div><div aria-live="polite" id="mx978_holder" class="bc"><img sf="1" aria-hidden="true" active="0" ctype="image" alt=""  src="../webclient/skins-20170809-1350/tivoli09/images/blank.gif" source="blank" imgtype=".gif" style="display:inline;margin:0px;" border="0"  lc="mx977"    align="absmiddle" width='26px' height='26px'   id="mx978" title=""/></div></td>
				</tr>
</table>
</td>
		</tr>
		
			</table>
		</div>
	
			</td>
		</tr>
	</table>

		</div>
	</td>
				</tr>
</table>
</td>
		</tr>
		
			</table>
		</div>
	
			</td>
		</tr>
	
		<tr>
			<td id="mx990"  control="true" style="vertical-align:top;">
	
		<div id="mx990_compHolder" aria-live="polite"  style="padding:0px;margin:0px;vertical-align:top;height: 100%;display:" class="sectionBS" >
		
			<table id="mx990_inner" role="presentation"  cellspacing="0" class="so   " cellpadding="0" height="100%" width="100%"   style="vertical-align:top;" ><tr id="mx990_0"  style="vertical-align:top;display:;" > 		<td id="mx987" class="hbouter"  style="padding:0px;;white-space:nowrap;"  role="presentation">
			<table cellspacing="0" cellpadding="0" style="width:100%;" class="" role="presentation">
				<tr>
						<td class="h_l"></td>
					<td id="mx987_header_0"  align="middle" class="hb   hbsh" valign="middle" style="padding:0px;white-space:nowrap;" width:100%;><div aria-live="polite" id="mx983_holder" class="bc"><h1 labelledby="mx983" style="display:inline" title="Contacts"><label ctype="label"  id="mx983"    noclick="1"   targetid="mx983"    class="text st  " style="display:block;padding-left:2px;padding-top:2px;;;;;" title="Contacts"><img id='mx983_er_img' src='../webclient/skins-20170809-1350/tivoli09/images/blank.gif' style='display:none' class='label_blank_icon' title="" alt=""/>Contacts</label></h1></div></td>
					<td id="mx987_header_1"  align="middle" class="hb   hbsh" valign="middle" style="padding:0px;white-space:nowrap;" width:100%;></td>
					<td id="mx987_header_2"  align="middle" class="hb   hbsh" valign="middle" style="padding:0px;white-space:nowrap;" width="100%"><div aria-live="polite" id="mx985_holder" class="bc">	<div id="mx985" name="mx985" class="text ts  ts  "  style="width:100%">&nbsp;</div>
</div></td>
					<td id="mx987_header_3"  align="middle" class="hb   hbsh" valign="middle" style="padding:0px;white-space:nowrap;" width="100%"><div aria-live="polite" id="mx986_holder" class="bc"><a  href="javascript: void(0);" ctype="toggleimage" ev="true" tabindex="0"  compid="mx986"  title="Minimize Contacts Section"><img id="mx986"  aria-disabled="true" aria-hidden="true"  tabindex="-1" border="0" class="ti   " src="../webclient/skins-20170809-1350/tivoli09/images/minimize.gif" source="minimize.gif" imgtype="" ev="true" align="top" style="display:block;margin:0px;"  alt="Minimize Contacts Section"  /></a>
</div></td>
					<td class="h_r"></td>
				</tr>
			</table>
		</td>

		</tr>
		<tr id="mx990_1"  style="vertical-align:top;display:;" > 
	<td id="mx989" aria-live="polite"      style="display:;white-space:nowrap;padding-bottom: 2px;" class="section   sectionb" valign="top"  ><table role="presentation" control="true" id="mx988"   width="100%"  class="  " summary=""  style="width:100%;;;vertical-align:top">				<tr   control="true" id="mx994_0"    style="vertical-align:top;">

		<td id="mx997" aria-live="polite"  style="display:;;padding:0 2px;vertical-align: top" sc="true"  height="100%" class="sectioncol">
			<div id="mx997_div" style="height: 100%">
			
<table role="presentation" control="true" id="mx996"   width="100%" height="100%" class="  " summary=""  style="width:100%;height:100%;;;vertical-align:top">
		<tr>
			<td id="mx1006"  control="true" style="vertical-align:top;">
	
		<div id="mx1006_compHolder" aria-live="polite"  style="padding:0px;margin:0px;vertical-align:top;height: 100%;display:"  >
		
			<table id="mx1006_inner" role="presentation"  cellspacing="0" class="so   " cellpadding="0" height="100%" width="100%"   style="vertical-align:top;" ><tr id="mx1006_1"  style="vertical-align:top;display:;" > 
	<td id="mx1005" aria-live="polite"      style="display:;white-space:nowrap;padding-bottom: 2px;" class="section   " valign="top"  ><table role="presentation" control="true" id="mx1004"   width="100%"  class="  " summary=""  style="width:100%;;;vertical-align:top">				<tr   control="true" id="mx1014_0"  class="  leafspacer" style="vertical-align:top;">
				<td    nowrap="nowrap"  id="mx1013_0"  align="right"   valign="middle" style="vertical-align:middle;"><div aria-live="polite" id="mx1008_holder" class="bc"><label ctype="label"  id="mx1008"    noclick="1"   targetid="mx1008"    class="text label  label  " style="display:block;padding-left:2px;padding-top:2px;;;;;" for="mx1010" title="First Name">First Name:</label></div></td>
				<td    nowrap="nowrap"  id="mx1013_1"     valign="middle" style="vertical-align:middle;"><div aria-live="polite" id="mx1009_holder" class="bc"><img id="mx1009" alt="required" align='absmiddle' src='../webclient/skins-20170809-1350/tivoli09/images/required.gif' style="visibility:hidden;" class="required "/></div><div aria-live="polite" id="mx1010_holder" class="bc"><input  aria-readonly="true"  role="textbox"  id="mx1010" class="fld text   fld fld_ro"     ctype="textbox"   li="mx1011"     maxlength="15" style=";width:75.0px;"   async='1'  ae="setvalue"  tabindex="-1" readonly="readonly" type="text" title="First Name" value="" ov="" work="1" fldInfo='{&quot;length&quot;:&quot;15&quot;,&quot;inttype&quot;:&quot;0&quot;}'/></div><div aria-live="polite" id="mx1011_holder" class="bc"><img sf="1" aria-hidden="true" active="0" ctype="image" alt=""  src="../webclient/skins-20170809-1350/tivoli09/images/blank.gif" source="blank" imgtype=".gif" style="display:inline;margin:0px;" border="0"  lc="mx1010"    align="absmiddle" width='26px' height='26px'   id="mx1011" title=""/></div></td>
				</tr>
				<tr   control="true" id="mx1022_0"  class="  leafspacer" style="vertical-align:top;">
				<td    nowrap="nowrap"  id="mx1021_0"  align="right"   valign="middle" style="vertical-align:middle;"><div aria-live="polite" id="mx1016_holder" class="bc"><label ctype="label"  id="mx1016"    noclick="1"   targetid="mx1016"    class="text label  label  " style="display:block;padding-left:2px;padding-top:2px;;;;;" for="mx1018" title="Surname">Surname:</label></div></td>
				<td    nowrap="nowrap"  id="mx1021_1"     valign="middle" style="vertical-align:middle;"><div aria-live="polite" id="mx1017_holder" class="bc"><img id="mx1017" alt="required" align='absmiddle' src='../webclient/skins-20170809-1350/tivoli09/images/required.gif' style="visibility:hidden;" class="required "/></div><div aria-live="polite" id="mx1018_holder" class="bc"><input  aria-readonly="true"  role="textbox"  id="mx1018" class="fld text   fld fld_ro"     ctype="textbox"   li="mx1019"     maxlength="60" style=";width:300.0px;"   async='1'  ae="setvalue"  tabindex="-1" readonly="readonly" type="text" title="Surname" value="" ov="" work="1" fldInfo='{&quot;length&quot;:&quot;60&quot;,&quot;inttype&quot;:&quot;0&quot;}'/></div><div aria-live="polite" id="mx1019_holder" class="bc"><img sf="1" aria-hidden="true" active="0" ctype="image" alt=""  src="../webclient/skins-20170809-1350/tivoli09/images/blank.gif" source="blank" imgtype=".gif" style="display:inline;margin:0px;" border="0"  lc="mx1018"    align="absmiddle" width='26px' height='26px'   id="mx1019" title=""/></div></td>
				</tr>
				<tr   control="true" id="mx1030_0"  class="  leafspacer" style="vertical-align:top;">
				<td    nowrap="nowrap"  id="mx1029_0"  align="right"   valign="middle" style="vertical-align:middle;"><div aria-live="polite" id="mx1024_holder" class="bc"><label ctype="label"  id="mx1024"    noclick="1"   targetid="mx1024"    class="text label  label  " style="display:block;padding-left:2px;padding-top:2px;;;;;" for="mx1026" title="Initials">Initials:</label></div></td>
				<td    nowrap="nowrap"  id="mx1029_1"     valign="middle" style="vertical-align:middle;"><div aria-live="polite" id="mx1025_holder" class="bc"><img id="mx1025" alt="required" align='absmiddle' src='../webclient/skins-20170809-1350/tivoli09/images/required.gif' style="visibility:hidden;" class="required "/></div><div aria-live="polite" id="mx1026_holder" class="bc"><input  aria-readonly="true"  role="textbox"  id="mx1026" class="fld text   fld fld_ro"     ctype="textbox"   li="mx1027"     maxlength="4" style=";width:75.0px;"   async='1'  ae="setvalue"  tabindex="-1" readonly="readonly" type="text" title="Initials" value="" ov="" work="1" fldInfo='{&quot;length&quot;:&quot;4&quot;,&quot;inttype&quot;:&quot;0&quot;}'/></div><div aria-live="polite" id="mx1027_holder" class="bc"><img sf="1" aria-hidden="true" active="0" ctype="image" alt=""  src="../webclient/skins-20170809-1350/tivoli09/images/blank.gif" source="blank" imgtype=".gif" style="display:inline;margin:0px;" border="0"  lc="mx1026"    align="absmiddle" width='26px' height='26px'   id="mx1027" title=""/></div></td>
				</tr>
</table>
</td>
		</tr>
		
			</table>
		</div>
	
			</td>
		</tr>
	</table>

		</div>
	</td>

		<td id="mx1033" aria-live="polite"  style="display:;;padding:0 2px;vertical-align: top" sc="true"  height="100%" class="sectioncol">
			<div id="mx1033_div" style="height: 100%">
			
<table role="presentation" control="true" id="mx1032"   width="100%" height="100%" class="  " summary=""  style="width:100%;height:100%;;;vertical-align:top">
		<tr>
			<td id="mx1042"  control="true" style="vertical-align:top;">
	
		<div id="mx1042_compHolder" aria-live="polite"  style="padding:0px;margin:0px;vertical-align:top;height: 100%;display:"  >
		
			<table id="mx1042_inner" role="presentation"  cellspacing="0" class="so   " cellpadding="0" height="100%" width="100%"   style="vertical-align:top;" ><tr id="mx1042_1"  style="vertical-align:top;display:;" > 
	<td id="mx1041" aria-live="polite"      style="display:;white-space:nowrap;padding-bottom: 2px;" class="section   " valign="top"  ><table role="presentation" control="true" id="mx1040"   width="100%"  class="  " summary=""  style="width:100%;;;vertical-align:top">				<tr   control="true" id="mx1050_0"  class="  leafspacer" style="vertical-align:top;">
				<td    nowrap="nowrap"  id="mx1049_0"  align="right"   valign="middle" style="vertical-align:middle;"><div aria-live="polite" id="mx1044_holder" class="bc"><label ctype="label"  id="mx1044"    noclick="1"   targetid="mx1044"    class="text label  label  " style="display:block;padding-left:2px;padding-top:2px;;;;;" for="mx1046" title="Phone Number">Phone Number:</label></div></td>
				<td    nowrap="nowrap"  id="mx1049_1"     valign="middle" style="vertical-align:middle;"><div aria-live="polite" id="mx1045_holder" class="bc"><img id="mx1045" alt="required" align='absmiddle' src='../webclient/skins-20170809-1350/tivoli09/images/required.gif' style="visibility:hidden;" class="required "/></div><div aria-live="polite" id="mx1046_holder" class="bc"><input  aria-readonly="true"  role="textbox"  id="mx1046" class="fld text   fld fld_ro"     ctype="textbox"   li="mx1047"     maxlength="25" style=";width:75.0px;"   async='1'  ae="setvalue"  tabindex="-1" readonly="readonly" type="text" title="Phone Number" value="" ov="" work="1" fldInfo='{&quot;length&quot;:&quot;25&quot;,&quot;inttype&quot;:&quot;0&quot;}'/></div><div aria-live="polite" id="mx1047_holder" class="bc"><img sf="1" aria-hidden="true" active="0" ctype="image" alt=""  src="../webclient/skins-20170809-1350/tivoli09/images/blank.gif" source="blank" imgtype=".gif" style="display:inline;margin:0px;" border="0"  lc="mx1046"    align="absmiddle" width='26px' height='26px'   id="mx1047" title=""/></div></td>
				</tr>
				<tr   control="true" id="mx1058_0"  class="  leafspacer" style="vertical-align:top;">
				<td    nowrap="nowrap"  id="mx1057_0"  align="right"   valign="middle" style="vertical-align:middle;"><div aria-live="polite" id="mx1052_holder" class="bc"><label ctype="label"  id="mx1052"    noclick="1"   targetid="mx1052"    class="text label  label  " style="display:block;padding-left:2px;padding-top:2px;;;;;" for="mx1054" title="SEUC">SEUC:</label></div></td>
				<td    nowrap="nowrap"  id="mx1057_1"     valign="middle" style="vertical-align:middle;"><div aria-live="polite" id="mx1053_holder" class="bc"><img id="mx1053" alt="required" align='absmiddle' src='../webclient/skins-20170809-1350/tivoli09/images/required.gif' style="visibility:hidden;" class="required "/></div><div aria-live="polite" id="mx1054_holder" class="bc"><input  aria-readonly="true"  role="textbox"  id="mx1054" class="fld text   fld fld_ro"     ctype="textbox"   li="mx1055"     maxlength="250" style=";width:300.0px;"   async='1'  ae="setvalue"  tabindex="-1" readonly="readonly" type="text" title="SEUC" value="" ov="" work="1" fldInfo='{&quot;length&quot;:&quot;250&quot;,&quot;inttype&quot;:&quot;0&quot;}'/></div><div aria-live="polite" id="mx1055_holder" class="bc"><img sf="1" aria-hidden="true" active="0" ctype="image" alt=""  src="../webclient/skins-20170809-1350/tivoli09/images/blank.gif" source="blank" imgtype=".gif" style="display:inline;margin:0px;" border="0"  lc="mx1054"    align="absmiddle" width='26px' height='26px'   id="mx1055" title=""/></div></td>
				</tr>
				<tr   control="true" id="mx1066_0"  class="  leafspacer" style="vertical-align:top;">
				<td    nowrap="nowrap"  id="mx1065_0"  align="right"   valign="middle" style="vertical-align:middle;"><div aria-live="polite" id="mx1060_holder" class="bc"><label ctype="label"  id="mx1060"    noclick="1"   targetid="mx1060"    class="text label  label  " style="display:block;padding-left:2px;padding-top:2px;;;;;" for="mx1062" title="Special Instruction">Special Instruction:</label></div></td>
				<td    nowrap="nowrap"  id="mx1065_1"     valign="middle" style="vertical-align:middle;"><div aria-live="polite" id="mx1061_holder" class="bc"><img id="mx1061" alt="required" align='absmiddle' src='../webclient/skins-20170809-1350/tivoli09/images/required.gif' style="visibility:hidden;" class="required "/></div><div aria-live="polite" id="mx1062_holder" class="bc"><input  aria-readonly="true"  role="textbox"  id="mx1062" class="fld text   fld fld_ro"     ctype="textbox"   li="mx1063"     maxlength="40" style=";width:300.0px;"   async='1'  ae="setvalue"  tabindex="-1" readonly="readonly" type="text" title="Special Instruction" value="" ov="" work="1" fldInfo='{&quot;length&quot;:&quot;40&quot;,&quot;inttype&quot;:&quot;0&quot;}'/></div><div aria-live="polite" id="mx1063_holder" class="bc"><img sf="1" aria-hidden="true" active="0" ctype="image" alt=""  src="../webclient/skins-20170809-1350/tivoli09/images/blank.gif" source="blank" imgtype=".gif" style="display:inline;margin:0px;" border="0"  lc="mx1062"    align="absmiddle" width='26px' height='26px'   id="mx1063" title=""/></div></td>
				</tr>
</table>
</td>
		</tr>
		
			</table>
		</div>
	
			</td>
		</tr>
	</table>

		</div>
	</td>
				</tr>
</table>
</td>
		</tr>
		
			</table>
		</div>
	
			</td>
		</tr>
	
		<tr>
			<td id="mx1075"  control="true" style="vertical-align:top;">
	
		<div id="mx1075_compHolder" aria-live="polite"  style="padding:0px;margin:0px;vertical-align:top;height: 100%;display:" class="sectionBS" >
		
			<table id="mx1075_inner" role="presentation"  cellspacing="0" class="so   " cellpadding="0" height="100%" width="100%"   style="vertical-align:top;" ><tr id="mx1075_0"  style="vertical-align:top;display:;" > 		<td id="mx1072" class="hbouter"  style="padding:0px;;white-space:nowrap;"  role="presentation">
			<table cellspacing="0" cellpadding="0" style="width:100%;" class="" role="presentation">
				<tr>
						<td class="h_l"></td>
					<td id="mx1072_header_0"  align="middle" class="hb   hbsh" valign="middle" style="padding:0px;white-space:nowrap;" width:100%;><div aria-live="polite" id="mx1068_holder" class="bc"><h1 labelledby="mx1068" style="display:inline" title="Supplier Details"><label ctype="label"  id="mx1068"    noclick="1"   targetid="mx1068"    class="text st  " style="display:block;padding-left:2px;padding-top:2px;;;;;" title="Supplier Details"><img id='mx1068_er_img' src='../webclient/skins-20170809-1350/tivoli09/images/blank.gif' style='display:none' class='label_blank_icon' title="" alt=""/>Supplier Details</label></h1></div></td>
					<td id="mx1072_header_1"  align="middle" class="hb   hbsh" valign="middle" style="padding:0px;white-space:nowrap;" width:100%;></td>
					<td id="mx1072_header_2"  align="middle" class="hb   hbsh" valign="middle" style="padding:0px;white-space:nowrap;" width="100%"><div aria-live="polite" id="mx1070_holder" class="bc">	<div id="mx1070" name="mx1070" class="text ts  ts  "  style="width:100%">&nbsp;</div>
</div></td>
					<td id="mx1072_header_3"  align="middle" class="hb   hbsh" valign="middle" style="padding:0px;white-space:nowrap;" width="100%"><div aria-live="polite" id="mx1071_holder" class="bc"><a  href="javascript: void(0);" ctype="toggleimage" ev="true" tabindex="0"  compid="mx1071"  title="Minimize Supplier Details Section"><img id="mx1071"  aria-disabled="true" aria-hidden="true"  tabindex="-1" border="0" class="ti   " src="../webclient/skins-20170809-1350/tivoli09/images/minimize.gif" source="minimize.gif" imgtype="" ev="true" align="top" style="display:block;margin:0px;"  alt="Minimize Supplier Details Section"  /></a>
</div></td>
					<td class="h_r"></td>
				</tr>
			</table>
		</td>

		</tr>
		<tr id="mx1075_1"  style="vertical-align:top;display:;" > 
	<td id="mx1074" aria-live="polite"      style="display:;white-space:nowrap;padding-bottom: 2px;" class="section   sectionb" valign="top"  ><table role="presentation" control="true" id="mx1073"   width="100%"  class="  " summary=""  style="width:100%;;;vertical-align:top">				<tr   control="true" id="mx1079_0"    style="vertical-align:top;">

		<td id="mx1082" aria-live="polite"  style="display:;;padding:0 2px;vertical-align: top" sc="true"  height="100%" class="sectioncol">
			<div id="mx1082_div" style="height: 100%">
			
<table role="presentation" control="true" id="mx1081"   width="100%" height="100%" class="  " summary=""  style="width:100%;height:100%;;;vertical-align:top">
		<tr>
			<td id="mx1091"  control="true" style="vertical-align:top;">
	
		<div id="mx1091_compHolder" aria-live="polite"  style="padding:0px;margin:0px;vertical-align:top;height: 100%;display:"  >
		
			<table id="mx1091_inner" role="presentation"  cellspacing="0" class="so   " cellpadding="0" height="100%" width="100%"   style="vertical-align:top;" ><tr id="mx1091_1"  style="vertical-align:top;display:;" > 
	<td id="mx1090" aria-live="polite"      style="display:;white-space:nowrap;padding-bottom: 2px;" class="section   " valign="top"  ><table role="presentation" control="true" id="mx1089"   width="100%"  class="  " summary=""  style="width:100%;;;vertical-align:top">				<tr   control="true" id="mx1099_0"  class="  leafspacer" style="vertical-align:top;">
				<td    nowrap="nowrap"  id="mx1098_0"  align="right"   valign="middle" style="vertical-align:middle;"><div aria-live="polite" id="mx1093_holder" class="bc"><label ctype="label"  id="mx1093"    noclick="1"   targetid="mx1093"    class="text label  label  " style="display:block;padding-left:2px;padding-top:2px;;;;;" for="mx1095" title="Supplier Code">Supplier Code:</label></div></td>
				<td    nowrap="nowrap"  id="mx1098_1"     valign="middle" style="vertical-align:middle;"><div aria-live="polite" id="mx1094_holder" class="bc"><img id="mx1094" alt="required" align='absmiddle' src='../webclient/skins-20170809-1350/tivoli09/images/required.gif' style="visibility:hidden;" class="required "/></div><div aria-live="polite" id="mx1095_holder" class="bc"><input  aria-readonly="true"  role="textbox"  id="mx1095" class="fld text   fld fld_ro"     ctype="textbox"   li="mx1096"     maxlength="3" style=";width:75.0px;"   async='1'  ae="setvalue"  tabindex="-1" readonly="readonly" type="text" title="Supplier Code: NRZ" value="NRZ" ov="NRZ" work="1" fldInfo='{&quot;length&quot;:&quot;3&quot;,&quot;inttype&quot;:&quot;0&quot;}'/></div><div aria-live="polite" id="mx1096_holder" class="bc"><img sf="1" aria-hidden="true" active="0" ctype="image" alt=""  src="../webclient/skins-20170809-1350/tivoli09/images/blank.gif" source="blank" imgtype=".gif" style="display:inline;margin:0px;" border="0"  lc="mx1095"    align="absmiddle" width='26px' height='26px'   id="mx1096" title=""/></div></td>
				</tr>
</table>
</td>
		</tr>
		
			</table>
		</div>
	
			</td>
		</tr>
	</table>

		</div>
	</td>

		<td id="mx1102" aria-live="polite"  style="display:;;padding:0 2px;vertical-align: top" sc="true"  height="100%" class="sectioncol">
			<div id="mx1102_div" style="height: 100%">
			
<table role="presentation" control="true" id="mx1101"   width="100%" height="100%" class="  " summary=""  style="width:100%;height:100%;;;vertical-align:top">
		<tr>
			<td id="mx1111"  control="true" style="vertical-align:top;">
	
		<div id="mx1111_compHolder" aria-live="polite"  style="padding:0px;margin:0px;vertical-align:top;height: 100%;display:"  >
		
			<table id="mx1111_inner" role="presentation"  cellspacing="0" class="so   " cellpadding="0" height="100%" width="100%"   style="vertical-align:top;" ><tr id="mx1111_1"  style="vertical-align:top;display:;" > 
	<td id="mx1110" aria-live="polite"      style="display:;white-space:nowrap;padding-bottom: 2px;" class="section   " valign="top"  ><table role="presentation" control="true" id="mx1109"   width="100%"  class="  " summary=""  style="width:100%;;;vertical-align:top">				<tr   control="true" id="mx1119_0"  class="  leafspacer" style="vertical-align:top;">
				<td    nowrap="nowrap"  id="mx1118_0"  align="right"   valign="middle" style="vertical-align:middle;"><div aria-live="polite" id="mx1113_holder" class="bc"><label ctype="label"  id="mx1113"    noclick="1"   targetid="mx1113"    class="text label  label  " style="display:block;padding-left:2px;padding-top:2px;;;;;" for="mx1115" title="Supplier Name">Supplier Name:</label></div></td>
				<td    nowrap="nowrap"  id="mx1118_1"     valign="middle" style="vertical-align:middle;"><div aria-live="polite" id="mx1114_holder" class="bc"><img id="mx1114" alt="required" align='absmiddle' src='../webclient/skins-20170809-1350/tivoli09/images/required.gif' style="visibility:hidden;" class="required "/></div><div aria-live="polite" id="mx1115_holder" class="bc"><input  aria-readonly="true"  role="textbox"  id="mx1115" class="fld text   fld fld_ro"     ctype="textbox"   li="mx1116"     maxlength="40" style=";width:300.0px;"   async='1'  ae="setvalue"  tabindex="-1" readonly="readonly" type="text" title="Supplier Name: Npower Northern Limited" value="Npower Northern Limited" ov="Npower Northern Limited" work="1" fldInfo='{&quot;length&quot;:&quot;40&quot;,&quot;inttype&quot;:&quot;0&quot;}'/></div><div aria-live="polite" id="mx1116_holder" class="bc"><img sf="1" aria-hidden="true" active="0" ctype="image" alt=""  src="../webclient/skins-20170809-1350/tivoli09/images/blank.gif" source="blank" imgtype=".gif" style="display:inline;margin:0px;" border="0"  lc="mx1115"    align="absmiddle" width='26px' height='26px'   id="mx1116" title=""/></div></td>
				</tr>
</table>
</td>
		</tr>
		
			</table>
		</div>
	
			</td>
		</tr>
	</table>

		</div>
	</td>
				</tr>
</table>
</td>
		</tr>
		
			</table>
		</div>
	
			</td>
		</tr>
	
		<tr>
			<td id="mx1128"  control="true" style="vertical-align:top;">
	
		<div id="mx1128_compHolder" aria-live="polite"  style="padding:0px;margin:0px;vertical-align:top;height: 100%;display:" class="sectionBS" >
		
			<table id="mx1128_inner" role="presentation"  cellspacing="0" class="so   " cellpadding="0" height="100%" width="100%"   style="vertical-align:top;" ><tr id="mx1128_0"  style="vertical-align:top;display:;" > 		<td id="mx1125" class="hbouter"  style="padding:0px;;white-space:nowrap;"  role="presentation">
			<table cellspacing="0" cellpadding="0" style="width:100%;" class="" role="presentation">
				<tr>
						<td class="h_l"></td>
					<td id="mx1125_header_0"  align="middle" class="hb   hbsh" valign="middle" style="padding:0px;white-space:nowrap;" width:100%;><div aria-live="polite" id="mx1121_holder" class="bc"><h1 labelledby="mx1121" style="display:inline" title="Meter Details"><label ctype="label"  id="mx1121"    noclick="1"   targetid="mx1121"    class="text st  " style="display:block;padding-left:2px;padding-top:2px;;;;;" title="Meter Details"><img id='mx1121_er_img' src='../webclient/skins-20170809-1350/tivoli09/images/blank.gif' style='display:none' class='label_blank_icon' title="" alt=""/>Meter Details</label></h1></div></td>
					<td id="mx1125_header_1"  align="middle" class="hb   hbsh" valign="middle" style="padding:0px;white-space:nowrap;" width:100%;></td>
					<td id="mx1125_header_2"  align="middle" class="hb   hbsh" valign="middle" style="padding:0px;white-space:nowrap;" width="100%"><div aria-live="polite" id="mx1123_holder" class="bc">	<div id="mx1123" name="mx1123" class="text ts  ts  "  style="width:100%">&nbsp;</div>
</div></td>
					<td id="mx1125_header_3"  align="middle" class="hb   hbsh" valign="middle" style="padding:0px;white-space:nowrap;" width="100%"><div aria-live="polite" id="mx1124_holder" class="bc"><a  href="javascript: void(0);" ctype="toggleimage" ev="true" tabindex="0"  compid="mx1124"  title="Minimize Meter Details Section"><img id="mx1124"  aria-disabled="true" aria-hidden="true"  tabindex="-1" border="0" class="ti   " src="../webclient/skins-20170809-1350/tivoli09/images/minimize.gif" source="minimize.gif" imgtype="" ev="true" align="top" style="display:block;margin:0px;"  alt="Minimize Meter Details Section"  /></a>
</div></td>
					<td class="h_r"></td>
				</tr>
			</table>
		</td>

		</tr>
		<tr id="mx1128_1"  style="vertical-align:top;display:;" > 
	<td id="mx1127" aria-live="polite"      style="display:;white-space:nowrap;padding-bottom: 2px;" class="section   sectionb" valign="top"  ><table role="presentation" control="true" id="mx1126"   width="100%"  class="  " summary=""  style="width:100%;;;vertical-align:top">				<tr   control="true" id="mx1132_0"    style="vertical-align:top;">

		<td id="mx1135" aria-live="polite"  style="display:;;padding:0 2px;vertical-align: top" sc="true"  height="100%" class="sectioncol">
			<div id="mx1135_div" style="height: 100%">
			
<table role="presentation" control="true" id="mx1134"   width="100%" height="100%" class="  " summary=""  style="width:100%;height:100%;;;vertical-align:top">
		<tr>
			<td id="mx1144"  control="true" style="vertical-align:top;">
	
		<div id="mx1144_compHolder" aria-live="polite"  style="padding:0px;margin:0px;vertical-align:top;height: 100%;display:"  >
		
			<table id="mx1144_inner" role="presentation"  cellspacing="0" class="so   " cellpadding="0" height="100%" width="100%"   style="vertical-align:top;" ><tr id="mx1144_1"  style="vertical-align:top;display:;" > 
	<td id="mx1143" aria-live="polite"      style="display:;white-space:nowrap;padding-bottom: 2px;" class="section   " valign="top"  ><table role="presentation" control="true" id="mx1142"   width="100%"  class="  " summary=""  style="width:100%;;;vertical-align:top">				<tr   control="true" id="mx1152_0"  class="  leafspacer" style="vertical-align:top;">
				<td    nowrap="nowrap"  id="mx1151_0"  align="right"   valign="middle" style="vertical-align:middle;"><div aria-live="polite" id="mx1146_holder" class="bc"><label ctype="label"  id="mx1146"    noclick="1"   targetid="mx1146"    class="text label  label  " style="display:block;padding-left:2px;padding-top:2px;;;;;" for="mx1148" title="Meter Serial Number">Meter Serial Number:</label></div></td>
				<td    nowrap="nowrap"  id="mx1151_1"     valign="middle" style="vertical-align:middle;"><div aria-live="polite" id="mx1147_holder" class="bc"><img id="mx1147" alt="required" align='absmiddle' src='../webclient/skins-20170809-1350/tivoli09/images/required.gif' style="visibility:hidden;" class="required "/></div><div aria-live="polite" id="mx1148_holder" class="bc"><input  aria-readonly="true"  role="textbox"  id="mx1148" class="fld text   fld fld_ro"     ctype="textbox"   li="mx1149"     maxlength="14" style=";width:75.0px;"   async='1'  ae="setvalue"  tabindex="-1" readonly="readonly" type="text" title="Meter Serial Number: 0585801" value="0585801" ov="0585801" work="1" fldInfo='{&quot;length&quot;:&quot;14&quot;,&quot;inttype&quot;:&quot;0&quot;}'/></div><div aria-live="polite" id="mx1149_holder" class="bc"><img sf="1" aria-hidden="true" active="0" ctype="image" alt=""  src="../webclient/skins-20170809-1350/tivoli09/images/blank.gif" source="blank" imgtype=".gif" style="display:inline;margin:0px;" border="0"  lc="mx1148"    align="absmiddle" width='26px' height='26px'   id="mx1149" title=""/></div></td>
				</tr>
				<tr   control="true" id="mx1160_0"  class="  leafspacer" style="vertical-align:top;">
				<td    nowrap="nowrap"  id="mx1159_0"  align="right"   valign="middle" style="vertical-align:middle;"><div aria-live="polite" id="mx1154_holder" class="bc"><label ctype="label"  id="mx1154"    noclick="1"   targetid="mx1154"    class="text label  label  " style="display:block;padding-left:2px;padding-top:2px;;;;;" for="mx1156" title="Meter Mechanism">Meter Mechanism:</label></div></td>
				<td    nowrap="nowrap"  id="mx1159_1"     valign="middle" style="vertical-align:middle;"><div aria-live="polite" id="mx1155_holder" class="bc"><img id="mx1155" alt="required" align='absmiddle' src='../webclient/skins-20170809-1350/tivoli09/images/required.gif' style="visibility:hidden;" class="required "/></div><div aria-live="polite" id="mx1156_holder" class="bc"><input  aria-readonly="true"  role="textbox"  id="mx1156" class="fld text   fld fld_ro"     ctype="textbox"   li="mx1157"     maxlength="3" style=";width:75.0px;"   async='1'  ae="setvalue"  tabindex="-1" readonly="readonly" type="text" title="Meter Mechanism: CR" value="CR" ov="CR" work="1" fldInfo='{&quot;length&quot;:&quot;3&quot;,&quot;inttype&quot;:&quot;0&quot;}'/></div><div aria-live="polite" id="mx1157_holder" class="bc"><img sf="1" aria-hidden="true" active="0" ctype="image" alt=""  src="../webclient/skins-20170809-1350/tivoli09/images/blank.gif" source="blank" imgtype=".gif" style="display:inline;margin:0px;" border="0"  lc="mx1156"    align="absmiddle" width='26px' height='26px'   id="mx1157" title=""/></div></td>
				</tr>
				<tr   control="true" id="mx1168_0"  class="  leafspacer" style="vertical-align:top;">
				<td    nowrap="nowrap"  id="mx1167_0"  align="right"   valign="middle" style="vertical-align:middle;"><div aria-live="polite" id="mx1162_holder" class="bc"><label ctype="label"  id="mx1162"    noclick="1"   targetid="mx1162"    class="text label  label  " style="display:block;padding-left:2px;padding-top:2px;;;;;" for="mx1164" title="Model">Model:</label></div></td>
				<td    nowrap="nowrap"  id="mx1167_1"     valign="middle" style="vertical-align:middle;"><div aria-live="polite" id="mx1163_holder" class="bc"><img id="mx1163" alt="required" align='absmiddle' src='../webclient/skins-20170809-1350/tivoli09/images/required.gif' style="visibility:hidden;" class="required "/></div><div aria-live="polite" id="mx1164_holder" class="bc"><input  aria-readonly="true"  role="textbox"  id="mx1164" class="fld text   fld fld_ro"     ctype="textbox"   li="mx1165"     maxlength="10" style=";width:75.0px;"   async='1'  ae="setvalue"  tabindex="-1" readonly="readonly" type="text" title="Model: U6" value="U6" ov="U6" work="1" fldInfo='{&quot;length&quot;:&quot;10&quot;,&quot;inttype&quot;:&quot;0&quot;}'/></div><div aria-live="polite" id="mx1165_holder" class="bc"><img sf="1" aria-hidden="true" active="0" ctype="image" alt=""  src="../webclient/skins-20170809-1350/tivoli09/images/blank.gif" source="blank" imgtype=".gif" style="display:inline;margin:0px;" border="0"  lc="mx1164"    align="absmiddle" width='26px' height='26px'   id="mx1165" title=""/></div></td>
				</tr>
				<tr   control="true" id="mx1176_0"  class="  leafspacer" style="vertical-align:top;">
				<td    nowrap="nowrap"  id="mx1175_0"  align="right"   valign="middle" style="vertical-align:middle;"><div aria-live="polite" id="mx1170_holder" class="bc"><label ctype="label"  id="mx1170"    noclick="1"   targetid="mx1170"    class="text label  label  " style="display:block;padding-left:2px;padding-top:2px;;;;;" for="mx1172" title="Status">Status:</label></div></td>
				<td    nowrap="nowrap"  id="mx1175_1"     valign="middle" style="vertical-align:middle;"><div aria-live="polite" id="mx1171_holder" class="bc"><img id="mx1171" alt="required" align='absmiddle' src='../webclient/skins-20170809-1350/tivoli09/images/required.gif' style="visibility:hidden;" class="required "/></div><div aria-live="polite" id="mx1172_holder" class="bc"><input  aria-readonly="true"  role="textbox"  id="mx1172" class="fld text   fld fld_ro"     ctype="textbox"   li="mx1173"     maxlength="2" style=";width:70.0px;"   async='1'  ae="setvalue"  tabindex="-1" readonly="readonly" type="text" title="Status: LI" value="LI" ov="LI" work="1" fldInfo='{&quot;length&quot;:&quot;2&quot;,&quot;inttype&quot;:&quot;0&quot;}'/></div><div aria-live="polite" id="mx1173_holder" class="bc"><img sf="1" aria-hidden="true" active="0" ctype="image" alt=""  src="../webclient/skins-20170809-1350/tivoli09/images/blank.gif" source="blank" imgtype=".gif" style="display:inline;margin:0px;" border="0"  lc="mx1172"    align="absmiddle" width='26px' height='26px'   id="mx1173" title=""/></div></td>
				</tr>
</table>
</td>
		</tr>
		
			</table>
		</div>
	
			</td>
		</tr>
	</table>

		</div>
	</td>

		<td id="mx1179" aria-live="polite"  style="display:;;padding:0 2px;vertical-align: top" sc="true"  height="100%" class="sectioncol">
			<div id="mx1179_div" style="height: 100%">
			
<table role="presentation" control="true" id="mx1178"   width="100%" height="100%" class="  " summary=""  style="width:100%;height:100%;;;vertical-align:top">
		<tr>
			<td id="mx1188"  control="true" style="vertical-align:top;">
	
		<div id="mx1188_compHolder" aria-live="polite"  style="padding:0px;margin:0px;vertical-align:top;height: 100%;display:"  >
		
			<table id="mx1188_inner" role="presentation"  cellspacing="0" class="so   " cellpadding="0" height="100%" width="100%"   style="vertical-align:top;" ><tr id="mx1188_1"  style="vertical-align:top;display:;" > 
	<td id="mx1187" aria-live="polite"      style="display:;white-space:nowrap;padding-bottom: 2px;" class="section   " valign="top"  ><table role="presentation" control="true" id="mx1186"   width="100%"  class="  " summary=""  style="width:100%;;;vertical-align:top">				<tr   control="true" id="mx1196_0"  class="  leafspacer" style="vertical-align:top;">
				<td    nowrap="nowrap"  id="mx1195_0"  align="right"   valign="middle" style="vertical-align:middle;"><div aria-live="polite" id="mx1190_holder" class="bc"><label ctype="label"  id="mx1190"    noclick="1"   targetid="mx1190"    class="text label  label  " style="display:block;padding-left:2px;padding-top:2px;;;;;" for="mx1192" title="Dial or Digit">Dial or Digit:</label></div></td>
				<td    nowrap="nowrap"  id="mx1195_1"     valign="middle" style="vertical-align:middle;"><div aria-live="polite" id="mx1191_holder" class="bc"><img id="mx1191" alt="required" align='absmiddle' src='../webclient/skins-20170809-1350/tivoli09/images/required.gif' style="visibility:hidden;" class="required "/></div><div aria-live="polite" id="mx1192_holder" class="bc"><input  aria-readonly="true"  role="textbox"  id="mx1192" class="fld text   fld fld_ro"     ctype="textbox"   li="mx1193"     maxlength="2" style=";width:70.0px;"   async='1'  ae="setvalue"  tabindex="-1" readonly="readonly" type="text" title="Dial or Digit: 4" value="4" ov="4" work="1" fldInfo='{&quot;length&quot;:&quot;2&quot;,&quot;inttype&quot;:&quot;0&quot;}'/></div><div aria-live="polite" id="mx1193_holder" class="bc"><img sf="1" aria-hidden="true" active="0" ctype="image" alt=""  src="../webclient/skins-20170809-1350/tivoli09/images/blank.gif" source="blank" imgtype=".gif" style="display:inline;margin:0px;" border="0"  lc="mx1192"    align="absmiddle" width='26px' height='26px'   id="mx1193" title=""/></div></td>
				</tr>
				<tr   control="true" id="mx1204_0"  class="  leafspacer" style="vertical-align:top;">
				<td    nowrap="nowrap"  id="mx1203_0"  align="right"   valign="middle" style="vertical-align:middle;"><div aria-live="polite" id="mx1198_holder" class="bc"><label ctype="label"  id="mx1198"    noclick="1"   targetid="mx1198"    class="text label  label  " style="display:block;padding-left:2px;padding-top:2px;;;;;" for="mx1200" title="Reading Factor">Reading Factor:</label></div></td>
				<td    nowrap="nowrap"  id="mx1203_1"     valign="middle" style="vertical-align:middle;"><div aria-live="polite" id="mx1199_holder" class="bc"><img id="mx1199" alt="required" align='absmiddle' src='../webclient/skins-20170809-1350/tivoli09/images/required.gif' style="visibility:hidden;" class="required "/></div><div aria-live="polite" id="mx1200_holder" class="bc"><input  aria-readonly="true"  role="textbox"  id="mx1200" class="fld text   fld fld_ro"     ctype="textbox"  dir="ltr" li="mx1201"      style="padding-right:2px;text-align: right;;width:75.0px;"   async='1'  ae="setvalue"  tabindex="-1" readonly="readonly" type="text" title="Reading Factor: 1" value="1" ov="1" work="1" fldInfo='{&quot;length&quot;:&quot;8&quot;,&quot;inttype&quot;:&quot;9&quot;,&quot;scale&quot;:&quot;0&quot;}'/></div><div aria-live="polite" id="mx1201_holder" class="bc"><img sf="1" aria-hidden="true" active="0" ctype="image" alt=""  src="../webclient/skins-20170809-1350/tivoli09/images/blank.gif" source="blank" imgtype=".gif" style="display:inline;margin:0px;" border="0"  lc="mx1200"    align="absmiddle" width='26px' height='26px'   id="mx1201" title=""/></div></td>
				</tr>
				<tr   control="true" id="mx1212_0"  class="  leafspacer" style="vertical-align:top;">
				<td    nowrap="nowrap"  id="mx1211_0"  align="right"   valign="middle" style="vertical-align:middle;"><div aria-live="polite" id="mx1206_holder" class="bc"><label ctype="label"  id="mx1206"    noclick="1"   targetid="mx1206"    class="text label  label  " style="display:block;padding-left:2px;padding-top:2px;;;;;" for="mx1208" title="Meter Type">Meter Type:</label></div></td>
				<td    nowrap="nowrap"  id="mx1211_1"     valign="middle" style="vertical-align:middle;"><div aria-live="polite" id="mx1207_holder" class="bc"><img id="mx1207" alt="required" align='absmiddle' src='../webclient/skins-20170809-1350/tivoli09/images/required.gif' style="visibility:hidden;" class="required "/></div><div aria-live="polite" id="mx1208_holder" class="bc"><input  aria-readonly="true"  role="textbox"  id="mx1208" class="fld text   fld fld_ro"     ctype="textbox"   li="mx1209"     maxlength="1" style=";width:70.0px;"   async='1'  ae="setvalue"  tabindex="-1" readonly="readonly" type="text" title="Meter Type: S" value="S" ov="S" work="1" fldInfo='{&quot;length&quot;:&quot;1&quot;,&quot;inttype&quot;:&quot;0&quot;}'/></div><div aria-live="polite" id="mx1209_holder" class="bc"><img sf="1" aria-hidden="true" active="0" ctype="image" alt=""  src="../webclient/skins-20170809-1350/tivoli09/images/blank.gif" source="blank" imgtype=".gif" style="display:inline;margin:0px;" border="0"  lc="mx1208"    align="absmiddle" width='26px' height='26px'   id="mx1209" title=""/></div></td>
				</tr>
				<tr   control="true" id="mx1220_0"  class="  leafspacer" style="vertical-align:top;">
				<td    nowrap="nowrap"  id="mx1219_0"  align="right"   valign="middle" style="vertical-align:middle;"><div aria-live="polite" id="mx1214_holder" class="bc"><label ctype="label"  id="mx1214"    noclick="1"   targetid="mx1214"    class="text label  label  " style="display:block;padding-left:2px;padding-top:2px;;;;;" for="mx1216" title="Flow Rate">Flow Rate:</label></div></td>
				<td    nowrap="nowrap"  id="mx1219_1"     valign="middle" style="vertical-align:middle;"><div aria-live="polite" id="mx1215_holder" class="bc"><img id="mx1215" alt="required" align='absmiddle' src='../webclient/skins-20170809-1350/tivoli09/images/required.gif' style="visibility:hidden;" class="required "/></div><div aria-live="polite" id="mx1216_holder" class="bc"><input  aria-readonly="true"  role="textbox"  id="mx1216" class="fld text   fld fld_ro"     ctype="textbox"   li="mx1217"     maxlength="4" style=";width:75.0px;"   async='1'  ae="setvalue"  tabindex="-1" readonly="readonly" type="text" title="Flow Rate: SCFH" value="SCFH" ov="SCFH" work="1" fldInfo='{&quot;length&quot;:&quot;4&quot;,&quot;inttype&quot;:&quot;0&quot;}'/></div><div aria-live="polite" id="mx1217_holder" class="bc"><img sf="1" aria-hidden="true" active="0" ctype="image" alt=""  src="../webclient/skins-20170809-1350/tivoli09/images/blank.gif" source="blank" imgtype=".gif" style="display:inline;margin:0px;" border="0"  lc="mx1216"    align="absmiddle" width='26px' height='26px'   id="mx1217" title=""/></div></td>
				</tr>
</table>
</td>
		</tr>
		
			</table>
		</div>
	
			</td>
		</tr>
	</table>

		</div>
	</td>
				</tr>
</table>
</td>
		</tr>
		
			</table>
		</div>
	
			</td>
		</tr>
	
				</table><!-- end of tabbody -->
			</td>
		</tr>

						<!-- end   tabgroup mx194-->
					</table>

			]]></component>


<deferredscript><![CDATA[focusItem('mx824',true);scrollScreen('0','0');resetLogoutTimer(true);if(tpaeConfig.validationOn) {setButtonEnabled(saveButton,false)};]]></deferredscript></server_response>