<?xml version="1.0" encoding="UTF-8" ?>
<server_response csrftoken="6k544bfh8i0h8rfj5656r8noj5">
		<deferredscript><![CDATA[
			menus._destroyMenus();
			menus.holder = document.getElementById("menuholdertd"); 
				var menu = menus.buildMenu("emgwotrack_mainrec_menus",{"items":[{"image":"menu_icon_find.gif","id":"normal0","text":"Select Value"},{"event":"applink","image":"menu_icon_link.gif","id":"normal1","text":"Go To Labor"}],"type":-1,"id":"NORMAL","openat":"southwest"},null);
			showingMenu = true;
			stopFocus = true;
			menus._showMenu(menu.id,true);
		]]></deferredscript>
	<component id="mx2838_holder"><![CDATA[<script>
		var el = document.getElementById("mx2838");
		if(el)
		{
			el.style.display="";
		}
	</script>]]></component>
<component vis="true" id="mx2837_holder" compid="mx2837"><![CDATA[<a  href="javascript: void(0);" ctype="toggleimage" ev="true" tabindex="0"  compid="mx2837"  title="Minimize Section"><img id="mx2837"  aria-disabled="true" aria-hidden="true"  tabindex="-1" border="0" class="ti   " src="../webclient/skins-20170809-1350/tivoli09/images/minimize.gif" source="minimize.gif" imgtype="" ev="true" align="top" style="display:block;margin:0px;"  alt="Minimize Section"  /></a>
]]></component>
	<component id="mx2940_holder"><![CDATA[<script>
		var el = document.getElementById("mx2940");
		if(el)
		{
			el.style.display="";
		}
	</script>]]></component>
<component vis="true" id="mx2921_holder" compid="mx2921"><![CDATA[<span ctype="label"  id="mx2921"   tabindex="0"      targetid="mx2921"  mxevent="click"  class="text tht   anchor" style="display:block;padding-left:2px;padding-top:2px;;cursor:pointer;;;;" title="Filter">Filter</span>]]></component>
<component vis="true" id="mx2934_holder" compid="mx2934"><![CDATA[<label ctype="label"  id="mx2934"    noclick="1"   targetid="mx2934"    class="text tht  " style="display:block;padding-left:2px;padding-top:2px;;;;;" title="0 - 0 of 0">0 - 0 of 0</label>]]></component>
<component vis="true" id="mx2936_holder" compid="mx2936"><![CDATA[	<div id="mx2936" name="mx2936" class="text ts  ts  "  >&nbsp;</div>
]]></component>
<component vis="true" id="mx2937_holder" compid="mx2937"><![CDATA[<a ctype="label" disabled='disabled' id="mx2937"  href="Javascript: void(0);"  noclick="1"   targetid="mx2937"    class="text tht  " style="display:block;;;color:#C0C0C0;;" title="Download"><img id='mx2937_image' src='../webclient/skins-20170809-1350/tivoli09/images/tablebtn_download_off.gif'  border='0' alt="Download" style='vertical-align:top;margin:0px;margin-left:3px;margin-right:3px;'/><span>Download</span></a>]]></component>

	<component id="mx3025_holder"><![CDATA[<script>
        el = document.getElementById("mx3025");
        if(el)
        {
            
			el.style.display="none";
			el.setAttribute("aria-hidden" , "true");
			el.setAttribute("rownum", "-1" );
		}
		el = document.getElementById("mx3025_inner");
		if(el)
		{
				el.style.display="none";
				el.setAttribute("aria-hidden" , "true");
		}
	</script>]]></component>
		<component id="mx3325_holder"><![CDATA[<script>
		addLoadMethod("updateDisplay('mx3325','none')");
		</script>]]></component>
	<component id="mx3358_holder"><![CDATA[<script>
		var el = document.getElementById("mx3358");
		if(el)
		{
			el.style.display="";
		}
	</script>]]></component>
<component vis="true" id="mx3339_holder" compid="mx3339"><![CDATA[<span ctype="label"  id="mx3339"   tabindex="0"      targetid="mx3339"  mxevent="click"  class="text tht   anchor" style="display:block;padding-left:2px;padding-top:2px;;cursor:pointer;;;;" title="Filter">Filter</span>]]></component>
<component vis="true" id="mx3352_holder" compid="mx3352"><![CDATA[<label ctype="label"  id="mx3352"    noclick="1"   targetid="mx3352"    class="text tht  " style="display:block;padding-left:2px;padding-top:2px;;;;;" title="0 - 0 of 0">0 - 0 of 0</label>]]></component>
<component vis="true" id="mx3354_holder" compid="mx3354"><![CDATA[	<div id="mx3354" name="mx3354" class="text ts  ts  "  >&nbsp;</div>
]]></component>
<component vis="true" id="mx3355_holder" compid="mx3355"><![CDATA[<a ctype="label" disabled='disabled' id="mx3355"  href="Javascript: void(0);"  noclick="1"   targetid="mx3355"    class="text tht  " style="display:block;;;color:#C0C0C0;;" title="Download"><img id='mx3355_image' src='../webclient/skins-20170809-1350/tivoli09/images/tablebtn_download_off.gif'  border='0' alt="Download" style='vertical-align:top;margin:0px;margin-left:3px;margin-right:3px;'/><span>Download</span></a>]]></component>

	<component id="mx3417_holder"><![CDATA[<script>
        el = document.getElementById("mx3417");
        if(el)
        {
            
			el.style.display="none";
			el.setAttribute("aria-hidden" , "true");
			el.setAttribute("rownum", "-1" );
		}
		el = document.getElementById("mx3417_inner");
		if(el)
		{
				el.style.display="none";
				el.setAttribute("aria-hidden" , "true");
		}
	</script>]]></component>
		<component id="mx3784_holder"><![CDATA[<script>
		addLoadMethod("updateDisplay('mx3784','')");
		</script>]]></component>
	<component id="mx3822_holder"><![CDATA[<script>
		var el = document.getElementById("mx3822");
		if(el)
		{
			el.style.display="";
		}
	</script>]]></component>
<component vis="true" id="mx3803_holder" compid="mx3803"><![CDATA[<span ctype="label"  id="mx3803"   tabindex="0"      targetid="mx3803"  mxevent="click"  class="text tht   anchor" style="display:block;padding-left:2px;padding-top:2px;;cursor:pointer;;;;" title="Filter">Filter</span>]]></component>
<component vis="true" id="mx3816_holder" compid="mx3816"><![CDATA[<label ctype="label"  id="mx3816"    noclick="1"   targetid="mx3816"    class="text tht  " style="display:block;padding-left:2px;padding-top:2px;;;;;" title="1 - 1 of 1">1 - 1 of 1</label>]]></component>
<component vis="true" id="mx3818_holder" compid="mx3818"><![CDATA[	<div id="mx3818" name="mx3818" class="text ts  ts  "  >&nbsp;</div>
]]></component>
<component vis="true" id="mx3819_holder" compid="mx3819"><![CDATA[<a ctype="label"  id="mx3819"  href="http://porud755/maximo/ui/1526721959042?_tbldnld=plans_plans_labor_labor_table&amp;uisessionid=267&amp;csrftoken=6k544bfh8i0h8rfj5656r8noj5" onmouseover="return noStatus();" target="_blank"  noclick="1"   targetid="mx3819"    class="text tht  " style="display:block;;;;;" title="Download"><img id='mx3819_image' src='../webclient/skins-20170809-1350/tivoli09/images/tablebtn_download.gif'  border='0' alt="Download" style='vertical-align:top;margin:0px;margin-left:3px;margin-right:3px;'/><span>Download</span></a>]]></component>
<component vis="true" id="mx5785[R:0]_holder" compid="mx5785[R:0]"><![CDATA[<a  href="javascript: void(0);" ctype="toggleimage" ev="false" tabindex="0"  compid="mx5785[R:0]"  title="View Details"><img id="mx5785[R:0]"  aria-disabled="true" aria-hidden="true"  tabindex="-1" border="0" class="ti   " src="../webclient/skins-20170809-1350/tivoli09/images/img_row_unselect.gif" source="img_row_unselect" imgtype=".gif" ev="false" align="top" style="display:block;margin:0px;margin-top:2px;" align="absbottom" alt="View Details"  /></a>
]]></component>
		<component id="mx5783[R:0]_holder"><![CDATA[<script>
				el = document.getElementById("mx5783[R:0]");
				if(el)
				{
					el.className="tc hl   cursor_hand";
					el.setAttribute("currentrow","true");
				}
				el_inner=document.getElementById("mx5783[R:0]_inner");
				if(el_inner)
				{
					el_inner.style.display="inline";
					el_inner.setAttribute("aria-hidden" , "false");
				}
			</script>]]></component>
			<component id="mx5791[R:0]_holder"><![CDATA[<script>
				el = document.getElementById("mx5791[R:0]");
				if(el)
				{
					el.className="tc    cursor_hand";
					el.setAttribute("currentrow","true");
				}
				el_inner=document.getElementById("mx5791[R:0]_inner");
				if(el_inner)
				{
					el_inner.style.display="inline";
					el_inner.setAttribute("aria-hidden" , "false");
				}
			</script>]]></component>
	<component vis="true" id="mx5807[R:0]_holder" compid="mx5807[R:0]"><![CDATA[<input   role="textbox"  id="mx5807[R:0]" class="fld text   tt"     ctype="textbox"   li="mx5808[R:0]"  db="mx4018"   maxlength="8" style=";width:75.0px;"  ontr='true' async='1'  ae="setvalue"    type="text" title="Craft" value="" ov="" work="1" fldInfo='{&quot;length&quot;:&quot;8&quot;,&quot;inttype&quot;:&quot;1&quot;,&quot;lookup&quot;:&quot;craftstandardrate&quot;,&quot;eventpriority&quot;:1}'/>]]></component>
	<compvalue id="mx5807[R:0]"><![CDATA[]]></compvalue>
		<component id="mx5803[R:0]_holder"><![CDATA[<script>
				el = document.getElementById("mx5803[R:0]");
				if(el)
				{
					el.className="tc    cursor_hand";
					el.setAttribute("currentrow","true");
				}
				el_inner=document.getElementById("mx5803[R:0]_inner");
				if(el_inner)
				{
					el_inner.style.display="inline";
					el_inner.setAttribute("aria-hidden" , "false");
				}
			</script>]]></component>
			<component id="mx5815[R:0]_holder"><![CDATA[<script>
				el = document.getElementById("mx5815[R:0]");
				if(el)
				{
					el.className="tc    cursor_hand";
					el.setAttribute("currentrow","true");
				}
				el_inner=document.getElementById("mx5815[R:0]_inner");
				if(el_inner)
				{
					el_inner.style.display="inline";
					el_inner.setAttribute("aria-hidden" , "false");
				}
			</script>]]></component>
			<component id="mx5827[R:0]_holder"><![CDATA[<script>
				el = document.getElementById("mx5827[R:0]");
				if(el)
				{
					el.className="tc    cursor_hand";
					el.setAttribute("currentrow","true");
				}
				el_inner=document.getElementById("mx5827[R:0]_inner");
				if(el_inner)
				{
					el_inner.style.display="inline";
					el_inner.setAttribute("aria-hidden" , "false");
				}
			</script>]]></component>
			<component id="mx5839[R:0]_holder"><![CDATA[<script>
				el = document.getElementById("mx5839[R:0]");
				if(el)
				{
					el.className="tc    cursor_hand";
					el.setAttribute("currentrow","true");
				}
				el_inner=document.getElementById("mx5839[R:0]_inner");
				if(el_inner)
				{
					el_inner.style.display="inline";
					el_inner.setAttribute("aria-hidden" , "false");
				}
			</script>]]></component>
	<component vis="true" id="mx5855[R:0]_holder" compid="mx5855[R:0]"><![CDATA[<input   role="textbox"  id="mx5855[R:0]" class="fld text   tt"     ctype="textbox"   li="mx5856[R:0]"  db="mx4018"   maxlength="8" style=";width:75.0px;"  ontr='true' async='1'  ae="setvalue"    type="text" title="Labor" value="" ov="" work="1" fldInfo='{&quot;length&quot;:&quot;8&quot;,&quot;inttype&quot;:&quot;1&quot;,&quot;lookup&quot;:&quot;laboronly&quot;,&quot;eventpriority&quot;:1}'/>]]></component>
	<compvalue id="mx5855[R:0]"><![CDATA[]]></compvalue>
		<component id="mx5851[R:0]_holder"><![CDATA[<script>
				el = document.getElementById("mx5851[R:0]");
				if(el)
				{
					el.className="tc    cursor_hand";
					el.setAttribute("currentrow","true");
				}
				el_inner=document.getElementById("mx5851[R:0]_inner");
				if(el_inner)
				{
					el_inner.style.display="inline";
					el_inner.setAttribute("aria-hidden" , "false");
				}
			</script>]]></component>
			<component id="mx5863[R:0]_holder"><![CDATA[<script>
				el = document.getElementById("mx5863[R:0]");
				if(el)
				{
					el.className="tc    cursor_hand";
					el.setAttribute("currentrow","true");
				}
				el_inner=document.getElementById("mx5863[R:0]_inner");
				if(el_inner)
				{
					el_inner.style.display="inline";
					el_inner.setAttribute("aria-hidden" , "false");
				}
			</script>]]></component>
			<component id="mx5875[R:0]_holder"><![CDATA[<script>
				el = document.getElementById("mx5875[R:0]");
				if(el)
				{
					el.className="tc    cursor_hand";
					el.setAttribute("currentrow","true");
				}
				el_inner=document.getElementById("mx5875[R:0]_inner");
				if(el_inner)
				{
					el_inner.style.display="inline";
					el_inner.setAttribute("aria-hidden" , "false");
				}
			</script>]]></component>
	<component vis="true" id="mx5889[R:0]_holder" compid="mx5889[R:0]"><![CDATA[<label ctype="label"  id="mx5889[R:0]"    noclick="1"   targetid="mx5889[R:0]"    class="text txtbold txtbold text label  label  " style="padding:0px;padding-left:1px;margin:0px;;;;;" title="0.00">0.00</label>]]></component>
		<component id="mx5887[R:0]_holder"><![CDATA[<script>
				el = document.getElementById("mx5887[R:0]");
				if(el)
				{
					el.className="tc    cursor_hand";
					el.setAttribute("currentrow","true");
				}
				el_inner=document.getElementById("mx5887[R:0]_inner");
				if(el_inner)
				{
					el_inner.style.display="inline";
					el_inner.setAttribute("aria-hidden" , "false");
				}
			</script>]]></component>
	<component vis="true" id="mx5897[R:0]_holder" compid="mx5897[R:0]"><![CDATA[<a  href="javascript: void(0);" ctype="toggleimage" ev="false" tabindex="0"  compid="mx5897[R:0]"  title="Mark Row for Delete"><img id="mx5897[R:0]"  aria-disabled="true" aria-hidden="true"  tabindex="-1" border="0" class="ti   " src="../webclient/skins-20170809-1350/tivoli09/images/btn_garbage.gif" source="btn_garbage.gif" imgtype="" ev="false" align="top" style="display:block;margin:0px;margin-top:2px;" align="absbottom" alt="Mark Row for Delete"  /></a>
]]></component>
		<component id="mx5895[R:0]_holder"><![CDATA[<script>
				el = document.getElementById("mx5895[R:0]");
				if(el)
				{
					el.className="tc hl   cursor_hand";
					el.setAttribute("currentrow","true");
				}
				el_inner=document.getElementById("mx5895[R:0]_inner");
				if(el_inner)
				{
					el_inner.style.display="inline";
					el_inner.setAttribute("aria-hidden" , "false");
				}
			</script>]]></component>
	
	<component vis="true" id="mx5538[R:0]_holder" compid="mx5538[R:0]"><![CDATA[
	<script>
		var row = dojo.byId("mx5538[R:0]");
		if(row)
		{
			row.style.display="";
			row.setAttribute("aria-hidden" , "false");
			row.className="tablerow   tcr trodd";
		}
	</script>
	]]></component>


	<component id="mx3845_holder"><![CDATA[<script>
        var tableBody = document.getElementById("mx3845");
        if(tableBody)
        {
			tableBody.setAttribute("rownum", "0" );
		}
	</script>]]></component>
	
	<component id="mx3872_holder"><![CDATA[<script>
        el = document.getElementById("mx3872");
        if(el)
        {
            
			el.style.display="none";
			el.setAttribute("aria-hidden" , "true");
			el.setAttribute("rownum", "0" );
		}
		el = document.getElementById("mx3872_inner");
		if(el)
		{
				el.style.display="none";
				el.setAttribute("aria-hidden" , "true");
		}
	</script>]]></component>
		<component id="mx4013_holder"><![CDATA[<script>
		addLoadMethod("updateDisplay('mx4013','')");
		</script>]]></component>

1<deferredscript><![CDATA[focusItem('mx5855[R:0]',true);scrollScreen('1','0');resetLogoutTimer(true);if(tpaeConfig.validationOn) {setButtonEnabled(saveButton,true)};]]></deferredscript></server_response>