<?xml version="1.0" encoding="UTF-8" ?>
<server_response csrftoken="6k544bfh8i0h8rfj5656r8noj5">
<!-- Begin of the DIALOG -->
<component vis="true" id="mx7154_holder" compid="mx7154" replacemethod="addDialog"><![CDATA[<script pre='true'>publishMessage({"channel":"widgetCleanup","message":["mx7162","mx7178","mx7209"]});</script>			<div id='mx7154_inner_dialogwait'  class='wait'>&nbsp;</div>
				<table id="mx7154_inner"  role="dialog" aria-labelledby="mx7143" positionAtTop="false" positionX="" positionY="" modal="true" width="200" height="50" class="dsc1 mc modal" border="0" defaultbutton="" control="true" onmousedown='hideAllMenus();'onkeypress="if(hasKeyCode(event,'KEYCODE_ESC')) {sendEvent('dialogcancel','mx7154', null, null); }"ondragstart='return false;' ondblclick="toggleMinimize('mx7154')"  style="visibility:hidden;" cellpadding="0px" cellspacing="0px">
			<tr id="mx7154_content0" aria-live="polite"   style="" valign="top">
				<td id="mx7154_inner_content"  valign="BOTTOM"  style="padding:0px; %>">
<img tabindex="0" alt="" id="status_first" alt="" onfocus="moveable_onfocus(this);" src="../webclient/skins-20170809-1350/tivoli09/images/blank.gif" width="1" height="1" style="display:inline;margin:0px" firstbuttonid="first"/><table id="mx7148"  width="100%" style="margin:0px;" class="" role="presentation">
			<tr>
				<td id="mx7148_middle"  class="dh mh dhb  " valign="middle" align="left" width="*">
					<table role="presentation" class="" width="100%">
						<tr>
							<td valign="center" align="left" style="padding:0px;white-space:nowrap;" class="dh mh">
								<table role="presentation"  width="100%">
									<tr>
					<td id="mx7148_header_0"  align="left" class="dhbsh" valign="middle" style="padding:0px;white-space:nowrap;" width:100%;></td>
					<td id="mx7148_header_1"  align="left" class="dhbsh" valign="middle" style="padding:0px;white-space:nowrap;" width:100%;><div aria-live="polite" id="mx7143_holder" class="bc"><h1 labelledby="mx7143" style="display:inline" title="Change Status"><label ctype="label"  id="mx7143"    noclick="1"   targetid="mx7143"    class="text dh mh  " style="display:block;padding-left:2px;padding-top:2px;;;;;" title="Change Status">Change Status</label></h1></div></td>
					<td id="mx7148_header_2"   class="dhbsh" valign="middle" style="padding:0px;white-space:nowrap;" width="100%"><div aria-live="polite" id="mx7144_holder" class="bc">	<div id="mx7144" name="mx7144" class="ts dh mh  "  >&nbsp;</div>
</div></td>
					<td id="mx7148_header_3"  align="right" class="dhbsh" valign="middle" style="padding:0px;white-space:nowrap;" width="100%"></td>
					<td id="mx7148_header_4"  align="right" class="dhbsh" valign="middle" style="padding:0px;white-space:nowrap;" width="100%"></td>
					<td id="mx7148_header_5"  align="right" class="dhbsh" valign="middle" style="padding:0px;white-space:nowrap;" width="100%"></td>
								</tr>
								</table>
							</td>
						</tr>
					</table>
				</td>
			</tr>
		</table></td>
			</tr>
			<tr id="mx7154_content1" aria-live="polite"   style="" valign="top">
				<td id="mx7154_inner_content"  valign="BOTTOM"  style="padding:0px; %>">
<table role="presentation" id="mx7153"  class="dialogb" width="100%" style="position:relative;top:0px;margin:0px;" height="100%" ondblclick="cancelEvent(event);">
	<tr>
		<td class="  " style=";padding:0px;" align="">

		<table role="presentation" width="100%"  height="*" ondblclick="cancelEvent(event);">
	<tr>
		<td class="    dss" align="center">
	<div aria-live="polite" id="dialogmessage_holder" class="bc"><label ctype="label"  id="dialogmessage"    noclick="1"   targetid="dialogmessage"  role='alert'    class="text label  label  text  dum" style="display:block;padding-left:2px;padding-top:2px;;;;;" title="">&nbsp;</label></div>
		</td>
	</tr>
</table>
<table role="presentation" width="100%"  height="*" ondblclick="cancelEvent(event);">
	<tr>
		<td class="db    dss" align="">
	
			<div id="status_bodydiv" class="dbDiv"  onscroll='hideAllMenusNF()'>
	
			<table role="presentation" cellspacing="2" width="100%">
			
		<tr>
			<td id="mx7163"  control="true" style="vertical-align:top;">
	
		<div id="mx7163_compHolder" aria-live="polite"  style="padding:0px;margin:0px;vertical-align:top;height: 100%;display:"  >
		
			<table id="mx7163_inner" role="presentation"  cellspacing="0" class="so   " cellpadding="0" height="100%" width="100%"   style="vertical-align:top;" ><tr id="mx7163_1"  style="vertical-align:top;display:;" > 
	<td id="mx7162" aria-live="polite"      style="display:;white-space:nowrap;padding-bottom: 2px;" class="section   " valign="top"  ><table role="presentation" control="true" id="mx7161"   width="100%"  class="  " summary=""  style="width:100%;;;vertical-align:top">				<tr   control="true" id="mx7167_0"    style="vertical-align:top;">

		<td id="mx7170" aria-live="polite"  style="display:;;padding:0 2px;vertical-align: top" sc="true"  height="100%" class="sectioncol">
			<div id="mx7170_div" style="height: 100%">
			
<table role="presentation" control="true" id="mx7169"   width="100%" height="100%" class="  " summary=""  style="width:100%;height:100%;;;vertical-align:top">
		<tr>
			<td id="mx7179"  control="true" style="vertical-align:top;">
	
		<div id="mx7179_compHolder" aria-live="polite"  style="padding:0px;margin:0px;vertical-align:top;height: 100%;display:"  >
		
			<table id="mx7179_inner" role="presentation"  cellspacing="0" class="so   " cellpadding="0" height="100%" width="100%"   style="vertical-align:top;" ><tr id="mx7179_0"  style="vertical-align:top;display:;" > 		<td id="mx7176"   style="padding:0px;;white-space:nowrap;"  role="presentation">
			<table cellspacing="0" cellpadding="0" style="width:100%;" class="" role="presentation">
				<tr>
				<td id="mx7176_1"  valign="top" class="hbb" width="100%" ></td>
				</tr>
			</table>
		</td>

		</tr>
		<tr id="mx7179_1"  style="vertical-align:top;display:;" > <td nowrap width="100%" class="section sbt">&nbsp;</td></tr><tr>
	<td id="mx7178" aria-live="polite"      style="display:;white-space:nowrap;padding-bottom: 2px;" class="section   " valign="top"  ><table role="presentation" control="true" id="mx7177"   width="100%"  class="  " summary=""  style="width:100%;;;vertical-align:top">				<tr   control="true" id="mx7190_0"  class="  leafspacer" style="vertical-align:top;">
				<td    nowrap="nowrap"  id="mx7189_0"  align="right"   valign="middle" style="vertical-align:middle;"><div aria-live="polite" id="mx7181_holder" class="bc"><label ctype="label"  id="mx7181"    noclick="1"   targetid="mx7181"    class="text label  label  " style="display:block;padding-left:2px;padding-top:2px;;;;;" for="mx7183" title="Work Order">Work Order:</label></div></td>
				<td    nowrap="nowrap"  id="mx7189_1"     valign="middle" style="vertical-align:middle;"><div aria-live="polite" id="mx7182_holder" class="bc"><img id="mx7182" alt="required" align='absmiddle' src='../webclient/skins-20170809-1350/tivoli09/images/required.gif' style="visibility:hidden;" class="required "/></div><div aria-live="polite" id="mx7183_holder" class="bc"><input  aria-readonly="true"  role="textbox"  id="mx7183" class="fld text text   fld fld_ro"     ctype="textbox"   li="mx7184"  db="mx7269"   maxlength="12" style=";width:75.0px;"   async='1'  ae="setvalue" sue="1" tabindex="-1" readonly="readonly" type="text" title="Work Order: W114594080" value="W114594080" ov="W114594080" work="1" fldInfo='{&quot;length&quot;:&quot;12&quot;,&quot;inttype&quot;:&quot;1&quot;}'/></div><div aria-live="polite" id="mx7184_holder" class="bc"><img sf="1" aria-hidden="true" active="0" ctype="image" alt=""  src="../webclient/skins-20170809-1350/tivoli09/images/blank.gif" source="blank" imgtype=".gif" style="display:inline;margin:0px;" border="0"  lc="mx7183"    align="absmiddle" width='26px' height='26px'   id="mx7184" title=""/></div><div aria-live="polite" id="mx7185_holder" class="bc"><img id="mx7185" alt="required" align='absmiddle' src='../webclient/skins-20170809-1350/tivoli09/images/required_label.gif' style="display:none" class="required_label"/></div><div aria-live="polite" id="mx7186_holder" class="bc"><input  aria-readonly="true"  role="textbox"  id="mx7186" class="fld text    fld fld_ro"     ctype="textbox"   li="mx7187"  db="mx7269"   maxlength="100" style=";width:300.0px;"   async='1'  ae="setvalue" sue="1" tabindex="-1" readonly="readonly" type="text" title="Description: Gas Escape" value="Gas Escape" ov="Gas Escape" work="1" fldInfo='{&quot;length&quot;:&quot;100&quot;,&quot;inttype&quot;:&quot;0&quot;}'/></div><div aria-live="polite" id="mx7187_holder" class="bc"><img sf="1"   ctype="image" alt="Long Description"  src="../webclient/skins-20170809-1350/tivoli09/images/img_longdescription_off.gif" source="img_longdescription_off" imgtype=".gif" style="cursor:default;display:inline;margin:0px" border="0"  lc="mx7186" aria-haspopup="true"   align="absmiddle"     id="mx7187" tabindex="-1" title="Long Description"/></div></td>
				</tr>
				<tr   control="true" id="mx7201_0"  class="  leafspacer" style="vertical-align:top;">
				<td    nowrap="nowrap"  id="mx7200_0"  align="right"   valign="middle" style="vertical-align:middle;"><div aria-live="polite" id="mx7192_holder" class="bc"><label ctype="label"  id="mx7192"    noclick="1"   targetid="mx7192"    class="text label  label  " style="display:block;padding-left:2px;padding-top:2px;;;;;" for="mx7194" title="Status">Status:</label></div></td>
				<td    nowrap="nowrap"  id="mx7200_1"     valign="middle" style="vertical-align:middle;"><div aria-live="polite" id="mx7193_holder" class="bc"><img id="mx7193" alt="required" align='absmiddle' src='../webclient/skins-20170809-1350/tivoli09/images/required.gif' style="visibility:hidden;" class="required "/></div><div aria-live="polite" id="mx7194_holder" class="bc"><input  aria-readonly="true"  role="textbox"  id="mx7194" class="fld text text   fld fld_ro"     ctype="textbox"   li="mx7195"  db="mx7269"   maxlength="16" style=";width:75.0px;"   async='1'  ae="setvalue" sue="1" tabindex="-1" readonly="readonly" type="text" title="Status: WAPPR" value="WAPPR" ov="WAPPR" work="1" fldInfo='{&quot;length&quot;:&quot;16&quot;,&quot;inttype&quot;:&quot;1&quot;}'/></div><div aria-live="polite" id="mx7195_holder" class="bc"><img sf="1" aria-hidden="true" active="0" ctype="image" alt=""  src="../webclient/skins-20170809-1350/tivoli09/images/blank.gif" source="blank" imgtype=".gif" style="display:inline;margin:0px;" border="0"  lc="mx7194"    align="absmiddle" width='26px' height='26px'   id="mx7195" title=""/></div><div aria-live="polite" id="mx7196_holder" class="bc"><img id="mx7196" alt="required" align='absmiddle' src='../webclient/skins-20170809-1350/tivoli09/images/required_label.gif' style="display:none" class="required_label"/></div><div aria-live="polite" id="mx7197_holder" class="bc"><input  aria-readonly="true"  role="textbox"  id="mx7197" class="fld text    fld fld_ro"     ctype="textbox"   li="mx7198"  db="mx7269"   maxlength="256" style=";width:300.0px;"   async='1'  ae="setvalue" sue="1" tabindex="-1" readonly="readonly" type="text" title="Description: Waiting for approval / Created" value="Waiting for approval / Created" ov="Waiting for approval / Created" work="1" fldInfo='{&quot;length&quot;:&quot;256&quot;,&quot;inttype&quot;:&quot;0&quot;}'/></div><div aria-live="polite" id="mx7198_holder" class="bc"><img sf="1" aria-hidden="true" active="0" ctype="image" alt=""  src="../webclient/skins-20170809-1350/tivoli09/images/blank.gif" source="blank" imgtype=".gif" style="display:inline;margin:0px;" border="0"  lc="mx7197"    align="absmiddle" width='26px' height='26px'   id="mx7198" title=""/></div></td>
				</tr>
</table>
</td></tr><tr><td  width="100%" nowrap class="section sbb">&nbsp;</td>
		</tr>
		
			</table>
		</div>
	
			</td>
		</tr>
	
		<tr>
			<td id="mx7210"  control="true" style="vertical-align:top;">
	
		<div id="mx7210_compHolder" aria-live="polite"  style="padding:0px;margin:0px;vertical-align:top;height: 100%;display:"  >
		
			<table id="mx7210_inner" role="presentation"  cellspacing="0" class="so   " cellpadding="0" height="100%" width="100%"   style="vertical-align:top;" ><tr id="mx7210_1"  style="vertical-align:top;display:;" > 
	<td id="mx7209" aria-live="polite"      style="display:;white-space:nowrap;padding-bottom: 2px;" class="section   " valign="top"  ><table role="presentation" control="true" id="mx7208"   width="100%"  class="  " summary=""  style="width:100%;;;vertical-align:top">				<tr   control="true" id="mx7218_0"  class="  leafspacer" style="vertical-align:top;">
				<td    nowrap="nowrap"  id="mx7217_0"  align="right"   valign="top" style="vertical-align:top;"><div aria-live="polite" id="mx7212_holder" class="bc"><label ctype="label"  id="mx7212"    noclick="1"   targetid="mx7212"    class="text label  label  " style="display:block;padding-left:2px;padding-top:2px;;;;;" for="mx7214" title="New Status"><img class='required_label' width='8px' height='8px' align='absmiddle' border='0' src='../webclient/skins-20170809-1350/tivoli09/images/required_label.gif' alt=''/>New Status:</label></div></td>
				<td    nowrap="nowrap"  id="mx7217_1"     valign="top" style="vertical-align:top;"><div aria-live="polite" id="mx7213_holder" class="bc"><img id="mx7213" alt="required" align='absmiddle' src='../webclient/skins-20170809-1350/tivoli09/images/required.gif' style="" class="required "/></div><div aria-live="polite" id="mx7214_holder" class="bc"><input  aria-required="true"  role="combobox" aria-autocomplete="none"  id="mx7214" class="fld text cbt  ibfld fld_req"     ctype="textbox"   li="mx7215" liclick="1"    maxlength="16" style=";width:75.0px;"      sue="1"  readonly="readonly" type="text" title="New Status" value="" ov="" work="1" fldInfo='{&quot;length&quot;:&quot;16&quot;,&quot;inttype&quot;:&quot;1&quot;,&quot;eventpriority&quot;:1,&quot;required&quot;:true}'/></div><div aria-live="polite" id="mx7215_holder" class="bc"><img sf="1"   ctype="image" alt="Drop-down image"  src="../webclient/skins-20170809-1350/tivoli09/images/IE_dropdown.gif" source="IE_dropdown" imgtype=".gif" style="cursor:default;display:inline;margin:0px" border="0"  lc="mx7214"  class="di " align="absmiddle"    ev="combobox" id="mx7215" tabindex="-1" title="Drop-down image"/></div></td>
				</tr>
				<tr   control="true" id="mx7232_0"  class="  leafspacer" style="vertical-align:top;">
				<td    nowrap="nowrap"  id="mx7231_0"  align="right"   valign="middle" style="vertical-align:middle;"><div aria-live="polite" id="mx7226_holder" class="bc"><label ctype="label"  id="mx7226"    noclick="1"   targetid="mx7226"    class="text label  label  " style="display:block;padding-left:2px;padding-top:2px;;;;;" for="mx7228" title="Status Date"><img class='required_label' width='8px' height='8px' align='absmiddle' border='0' src='../webclient/skins-20170809-1350/tivoli09/images/required_label.gif' alt=''/>Status Date:</label></div></td>
				<td    nowrap="nowrap"  id="mx7231_1"     valign="middle" style="vertical-align:middle;"><div aria-live="polite" id="mx7227_holder" class="bc"><img id="mx7227" alt="required" align='absmiddle' src='../webclient/skins-20170809-1350/tivoli09/images/required.gif' style="" class="required "/></div><div aria-live="polite" id="mx7228_holder" class="bc"><script>
		dojo.require('layers.mbs.calendar');
		dojo.require('dojo.date.locale');
			dojo.require('ibm.tivoli.mbs.dijit.DateTimeCalendar');
	</script><input  aria-required="true"  role="textbox"  id="mx7228" class="fld text  fld fld_req"     ctype="textbox"   li="mx7229"  db="mx7269"    style=";width:127.5px;" df="1"  async='1' PopupType="ibm.tivoli.mbs.dijit.DateTimeCalendar" constraints="{datePattern:'dd/MM/yyyy', timePattern:'HH:mm:ss',locale:'en-gb',visibleRange: 'T03:30:00'}" datePackage="" lang="en-gb" lng="en" dojoValue='1526722075616' ae="setvalue"    type="text" title="Status Date: 19/05/2018 10:27:55" value="" work="1" fldInfo='{&quot;length&quot;:&quot;10&quot;,&quot;inttype&quot;:&quot;4&quot;,&quot;lookup&quot;:&quot;datelookup&quot;,&quot;eventpriority&quot;:1,&quot;required&quot;:true}'/>	<script type="text/javascript">
		dojo.require("ibm.tivoli.mbs.html");
		formatCalendar('mx7228',ibm.tivoli.mbs.html.decodeEntities('19/05/2018 10:27:55'));
	</script>
</div><div aria-live="polite" id="mx7229_holder" class="bc"><img sf="1"   ctype="image" alt="Select Date and Time"  src="../webclient/skins-20170809-1350/tivoli09/images/img_date_time.gif" source="img_date_time" imgtype=".gif" style="cursor:default;display:inline;margin:0px" border="0"  lc="mx7228" aria-haspopup="true"   align="absmiddle"    ev="datelookup" mxejse="dateLookupHdlr" id="mx7229" tabindex="-1" title="Select Date and Time"/></div></td>
				</tr>
				<tr   control="true" id="mx7240_0"  class="  leafspacer" style="vertical-align:top;">
				<td    nowrap="nowrap"  id="mx7239_0"  align="right"   valign="middle" style="vertical-align:middle;"><div aria-live="polite" id="mx7234_holder" class="bc"><label ctype="label"  id="mx7234"    noclick="1"   targetid="mx7234"    class="text label  label  " style="display:block;padding-left:2px;padding-top:2px;;;;;" for="mx7236" title="Memo">Memo:</label></div></td>
				<td    nowrap="nowrap"  id="mx7239_1"     valign="middle" style="vertical-align:middle;"><div aria-live="polite" id="mx7235_holder" class="bc"><img id="mx7235" alt="required" align='absmiddle' src='../webclient/skins-20170809-1350/tivoli09/images/required.gif' style="visibility:hidden;" class="required "/></div><div aria-live="polite" id="mx7236_holder" class="bc"><input   role="textbox"  id="mx7236" class="fld text  "     ctype="textbox"   li="mx7237"  db="mx7269"   maxlength="50" style=";width:300.0px;"   async='1'  ae="setvalue"    type="text" title="Memo" value="" ov="" work="1" fldInfo='{&quot;length&quot;:&quot;50&quot;,&quot;inttype&quot;:&quot;0&quot;}'/></div><div aria-live="polite" id="mx7237_holder" class="bc"><img sf="1" aria-hidden="true" active="0" ctype="image" alt=""  src="../webclient/skins-20170809-1350/tivoli09/images/blank.gif" source="blank" imgtype=".gif" style="display:inline;margin:0px;" border="0"  lc="mx7236"    align="absmiddle" width='26px' height='26px'   id="mx7237" title=""/></div></td>
				</tr>
				<tr   control="true" id="mx7247_0"  class="  leafspacer" style="vertical-align:top;">
				<td    nowrap="nowrap"  id="mx7246_0"  align="right"   valign="middle" style="vertical-align:middle;"><div aria-live="polite" id="mx7242_holder" class="bc"><label ctype="label"  id="mx7242"    noclick="1"  onclick=document.getElementById('mx7244').click() targetid="mx7242"    class="text label  label  " style="display:table;padding-left:2px;padding-top:2px;;;;;" for="mx7244" title="Print Work Order(s)">Print Work Order(s)?</label></div></td>
				<td    nowrap="nowrap"  id="mx7246_1"  align="left"   valign="middle" style="vertical-align:middle;"><div aria-live="polite" id="mx7243_holder" class="bc"><img id="mx7243" alt="required" align='absmiddle' src='../webclient/skins-20170809-1350/tivoli09/images/required.gif' style="visibility:hidden;" class="required "/></div><div aria-live="polite" id="mx7244_holder" class="bc">
	<table role="presentation" id="mx7244_tb" border="0" cellspacing="0" cellpadding="0" style="margin:0px;vertical-align:middle;border:0px;display:inline;" class="_b">
		<tbody>
			<tr>
				<td valign="middle"><a role="checkbox"  aria-checked="false" id="mx7244" ctype="checkbox" class="cb09"  title="Print Work Order&#040;s&#041;: unchecked" tabindex="0" style="cursor:default" imgid="mx7244_img" mxejse="cbHdlr" async='1' ae="toggle" fldInfo='{&quot;length&quot;:&quot;&quot;,&quot;inttype&quot;:&quot;&quot;,&quot;eventpriority&quot;:2}'><img border="0" alt="Print Work Order&#040;s&#041;: unchecked" tabindex="-1" align="texttop" id="mx7244_img"  class="checkbox  " src="../webclient/skins-20170809-1350/tivoli09/images/cb_unchecked.gif"  imgtype="gif" imgname="cb_" checked="unchecked" style="cursor:default" readonly="false" onfocus="this.parentNode.focus()"/></a></td>
			</tr>
		</tbody>
	</table>
</div></td>
				</tr>
				<tr   control="true" id="mx7254_0"  class="  leafspacer" style="vertical-align:top;">
				<td    nowrap="nowrap"  id="mx7253_0"  align="right"   valign="middle" style="vertical-align:middle;"><div aria-live="polite" id="mx7249_holder" class="bc"><label ctype="label"  id="mx7249"    noclick="1"  onclick=document.getElementById('mx7251').click() targetid="mx7249"    class="text label  label  " style="display:table;padding-left:2px;padding-top:2px;;;;;" for="mx7251" title="Change work order status in back ground">Change work order status in back ground?</label></div></td>
				<td    nowrap="nowrap"  id="mx7253_1"  align="left"   valign="middle" style="vertical-align:middle;"><div aria-live="polite" id="mx7250_holder" class="bc"><img id="mx7250" alt="required" align='absmiddle' src='../webclient/skins-20170809-1350/tivoli09/images/required.gif' style="visibility:hidden;" class="required "/></div><div aria-live="polite" id="mx7251_holder" class="bc">
	<table role="presentation" id="mx7251_tb" border="0" cellspacing="0" cellpadding="0" style="margin:0px;vertical-align:middle;border:0px;display:inline;" class="_b">
		<tbody>
			<tr>
				<td valign="middle"><a role="checkbox"  aria-checked="false" id="mx7251" ctype="checkbox" class="cb09"  title="Change work order status in back ground: unchecked" tabindex="0" style="cursor:default" imgid="mx7251_img" mxejse="cbHdlr" async='1' ae="toggle" fldInfo='{&quot;length&quot;:&quot;&quot;,&quot;inttype&quot;:&quot;&quot;,&quot;eventpriority&quot;:2}'><img border="0" alt="Change work order status in back ground: unchecked" tabindex="-1" align="texttop" id="mx7251_img"  class="checkbox  " src="../webclient/skins-20170809-1350/tivoli09/images/cb_unchecked.gif"  imgtype="gif" imgname="cb_" checked="unchecked" style="cursor:default" readonly="false" onfocus="this.parentNode.focus()"/></a></td>
			</tr>
		</tbody>
	</table>
</div></td>
				</tr>
				<tr   control="true" id="mx7262_0"  class="  leafspacer" style="vertical-align:top;">
				<td    nowrap="nowrap"  id="mx7261_0"  align="right"   valign="middle" style="vertical-align:middle;"><div aria-live="polite" id="mx7256_holder" class="bc"><label ctype="label"  id="mx7256"    noclick="1"   targetid="mx7256"    class="text label  label  " style="display:block;padding-left:2px;padding-top:2px;;;;;" for="mx7258" title="Notification E-mail for Work Order Change Status">Notification E-mail for Work Order Change Status:</label></div></td>
				<td    nowrap="nowrap"  id="mx7261_1"     valign="middle" style="vertical-align:middle;"><div aria-live="polite" id="mx7257_holder" class="bc"><img id="mx7257" alt="required" align='absmiddle' src='../webclient/skins-20170809-1350/tivoli09/images/required.gif' style="visibility:hidden;" class="required "/></div><div aria-live="polite" id="mx7258_holder" class="bc"><input   role="textbox"  id="mx7258" class="fld text  "     ctype="textbox"   li="mx7259"  db="mx7269"   maxlength="100" style=";width:300.0px;"   async='1'  ae="setvalue"    type="text" title="Notification E-mail for Work Order Change Status: maximoadministrator@uk.ssegroup.net" value="maximoadministrator@uk.ssegroup.net" ov="maximoadministrator@uk.ssegroup.net" work="1" fldInfo='{&quot;length&quot;:&quot;100&quot;,&quot;inttype&quot;:&quot;0&quot;}'/></div><div aria-live="polite" id="mx7259_holder" class="bc"><img sf="1" aria-hidden="true" active="0" ctype="image" alt=""  src="../webclient/skins-20170809-1350/tivoli09/images/blank.gif" source="blank" imgtype=".gif" style="display:inline;margin:0px;" border="0"  lc="mx7258"    align="absmiddle" width='26px' height='26px'   id="mx7259" title=""/></div></td>
				</tr>
</table>
</td>
		</tr>
		
			</table>
		</div>
	
			</td>
		</tr>
	</table>

		</div>
	</td>
				</tr>
</table>
</td>
		</tr>
		
			</table>
		</div>
	
			</td>
		</tr>
	
			</table>
			
			</div>
	
		</td>
	</tr>
</table>
<table role="presentation" width="100%" class="dbottom" height="*" ondblclick="cancelEvent(event);">
	<tr>
		<td class="    dss" align="right">
	
			<table role="presentation" cellspacing="2" width="100%">
							<tr   control="true" id="mx7267_0"    style="vertical-align:top;">

<td colspan="7" height="0" align="right" id="mx7266"  style=";white-space: nowrap;" class="invisbuttongroup">
	<div style="width:100%;;">
		<table id="mx7266_table"  summary="" role="group">
			<tr>
			<td align="right" style="white-space: nowrap;">
<div aria-live="polite" id="mx7269_holder" class="bc">
		<button ctype="pushbutton"      control="true" id="mx7269"  class="text pb default"  style="">OK</button></div><div aria-live="polite" id="mx7271_holder" class="bc">
		<button ctype="pushbutton"      control="true" id="mx7271"  class="text pb"  style="">Cancel</button></div>			</td>
			</tr>
		</table>
	</div>
</td>
				</tr>

			</table>
			
		</td>
	</tr>
</table>

		</td>
	</tr>
</table>

<img tabindex="0" labelid="mx7143" alt="" id="status_last" onfocus="moveable_onfocus(this);" src="../webclient/skins-20170809-1350/tivoli09/images/blank.gif" width="1" height="1" lastbuttonid="mx7271"></td>
			</tr>
		</table>
		<script>
			window.setTimeout("_initDialog('mx7154','status',-1,true)", 50);
			showMessage(0, "BMXAA4205I - Record has been saved.", false);
		</script>
]]></component>

<deferredscript><![CDATA[scrollScreen('0','0');focusItem('mx7214',true);resetLogoutTimer(true);if(tpaeConfig.validationOn) {setButtonEnabled(saveButton,false)};]]></deferredscript></server_response>