<?xml version="1.0" encoding="UTF-8" ?>
<server_response csrftoken="6k544bfh8i0h8rfj5656r8noj5">
	<component id="mx7148_holder"><![CDATA[<script>
		var el = document.getElementById("mx7148");
		if(el)
		{
			el.style.display="";
		}
	</script>]]></component>

			<component id="mx7176_holder"><![CDATA[<script>
		var el = document.getElementById("mx7176");
		if(el)
		{
			el.style.display="";
		}
	</script>]]></component>
<component vis="true" id="mx7175_holder" compid="mx7175"><![CDATA[<a  href="javascript: void(0);" ctype="toggleimage" ev="true" tabindex="0"  compid="mx7175"  title="Minimize Section"><img id="mx7175"  aria-disabled="true" aria-hidden="true"  tabindex="-1" border="0" class="ti   " src="../webclient/skins-20170809-1350/tivoli09/images/minimize.gif" source="minimize.gif" imgtype="" ev="true" align="top" style="display:block;margin:0px;"  alt="Minimize Section"  /></a>
]]></component>
<component vis="true" id="mx7212_holder" compid="mx7212"><![CDATA[<label ctype="label"  id="mx7212"    noclick="1"   targetid="mx7212"    class="text label  label  " style="display:block;padding-left:2px;padding-top:2px;;;;;" for="mx7214" title="New Status"><img class='required_label' width='8px' height='8px' align='absmiddle' border='0' src='../webclient/skins-20170809-1350/tivoli09/images/required_label.gif' alt=''/>New Status:</label>]]></component>
<component vis="true" id="mx7214_holder" compid="mx7214"><![CDATA[<input  aria-required="true"  role="combobox" aria-autocomplete="none"  id="mx7214" class="fld text cbt  ibfld fld_req"     ctype="textbox"   li="mx7215" liclick="1"    maxlength="16" style=";width:75.0px;"      sue="1"  readonly="readonly" type="text" title="New Status: For Scheduling" value="For Scheduling" ov="For Scheduling" work="1" fldInfo='{&quot;length&quot;:&quot;16&quot;,&quot;inttype&quot;:&quot;1&quot;,&quot;eventpriority&quot;:1,&quot;required&quot;:true}'/>]]></component>
	<compvalue id="mx7214"><![CDATA[For Scheduling]]></compvalue>
<component vis="true" id="mx7215_holder" compid="mx7215"><![CDATA[<img sf="1"   ctype="image" alt="Drop-down image"  src="../webclient/skins-20170809-1350/tivoli09/images/IE_dropdown.gif" source="IE_dropdown" imgtype=".gif" style="cursor:default;display:inline;margin:0px" border="0"  lc="mx7214"  class="di " align="absmiddle"    ev="combobox" id="mx7215" tabindex="-1" title="Drop-down image"/>]]></component>
		<component id="mx7266_holder"><![CDATA[<script>
		addLoadMethod("updateDisplay('mx7266','')");
		</script>]]></component>

		<finalscript><![CDATA[
			makeDialogScroll('mx7154','status',-1);
		]]></finalscript>
<deferredscript><![CDATA[focusItem('mx7214',true);scrollScreen('0','0');resetLogoutTimer(true);if(tpaeConfig.validationOn) {setButtonEnabled(saveButton,false)};]]></deferredscript></server_response>