<?xml version="1.0" encoding="UTF-8" ?>
<server_response csrftoken="6k544bfh8i0h8rfj5656r8noj5">
<!-- Begin of the DIALOG -->
<component vis="true" id="mx7286_holder" compid="mx7286" replacemethod="addDialog"><![CDATA[			<div id='mx7286_inner_dialogwait'  class='wait'>&nbsp;</div>
				<table id="mx7286_inner"  role="dialog" aria-labelledby="mx7275" positionAtTop="false" positionX="" positionY="" modal="true" width="200" height="50" class="dsc1 mc modal" border="0" defaultbutton="" control="true" onmousedown='hideAllMenus();'onkeypress="if(hasKeyCode(event,'KEYCODE_ESC')) {sendEvent('dialogcancel','mx7286', null, null); }"ondragstart='return false;' ondblclick="toggleMinimize('mx7286')"  style="visibility:hidden;" cellpadding="0px" cellspacing="0px">
			<tr id="mx7286_content0" aria-live="polite"   style="" valign="top">
				<td id="mx7286_inner_content"  valign="BOTTOM"  style="padding:0px; %>">
<img tabindex="0" alt="" id="longopwait_first" alt="" onfocus="moveable_onfocus(this);" src="../webclient/skins-20170809-1350/tivoli09/images/blank.gif" width="1" height="1" style="display:inline;margin:0px" firstbuttonid="first"/><table id="mx7280"  width="100%" style="margin:0px;" class="" role="presentation">
			<tr>
				<td id="mx7280_middle"  class="dh mh dhb  " valign="middle" align="left" width="*">
					<table role="presentation" class="" width="100%">
						<tr>
							<td valign="center" align="left" style="padding:0px;white-space:nowrap;" class="dh mh">
								<table role="presentation"  width="100%">
									<tr>
					<td id="mx7280_header_0"  align="left" class="dhbsh" valign="middle" style="padding:0px;white-space:nowrap;" width:100%;></td>
					<td id="mx7280_header_1"  align="left" class="dhbsh" valign="middle" style="padding:0px;white-space:nowrap;" width:100%;><div aria-live="polite" id="mx7275_holder" class="bc"><h1 labelledby="mx7275" style="display:inline" title="Please wait..."><label ctype="label"  id="mx7275"    noclick="1"   targetid="mx7275"    class="text dh mh  " style="display:block;padding-left:2px;padding-top:2px;;;;;" title="Please wait...">Please wait...</label></h1></div></td>
					<td id="mx7280_header_2"   class="dhbsh" valign="middle" style="padding:0px;white-space:nowrap;" width="100%"><div aria-live="polite" id="mx7276_holder" class="bc">	<div id="mx7276" name="mx7276" class="ts dh mh  "  >&nbsp;</div>
</div></td>
					<td id="mx7280_header_3"  align="right" class="dhbsh" valign="middle" style="padding:0px;white-space:nowrap;" width="100%"></td>
					<td id="mx7280_header_4"  align="right" class="dhbsh" valign="middle" style="padding:0px;white-space:nowrap;" width="100%"></td>
					<td id="mx7280_header_5"  align="right" class="dhbsh" valign="middle" style="padding:0px;white-space:nowrap;" width="100%"></td>
								</tr>
								</table>
							</td>
						</tr>
					</table>
				</td>
			</tr>
		</table></td>
			</tr>
			<tr id="mx7286_content1" aria-live="polite"   style="" valign="top">
				<td id="mx7286_inner_content"  valign="BOTTOM"  style="padding:0px; %>">
<table role="presentation" id="mx7285"  class="dialogb" width="100%" style="position:relative;top:0px;margin:0px;" height="100%" ondblclick="cancelEvent(event);">
	<tr>
		<td class="  " style=";padding:0px;" align="">

		<table role="presentation" width="100%"  height="*" ondblclick="cancelEvent(event);">
	<tr>
		<td class="    dss" align="center">
	<div aria-live="polite" id="dialogmessage_holder" class="bc"><label ctype="label"  id="dialogmessage"    noclick="1"   targetid="dialogmessage"  role='alert'    class="text label  label  text  dum" style="display:block;padding-left:2px;padding-top:2px;;;;;" title="">&nbsp;</label></div>
		</td>
	</tr>
</table>
<table role="presentation" width="100%"  height="*" ondblclick="cancelEvent(event);">
	<tr>
		<td class="db    dss" align="">
	
			<div id="longopwait_bodydiv" class="dbDiv"  onscroll='hideAllMenusNF()'>
	
			<table role="presentation" cellspacing="2" width="100%">
							<tr   control="true" id="mx7289_0"    style="vertical-align:top;">



		<table role="presentation" id="mx7288"  class="longop   " >
			<tr>
				<td aria-live="polite" class="lom" id="mx7288_message"  nowrap>
					<img id="mx7288_image"  src="../webclient/skins-20170809-1350/tivoli09/images/progressbar.gif" alt="" align="middle" style="align:middle;margin-right:20px"/>
					Please wait...
				</td>
			</tr>
		
		</div>

			<script>
		        	addLoadMethod("addLongOpTimeout('dolongopcheck()',3000);");
			</script>

				</tr>

			</table>
			
			</div>
	
		</td>
	</tr>
</table>
<table role="presentation" width="100%" class="dbottom" height="*" ondblclick="cancelEvent(event);">
	<tr>
		<td class="    dss" align="right">
	
			<table role="presentation" cellspacing="2" width="100%">
							<tr   control="true" id="mx7294_0"    style="vertical-align:top;">

<td colspan="7" height="0" align="right" id="mx7293"  style="display:none;;white-space: nowrap;" class="invisbuttongroup">
	<div style="width:100%;;">
		<table id="mx7293_table"  summary="" role="group">
			<tr>
			<td align="right" style="white-space: nowrap;">
<div aria-live="polite" id="mx7296_holder" class="bc">
		<button ctype="pushbutton"      control="true" id="mx7296"  class="text pb default"  style="">OK</button></div>			</td>
			</tr>
		</table>
	</div>
</td>
				</tr>

			</table>
			
		</td>
	</tr>
</table>

		</td>
	</tr>
</table>

<img tabindex="0" labelid="mx7275" alt="" id="longopwait_last" onfocus="moveable_onfocus(this);" src="../webclient/skins-20170809-1350/tivoli09/images/blank.gif" width="1" height="1" lastbuttonid="mx7296"></td>
			</tr>
		</table>
		<script>
			window.setTimeout("_initDialog('mx7286','longopwait',-1,true)", 50);
		</script>
]]></component>

<deferredscript><![CDATA[focusItem('mx7296',true);resetLogoutTimer(true);if(tpaeConfig.validationOn) {setButtonEnabled(saveButton,false)};]]></deferredscript></server_response>