<?xml version="1.0" encoding="UTF-8" ?>
<server_response csrftoken="6k544bfh8i0h8rfj5656r8noj5">
<!-- Begin of the DIALOG -->
<component vis="true" id="mx7317_holder" compid="mx7317" replacemethod="addDialog"><![CDATA[<script pre='true'>publishMessage({"channel":"widgetCleanup","message":["mx7325","mx7341","mx7372"]});</script>			<div id='mx7317_inner_dialogwait'  class='wait'>&nbsp;</div>
				<table id="mx7317_inner"  role="dialog" aria-labelledby="mx7306" positionAtTop="false" positionX="" positionY="" modal="true" width="200" height="50" class="dsc1 mc modal" border="0" defaultbutton="" control="true" onmousedown='hideAllMenus();'onkeypress="if(hasKeyCode(event,'KEYCODE_ESC')) {sendEvent('dialogcancel','mx7317', null, null); }"ondragstart='return false;' ondblclick="toggleMinimize('mx7317')"  style="visibility:hidden;" cellpadding="0px" cellspacing="0px">
			<tr id="mx7317_content0" aria-live="polite"   style="" valign="top">
				<td id="mx7317_inner_content"  valign="BOTTOM"  style="padding:0px; %>">
<img tabindex="0" alt="" id="status_first" alt="" onfocus="moveable_onfocus(this);" src="../webclient/skins-20170809-1350/tivoli09/images/blank.gif" width="1" height="1" style="display:inline;margin:0px" firstbuttonid="first"/><table id="mx7311"  width="100%" style="margin:0px;" class="" role="presentation">
			<tr>
				<td id="mx7311_middle"  class="dh mh dhb  " valign="middle" align="left" width="*">
					<table role="presentation" class="" width="100%">
						<tr>
							<td valign="center" align="left" style="padding:0px;white-space:nowrap;" class="dh mh">
								<table role="presentation"  width="100%">
									<tr>
					<td id="mx7311_header_0"  align="left" class="dhbsh" valign="middle" style="padding:0px;white-space:nowrap;" width:100%;></td>
					<td id="mx7311_header_1"  align="left" class="dhbsh" valign="middle" style="padding:0px;white-space:nowrap;" width:100%;><div aria-live="polite" id="mx7306_holder" class="bc"><h1 labelledby="mx7306" style="display:inline" title="Change Status"><label ctype="label"  id="mx7306"    noclick="1"   targetid="mx7306"    class="text dh mh  " style="display:block;padding-left:2px;padding-top:2px;;;;;" title="Change Status">Change Status</label></h1></div></td>
					<td id="mx7311_header_2"   class="dhbsh" valign="middle" style="padding:0px;white-space:nowrap;" width="100%"><div aria-live="polite" id="mx7307_holder" class="bc">	<div id="mx7307" name="mx7307" class="ts dh mh  "  >&nbsp;</div>
</div></td>
					<td id="mx7311_header_3"  align="right" class="dhbsh" valign="middle" style="padding:0px;white-space:nowrap;" width="100%"></td>
					<td id="mx7311_header_4"  align="right" class="dhbsh" valign="middle" style="padding:0px;white-space:nowrap;" width="100%"></td>
					<td id="mx7311_header_5"  align="right" class="dhbsh" valign="middle" style="padding:0px;white-space:nowrap;" width="100%"></td>
								</tr>
								</table>
							</td>
						</tr>
					</table>
				</td>
			</tr>
		</table></td>
			</tr>
			<tr id="mx7317_content1" aria-live="polite"   style="" valign="top">
				<td id="mx7317_inner_content"  valign="BOTTOM"  style="padding:0px; %>">
<table role="presentation" id="mx7316"  class="dialogb" width="100%" style="position:relative;top:0px;margin:0px;" height="100%" ondblclick="cancelEvent(event);">
	<tr>
		<td class="  " style=";padding:0px;" align="">

		<table role="presentation" width="100%"  height="*" ondblclick="cancelEvent(event);">
	<tr>
		<td class="    dss" align="center">
	<div aria-live="polite" id="dialogmessage_holder" class="bc"><label ctype="label"  id="dialogmessage"    noclick="1"   targetid="dialogmessage"  role='alert'    class="text label  label  text  dum" style="display:block;padding-left:2px;padding-top:2px;;;;;" title="">&nbsp;</label></div>
		</td>
	</tr>
</table>
<table role="presentation" width="100%"  height="*" ondblclick="cancelEvent(event);">
	<tr>
		<td class="db    dss" align="">
	
			<div id="status_bodydiv" class="dbDiv"  onscroll='hideAllMenusNF()'>
	
			<table role="presentation" cellspacing="2" width="100%">
			
		<tr>
			<td id="mx7326"  control="true" style="vertical-align:top;">
	
		<div id="mx7326_compHolder" aria-live="polite"  style="padding:0px;margin:0px;vertical-align:top;height: 100%;display:"  >
		
			<table id="mx7326_inner" role="presentation"  cellspacing="0" class="so   " cellpadding="0" height="100%" width="100%"   style="vertical-align:top;" ><tr id="mx7326_1"  style="vertical-align:top;display:;" > 
	<td id="mx7325" aria-live="polite"      style="display:;white-space:nowrap;padding-bottom: 2px;" class="section   " valign="top"  ><table role="presentation" control="true" id="mx7324"   width="100%"  class="  " summary=""  style="width:100%;;;vertical-align:top">				<tr   control="true" id="mx7330_0"    style="vertical-align:top;">

		<td id="mx7333" aria-live="polite"  style="display:;;padding:0 2px;vertical-align: top" sc="true"  height="100%" class="sectioncol">
			<div id="mx7333_div" style="height: 100%">
			
<table role="presentation" control="true" id="mx7332"   width="100%" height="100%" class="  " summary=""  style="width:100%;height:100%;;;vertical-align:top">
		<tr>
			<td id="mx7342"  control="true" style="vertical-align:top;">
	
		<div id="mx7342_compHolder" aria-live="polite"  style="padding:0px;margin:0px;vertical-align:top;height: 100%;display:"  >
		
			<table id="mx7342_inner" role="presentation"  cellspacing="0" class="so   " cellpadding="0" height="100%" width="100%"   style="vertical-align:top;" ><tr id="mx7342_0"  style="vertical-align:top;display:;" > 		<td id="mx7339"   style="padding:0px;;white-space:nowrap;"  role="presentation">
			<table cellspacing="0" cellpadding="0" style="width:100%;" class="" role="presentation">
				<tr>
				<td id="mx7339_1"  valign="top" class="hbb" width="100%" ></td>
				</tr>
			</table>
		</td>

		</tr>
		<tr id="mx7342_1"  style="vertical-align:top;display:;" > <td nowrap width="100%" class="section sbt">&nbsp;</td></tr><tr>
	<td id="mx7341" aria-live="polite"      style="display:;white-space:nowrap;padding-bottom: 2px;" class="section   " valign="top"  ><table role="presentation" control="true" id="mx7340"   width="100%"  class="  " summary=""  style="width:100%;;;vertical-align:top">				<tr   control="true" id="mx7353_0"  class="  leafspacer" style="vertical-align:top;">
				<td    nowrap="nowrap"  id="mx7352_0"  align="right"   valign="middle" style="vertical-align:middle;"><div aria-live="polite" id="mx7344_holder" class="bc"><label ctype="label"  id="mx7344"    noclick="1"   targetid="mx7344"    class="text label  label  " style="display:block;padding-left:2px;padding-top:2px;;;;;" for="mx7346" title="Work Order">Work Order:</label></div></td>
				<td    nowrap="nowrap"  id="mx7352_1"     valign="middle" style="vertical-align:middle;"><div aria-live="polite" id="mx7345_holder" class="bc"><img id="mx7345" alt="required" align='absmiddle' src='../webclient/skins-20170809-1350/tivoli09/images/required.gif' style="visibility:hidden;" class="required "/></div><div aria-live="polite" id="mx7346_holder" class="bc"><input  aria-readonly="true"  role="textbox"  id="mx7346" class="fld text text   fld fld_ro"     ctype="textbox"   li="mx7347"  db="mx7432"   maxlength="12" style=";width:75.0px;"   async='1'  ae="setvalue" sue="1" tabindex="-1" readonly="readonly" type="text" title="Work Order: W114594080" value="W114594080" ov="W114594080" work="1" fldInfo='{&quot;length&quot;:&quot;12&quot;,&quot;inttype&quot;:&quot;1&quot;}'/></div><div aria-live="polite" id="mx7347_holder" class="bc"><img sf="1" aria-hidden="true" active="0" ctype="image" alt=""  src="../webclient/skins-20170809-1350/tivoli09/images/blank.gif" source="blank" imgtype=".gif" style="display:inline;margin:0px;" border="0"  lc="mx7346"    align="absmiddle" width='26px' height='26px'   id="mx7347" title=""/></div><div aria-live="polite" id="mx7348_holder" class="bc"><img id="mx7348" alt="required" align='absmiddle' src='../webclient/skins-20170809-1350/tivoli09/images/required_label.gif' style="display:none" class="required_label"/></div><div aria-live="polite" id="mx7349_holder" class="bc"><input  aria-readonly="true"  role="textbox"  id="mx7349" class="fld text    fld fld_ro"     ctype="textbox"   li="mx7350"  db="mx7432"   maxlength="100" style=";width:300.0px;"   async='1'  ae="setvalue" sue="1" tabindex="-1" readonly="readonly" type="text" title="Description: Gas Escape" value="Gas Escape" ov="Gas Escape" work="1" fldInfo='{&quot;length&quot;:&quot;100&quot;,&quot;inttype&quot;:&quot;0&quot;}'/></div><div aria-live="polite" id="mx7350_holder" class="bc"><img sf="1"   ctype="image" alt="Long Description"  src="../webclient/skins-20170809-1350/tivoli09/images/img_longdescription_off.gif" source="img_longdescription_off" imgtype=".gif" style="cursor:default;display:inline;margin:0px" border="0"  lc="mx7349" aria-haspopup="true"   align="absmiddle"     id="mx7350" tabindex="-1" title="Long Description"/></div></td>
				</tr>
				<tr   control="true" id="mx7364_0"  class="  leafspacer" style="vertical-align:top;">
				<td    nowrap="nowrap"  id="mx7363_0"  align="right"   valign="middle" style="vertical-align:middle;"><div aria-live="polite" id="mx7355_holder" class="bc"><label ctype="label"  id="mx7355"    noclick="1"   targetid="mx7355"    class="text label  label  " style="display:block;padding-left:2px;padding-top:2px;;;;;" for="mx7357" title="Status">Status:</label></div></td>
				<td    nowrap="nowrap"  id="mx7363_1"     valign="middle" style="vertical-align:middle;"><div aria-live="polite" id="mx7356_holder" class="bc"><img id="mx7356" alt="required" align='absmiddle' src='../webclient/skins-20170809-1350/tivoli09/images/required.gif' style="visibility:hidden;" class="required "/></div><div aria-live="polite" id="mx7357_holder" class="bc"><input  aria-readonly="true"  role="textbox"  id="mx7357" class="fld text text   fld fld_ro"     ctype="textbox"   li="mx7358"  db="mx7432"   maxlength="16" style=";width:75.0px;"   async='1'  ae="setvalue" sue="1" tabindex="-1" readonly="readonly" type="text" title="Status: FSCH" value="FSCH" ov="FSCH" work="1" fldInfo='{&quot;length&quot;:&quot;16&quot;,&quot;inttype&quot;:&quot;1&quot;}'/></div><div aria-live="polite" id="mx7358_holder" class="bc"><img sf="1" aria-hidden="true" active="0" ctype="image" alt=""  src="../webclient/skins-20170809-1350/tivoli09/images/blank.gif" source="blank" imgtype=".gif" style="display:inline;margin:0px;" border="0"  lc="mx7357"    align="absmiddle" width='26px' height='26px'   id="mx7358" title=""/></div><div aria-live="polite" id="mx7359_holder" class="bc"><img id="mx7359" alt="required" align='absmiddle' src='../webclient/skins-20170809-1350/tivoli09/images/required_label.gif' style="display:none" class="required_label"/></div><div aria-live="polite" id="mx7360_holder" class="bc"><input  aria-readonly="true"  role="textbox"  id="mx7360" class="fld text    fld fld_ro"     ctype="textbox"   li="mx7361"  db="mx7432"   maxlength="256" style=";width:300.0px;"   async='1'  ae="setvalue" sue="1" tabindex="-1" readonly="readonly" type="text" title="Description: For Scheduling" value="For Scheduling" ov="For Scheduling" work="1" fldInfo='{&quot;length&quot;:&quot;256&quot;,&quot;inttype&quot;:&quot;0&quot;}'/></div><div aria-live="polite" id="mx7361_holder" class="bc"><img sf="1" aria-hidden="true" active="0" ctype="image" alt=""  src="../webclient/skins-20170809-1350/tivoli09/images/blank.gif" source="blank" imgtype=".gif" style="display:inline;margin:0px;" border="0"  lc="mx7360"    align="absmiddle" width='26px' height='26px'   id="mx7361" title=""/></div></td>
				</tr>
</table>
</td></tr><tr><td  width="100%" nowrap class="section sbb">&nbsp;</td>
		</tr>
		
			</table>
		</div>
	
			</td>
		</tr>
	
		<tr>
			<td id="mx7373"  control="true" style="vertical-align:top;">
	
		<div id="mx7373_compHolder" aria-live="polite"  style="padding:0px;margin:0px;vertical-align:top;height: 100%;display:"  >
		
			<table id="mx7373_inner" role="presentation"  cellspacing="0" class="so   " cellpadding="0" height="100%" width="100%"   style="vertical-align:top;" ><tr id="mx7373_1"  style="vertical-align:top;display:;" > 
	<td id="mx7372" aria-live="polite"      style="display:;white-space:nowrap;padding-bottom: 2px;" class="section   " valign="top"  ><table role="presentation" control="true" id="mx7371"   width="100%"  class="  " summary=""  style="width:100%;;;vertical-align:top">				<tr   control="true" id="mx7381_0"  class="  leafspacer" style="vertical-align:top;">
				<td    nowrap="nowrap"  id="mx7380_0"  align="right"   valign="top" style="vertical-align:top;"><div aria-live="polite" id="mx7375_holder" class="bc"><label ctype="label"  id="mx7375"    noclick="1"   targetid="mx7375"    class="text label  label  " style="display:block;padding-left:2px;padding-top:2px;;;;;" for="mx7377" title="New Status"><img class='required_label' width='8px' height='8px' align='absmiddle' border='0' src='../webclient/skins-20170809-1350/tivoli09/images/required_label.gif' alt=''/>New Status:</label></div></td>
				<td    nowrap="nowrap"  id="mx7380_1"     valign="top" style="vertical-align:top;"><div aria-live="polite" id="mx7376_holder" class="bc"><img id="mx7376" alt="required" align='absmiddle' src='../webclient/skins-20170809-1350/tivoli09/images/required.gif' style="" class="required "/></div><div aria-live="polite" id="mx7377_holder" class="bc"><input  aria-required="true"  role="combobox" aria-autocomplete="none"  id="mx7377" class="fld text cbt  ibfld fld_req"     ctype="textbox"   li="mx7378" liclick="1"    maxlength="16" style=";width:75.0px;"      sue="1"  readonly="readonly" type="text" title="New Status" value="" ov="" work="1" fldInfo='{&quot;length&quot;:&quot;16&quot;,&quot;inttype&quot;:&quot;1&quot;,&quot;eventpriority&quot;:1,&quot;required&quot;:true}'/></div><div aria-live="polite" id="mx7378_holder" class="bc"><img sf="1"   ctype="image" alt="Drop-down image"  src="../webclient/skins-20170809-1350/tivoli09/images/IE_dropdown.gif" source="IE_dropdown" imgtype=".gif" style="cursor:default;display:inline;margin:0px" border="0"  lc="mx7377"  class="di " align="absmiddle"    ev="combobox" id="mx7378" tabindex="-1" title="Drop-down image"/></div></td>
				</tr>
				<tr   control="true" id="mx7395_0"  class="  leafspacer" style="vertical-align:top;">
				<td    nowrap="nowrap"  id="mx7394_0"  align="right"   valign="middle" style="vertical-align:middle;"><div aria-live="polite" id="mx7389_holder" class="bc"><label ctype="label"  id="mx7389"    noclick="1"   targetid="mx7389"    class="text label  label  " style="display:block;padding-left:2px;padding-top:2px;;;;;" for="mx7391" title="Status Date"><img class='required_label' width='8px' height='8px' align='absmiddle' border='0' src='../webclient/skins-20170809-1350/tivoli09/images/required_label.gif' alt=''/>Status Date:</label></div></td>
				<td    nowrap="nowrap"  id="mx7394_1"     valign="middle" style="vertical-align:middle;"><div aria-live="polite" id="mx7390_holder" class="bc"><img id="mx7390" alt="required" align='absmiddle' src='../webclient/skins-20170809-1350/tivoli09/images/required.gif' style="" class="required "/></div><div aria-live="polite" id="mx7391_holder" class="bc"><script>
		dojo.require('layers.mbs.calendar');
		dojo.require('dojo.date.locale');
			dojo.require('ibm.tivoli.mbs.dijit.DateTimeCalendar');
	</script><input  aria-required="true"  role="textbox"  id="mx7391" class="fld text  fld fld_req"     ctype="textbox"   li="mx7392"  db="mx7432"    style=";width:127.5px;" df="1"  async='1' PopupType="ibm.tivoli.mbs.dijit.DateTimeCalendar" constraints="{datePattern:'dd/MM/yyyy', timePattern:'HH:mm:ss',locale:'en-gb',visibleRange: 'T03:30:00'}" datePackage="" lang="en-gb" lng="en" dojoValue='1526722148327' ae="setvalue"    type="text" title="Status Date: 19/05/2018 10:29:08" value="" work="1" fldInfo='{&quot;length&quot;:&quot;10&quot;,&quot;inttype&quot;:&quot;4&quot;,&quot;lookup&quot;:&quot;datelookup&quot;,&quot;eventpriority&quot;:1,&quot;required&quot;:true}'/>	<script type="text/javascript">
		dojo.require("ibm.tivoli.mbs.html");
		formatCalendar('mx7391',ibm.tivoli.mbs.html.decodeEntities('19/05/2018 10:29:08'));
	</script>
</div><div aria-live="polite" id="mx7392_holder" class="bc"><img sf="1"   ctype="image" alt="Select Date and Time"  src="../webclient/skins-20170809-1350/tivoli09/images/img_date_time.gif" source="img_date_time" imgtype=".gif" style="cursor:default;display:inline;margin:0px" border="0"  lc="mx7391" aria-haspopup="true"   align="absmiddle"    ev="datelookup" mxejse="dateLookupHdlr" id="mx7392" tabindex="-1" title="Select Date and Time"/></div></td>
				</tr>
				<tr   control="true" id="mx7403_0"  class="  leafspacer" style="vertical-align:top;">
				<td    nowrap="nowrap"  id="mx7402_0"  align="right"   valign="middle" style="vertical-align:middle;"><div aria-live="polite" id="mx7397_holder" class="bc"><label ctype="label"  id="mx7397"    noclick="1"   targetid="mx7397"    class="text label  label  " style="display:block;padding-left:2px;padding-top:2px;;;;;" for="mx7399" title="Memo">Memo:</label></div></td>
				<td    nowrap="nowrap"  id="mx7402_1"     valign="middle" style="vertical-align:middle;"><div aria-live="polite" id="mx7398_holder" class="bc"><img id="mx7398" alt="required" align='absmiddle' src='../webclient/skins-20170809-1350/tivoli09/images/required.gif' style="visibility:hidden;" class="required "/></div><div aria-live="polite" id="mx7399_holder" class="bc"><input   role="textbox"  id="mx7399" class="fld text  "     ctype="textbox"   li="mx7400"  db="mx7432"   maxlength="50" style=";width:300.0px;"   async='1'  ae="setvalue"    type="text" title="Memo" value="" ov="" work="1" fldInfo='{&quot;length&quot;:&quot;50&quot;,&quot;inttype&quot;:&quot;0&quot;}'/></div><div aria-live="polite" id="mx7400_holder" class="bc"><img sf="1" aria-hidden="true" active="0" ctype="image" alt=""  src="../webclient/skins-20170809-1350/tivoli09/images/blank.gif" source="blank" imgtype=".gif" style="display:inline;margin:0px;" border="0"  lc="mx7399"    align="absmiddle" width='26px' height='26px'   id="mx7400" title=""/></div></td>
				</tr>
				<tr   control="true" id="mx7410_0"  class="  leafspacer" style="vertical-align:top;">
				<td    nowrap="nowrap"  id="mx7409_0"  align="right"   valign="middle" style="vertical-align:middle;"><div aria-live="polite" id="mx7405_holder" class="bc"><label ctype="label"  id="mx7405"    noclick="1"  onclick=document.getElementById('mx7407').click() targetid="mx7405"    class="text label  label  " style="display:table;padding-left:2px;padding-top:2px;;;;;" for="mx7407" title="Print Work Order(s)">Print Work Order(s)?</label></div></td>
				<td    nowrap="nowrap"  id="mx7409_1"  align="left"   valign="middle" style="vertical-align:middle;"><div aria-live="polite" id="mx7406_holder" class="bc"><img id="mx7406" alt="required" align='absmiddle' src='../webclient/skins-20170809-1350/tivoli09/images/required.gif' style="visibility:hidden;" class="required "/></div><div aria-live="polite" id="mx7407_holder" class="bc">
	<table role="presentation" id="mx7407_tb" border="0" cellspacing="0" cellpadding="0" style="margin:0px;vertical-align:middle;border:0px;display:inline;" class="_b">
		<tbody>
			<tr>
				<td valign="middle"><a role="checkbox"  aria-checked="false" id="mx7407" ctype="checkbox" class="cb09"  title="Print Work Order&#040;s&#041;: unchecked" tabindex="0" style="cursor:default" imgid="mx7407_img" mxejse="cbHdlr" async='1' ae="toggle" fldInfo='{&quot;length&quot;:&quot;&quot;,&quot;inttype&quot;:&quot;&quot;,&quot;eventpriority&quot;:2}'><img border="0" alt="Print Work Order&#040;s&#041;: unchecked" tabindex="-1" align="texttop" id="mx7407_img"  class="checkbox  " src="../webclient/skins-20170809-1350/tivoli09/images/cb_unchecked.gif"  imgtype="gif" imgname="cb_" checked="unchecked" style="cursor:default" readonly="false" onfocus="this.parentNode.focus()"/></a></td>
			</tr>
		</tbody>
	</table>
</div></td>
				</tr>
				<tr   control="true" id="mx7417_0"  class="  leafspacer" style="vertical-align:top;">
				<td    nowrap="nowrap"  id="mx7416_0"  align="right"   valign="middle" style="vertical-align:middle;"><div aria-live="polite" id="mx7412_holder" class="bc"><label ctype="label"  id="mx7412"    noclick="1"  onclick=document.getElementById('mx7414').click() targetid="mx7412"    class="text label  label  " style="display:table;padding-left:2px;padding-top:2px;;;;;" for="mx7414" title="Change work order status in back ground">Change work order status in back ground?</label></div></td>
				<td    nowrap="nowrap"  id="mx7416_1"  align="left"   valign="middle" style="vertical-align:middle;"><div aria-live="polite" id="mx7413_holder" class="bc"><img id="mx7413" alt="required" align='absmiddle' src='../webclient/skins-20170809-1350/tivoli09/images/required.gif' style="visibility:hidden;" class="required "/></div><div aria-live="polite" id="mx7414_holder" class="bc">
	<table role="presentation" id="mx7414_tb" border="0" cellspacing="0" cellpadding="0" style="margin:0px;vertical-align:middle;border:0px;display:inline;" class="_b">
		<tbody>
			<tr>
				<td valign="middle"><a role="checkbox"  aria-checked="false" id="mx7414" ctype="checkbox" class="cb09"  title="Change work order status in back ground: unchecked" tabindex="0" style="cursor:default" imgid="mx7414_img" mxejse="cbHdlr" async='1' ae="toggle" fldInfo='{&quot;length&quot;:&quot;&quot;,&quot;inttype&quot;:&quot;&quot;,&quot;eventpriority&quot;:2}'><img border="0" alt="Change work order status in back ground: unchecked" tabindex="-1" align="texttop" id="mx7414_img"  class="checkbox  " src="../webclient/skins-20170809-1350/tivoli09/images/cb_unchecked.gif"  imgtype="gif" imgname="cb_" checked="unchecked" style="cursor:default" readonly="false" onfocus="this.parentNode.focus()"/></a></td>
			</tr>
		</tbody>
	</table>
</div></td>
				</tr>
				<tr   control="true" id="mx7425_0"  class="  leafspacer" style="vertical-align:top;">
				<td    nowrap="nowrap"  id="mx7424_0"  align="right"   valign="middle" style="vertical-align:middle;"><div aria-live="polite" id="mx7419_holder" class="bc"><label ctype="label"  id="mx7419"    noclick="1"   targetid="mx7419"    class="text label  label  " style="display:block;padding-left:2px;padding-top:2px;;;;;" for="mx7421" title="Notification E-mail for Work Order Change Status">Notification E-mail for Work Order Change Status:</label></div></td>
				<td    nowrap="nowrap"  id="mx7424_1"     valign="middle" style="vertical-align:middle;"><div aria-live="polite" id="mx7420_holder" class="bc"><img id="mx7420" alt="required" align='absmiddle' src='../webclient/skins-20170809-1350/tivoli09/images/required.gif' style="visibility:hidden;" class="required "/></div><div aria-live="polite" id="mx7421_holder" class="bc"><input   role="textbox"  id="mx7421" class="fld text  "     ctype="textbox"   li="mx7422"  db="mx7432"   maxlength="100" style=";width:300.0px;"   async='1'  ae="setvalue"    type="text" title="Notification E-mail for Work Order Change Status: maximoadministrator@uk.ssegroup.net" value="maximoadministrator@uk.ssegroup.net" ov="maximoadministrator@uk.ssegroup.net" work="1" fldInfo='{&quot;length&quot;:&quot;100&quot;,&quot;inttype&quot;:&quot;0&quot;}'/></div><div aria-live="polite" id="mx7422_holder" class="bc"><img sf="1" aria-hidden="true" active="0" ctype="image" alt=""  src="../webclient/skins-20170809-1350/tivoli09/images/blank.gif" source="blank" imgtype=".gif" style="display:inline;margin:0px;" border="0"  lc="mx7421"    align="absmiddle" width='26px' height='26px'   id="mx7422" title=""/></div></td>
				</tr>
</table>
</td>
		</tr>
		
			</table>
		</div>
	
			</td>
		</tr>
	</table>

		</div>
	</td>
				</tr>
</table>
</td>
		</tr>
		
			</table>
		</div>
	
			</td>
		</tr>
	
			</table>
			
			</div>
	
		</td>
	</tr>
</table>
<table role="presentation" width="100%" class="dbottom" height="*" ondblclick="cancelEvent(event);">
	<tr>
		<td class="    dss" align="right">
	
			<table role="presentation" cellspacing="2" width="100%">
							<tr   control="true" id="mx7430_0"    style="vertical-align:top;">

<td colspan="7" height="0" align="right" id="mx7429"  style=";white-space: nowrap;" class="invisbuttongroup">
	<div style="width:100%;;">
		<table id="mx7429_table"  summary="" role="group">
			<tr>
			<td align="right" style="white-space: nowrap;">
<div aria-live="polite" id="mx7432_holder" class="bc">
		<button ctype="pushbutton"      control="true" id="mx7432"  class="text pb default"  style="">OK</button></div><div aria-live="polite" id="mx7434_holder" class="bc">
		<button ctype="pushbutton"      control="true" id="mx7434"  class="text pb"  style="">Cancel</button></div>			</td>
			</tr>
		</table>
	</div>
</td>
				</tr>

			</table>
			
		</td>
	</tr>
</table>

		</td>
	</tr>
</table>

<img tabindex="0" labelid="mx7306" alt="" id="status_last" onfocus="moveable_onfocus(this);" src="../webclient/skins-20170809-1350/tivoli09/images/blank.gif" width="1" height="1" lastbuttonid="mx7434"></td>
			</tr>
		</table>
		<script>
			window.setTimeout("_initDialog('mx7317','status',-1,true)", 50);
			showMessage(0, "BMXAA4205I - Record has been saved.", false);
		</script>
]]></component>

<deferredscript><![CDATA[scrollScreen('0','0');focusItem('mx7377',true);resetLogoutTimer(true);if(tpaeConfig.validationOn) {setButtonEnabled(saveButton,false)};]]></deferredscript></server_response>