<?xml version="1.0" encoding="UTF-8" ?>
<server_response csrftoken="6k544bfh8i0h8rfj5656r8noj5">
	<component id="mx7311_holder"><![CDATA[<script>
		var el = document.getElementById("mx7311");
		if(el)
		{
			el.style.display="";
		}
	</script>]]></component>

			<component id="mx7339_holder"><![CDATA[<script>
		var el = document.getElementById("mx7339");
		if(el)
		{
			el.style.display="";
		}
	</script>]]></component>
<component vis="true" id="mx7338_holder" compid="mx7338"><![CDATA[<a  href="javascript: void(0);" ctype="toggleimage" ev="true" tabindex="0"  compid="mx7338"  title="Minimize Section"><img id="mx7338"  aria-disabled="true" aria-hidden="true"  tabindex="-1" border="0" class="ti   " src="../webclient/skins-20170809-1350/tivoli09/images/minimize.gif" source="minimize.gif" imgtype="" ev="true" align="top" style="display:block;margin:0px;"  alt="Minimize Section"  /></a>
]]></component>
<component vis="true" id="mx7375_holder" compid="mx7375"><![CDATA[<label ctype="label"  id="mx7375"    noclick="1"   targetid="mx7375"    class="text label  label  " style="display:block;padding-left:2px;padding-top:2px;;;;;" for="mx7377" title="New Status"><img class='required_label' width='8px' height='8px' align='absmiddle' border='0' src='../webclient/skins-20170809-1350/tivoli09/images/required_label.gif' alt=''/>New Status:</label>]]></component>
<component vis="true" id="mx7377_holder" compid="mx7377"><![CDATA[<input  aria-required="true"  role="combobox" aria-autocomplete="none"  id="mx7377" class="fld text cbt  ibfld fld_req"     ctype="textbox"   li="mx7378" liclick="1"    maxlength="16" style=";width:75.0px;"      sue="1"  readonly="readonly" type="text" title="New Status: Dispatch" value="Dispatch" ov="Dispatch" work="1" fldInfo='{&quot;length&quot;:&quot;16&quot;,&quot;inttype&quot;:&quot;1&quot;,&quot;eventpriority&quot;:1,&quot;required&quot;:true}'/>]]></component>
	<compvalue id="mx7377"><![CDATA[Dispatch]]></compvalue>
<component vis="true" id="mx7378_holder" compid="mx7378"><![CDATA[<img sf="1"   ctype="image" alt="Drop-down image"  src="../webclient/skins-20170809-1350/tivoli09/images/IE_dropdown.gif" source="IE_dropdown" imgtype=".gif" style="cursor:default;display:inline;margin:0px" border="0"  lc="mx7377"  class="di " align="absmiddle"    ev="combobox" id="mx7378" tabindex="-1" title="Drop-down image"/>]]></component>
		<component id="mx7429_holder"><![CDATA[<script>
		addLoadMethod("updateDisplay('mx7429','')");
		</script>]]></component>

		<finalscript><![CDATA[
			makeDialogScroll('mx7317','status',-1);
		]]></finalscript>
<deferredscript><![CDATA[focusItem('mx7377',true);scrollScreen('0','0');resetLogoutTimer(true);if(tpaeConfig.validationOn) {setButtonEnabled(saveButton,false)};]]></deferredscript></server_response>