<?xml version="1.0" encoding="UTF-8" ?>
<server_response csrftoken="6k544bfh8i0h8rfj5656r8noj5">
<!-- Begin of the DIALOG -->
<component vis="true" id="mx7651_holder" compid="mx7651" replacemethod="addDialog"><![CDATA[			<div id='mx7651_inner_dialogwait'  class='wait'>&nbsp;</div>
				<table id="mx7651_inner"  role="dialog" aria-labelledby="mx7640" positionAtTop="false" positionX="" positionY="" modal="true" width="200" height="50" class="dsc1 mc modal" border="0" defaultbutton="" control="true" onmousedown='hideAllMenus();'onkeypress="if(hasKeyCode(event,'KEYCODE_ESC')) {sendEvent('dialogcancel','mx7651', null, null); }"ondragstart='return false;' ondblclick="toggleMinimize('mx7651')"  style="visibility:hidden;" cellpadding="0px" cellspacing="0px">
			<tr id="mx7651_content0" aria-live="polite"   style="" valign="top">
				<td id="mx7651_inner_content"  valign="BOTTOM"  style="padding:0px; %>">
<img tabindex="0" alt="" id="lookup_valuelist_first" alt="" onfocus="moveable_onfocus(this);" src="../webclient/skins-20170809-1350/tivoli09/images/blank.gif" width="1" height="1" style="display:inline;margin:0px" firstbuttonid="first"/><table id="mx7645"  width="100%" style="margin:0px;" class="" role="presentation">
			<tr>
				<td id="mx7645_middle"  class="dh mh dhb  " valign="middle" align="left" width="*">
					<table role="presentation" class="" width="100%">
						<tr>
							<td valign="center" align="left" style="padding:0px;white-space:nowrap;" class="dh mh">
								<table role="presentation"  width="100%">
									<tr>
					<td id="mx7645_header_0"  align="left" class="dhbsh" valign="middle" style="padding:0px;white-space:nowrap;" width:100%;></td>
					<td id="mx7645_header_1"  align="left" class="dhbsh" valign="middle" style="padding:0px;white-space:nowrap;" width:100%;><div aria-live="polite" id="mx7640_holder" class="bc"><h1 labelledby="mx7640" style="display:inline" title="Select Value"><label ctype="label"  id="mx7640"    noclick="1"   targetid="mx7640"    class="text dh mh  " style="display:block;padding-left:2px;padding-top:2px;;;;;" title="Select Value">Select Value</label></h1></div></td>
					<td id="mx7645_header_2"   class="dhbsh" valign="middle" style="padding:0px;white-space:nowrap;" width="100%"><div aria-live="polite" id="mx7641_holder" class="bc">	<div id="mx7641" name="mx7641" class="ts dh mh  "  >&nbsp;</div>
</div></td>
					<td id="mx7645_header_3"  align="right" class="dhbsh" valign="middle" style="padding:0px;white-space:nowrap;" width="100%"></td>
					<td id="mx7645_header_4"  align="right" class="dhbsh" valign="middle" style="padding:0px;white-space:nowrap;" width="100%"></td>
					<td id="mx7645_header_5"  align="right" class="dhbsh" valign="middle" style="padding:0px;white-space:nowrap;" width="100%"></td>
								</tr>
								</table>
							</td>
						</tr>
					</table>
				</td>
			</tr>
		</table></td>
			</tr>
			<tr id="mx7651_content1" aria-live="polite"   style="" valign="top">
				<td id="mx7651_inner_content"  valign="BOTTOM"  style="padding:0px; %>">
<table role="presentation" id="mx7650"  class="dialogb" width="100%" style="position:relative;top:0px;margin:0px;" height="100%" ondblclick="cancelEvent(event);">
	<tr>
		<td class="  " style=";padding:0px;" align="">

		<table role="presentation" width="100%"  height="*" ondblclick="cancelEvent(event);">
	<tr>
		<td class="    dss" align="center">
	<div aria-live="polite" id="dialogmessage_holder" class="bc"><label ctype="label"  id="dialogmessage"    noclick="1"   targetid="dialogmessage"  role='alert'    class="text label  label  text  dum" style="display:block;padding-left:2px;padding-top:2px;;;;;" title="">&nbsp;</label></div>
		</td>
	</tr>
</table>
<table role="presentation" width="100%"  height="*" ondblclick="cancelEvent(event);">
	<tr>
		<td class="db    dss" align="">
	
			<div id="lookup_valuelist_bodydiv" class="dbDiv"  onscroll='hideAllMenusNF()'>
	
			<table role="presentation" cellspacing="2" width="100%">
							<tr   control="true" id="mx7694_0"    style="vertical-align:top;">
				<td    nowrap="nowrap"  id="mx7693_0"     valign="top" style="vertical-align:top;">
	<!-- BEGIN Tableouter -->
	<div nowrap id="mx7692_holder" class="tableouter"  style="display:inline;background-color: inherit !important">
	
		<table role="presentation" id="mx7692"  valign="top" summary="" class="  " style="width:100%;border-collapse: collapse;">
				<tr   control="true" id="mx7691_0"    style="vertical-align:top;">
		<td id="mx7675" class="hbouter"  style="padding:0px;;white-space:nowrap;" onkeydown="tableHotkey(event, this);" role="presentation">
			<table cellspacing="0" cellpadding="0" style="width:100%;" class="" role="presentation">
				<tr>
						<td class="h_l"></td>
					<td id="mx7675_header_0"  align="left" class="hb thb   hbsh" valign="middle" style="padding:0px;white-space:nowrap;" width:100%;><div aria-live="polite" id="mx7653_holder" class="bc"></div></td>
					<td id="mx7675_header_1"   class="hb thb   hbsh" valign="middle" style="padding:0px;white-space:nowrap;" width:100%;><div aria-live="polite" id="mx7654_holder" class="bc"><img sf="1" aria-hidden="true" active="0" ctype="image" alt=""  src="../webclient/skins-20170809-1350/tivoli09/images/tablebtn_divider.gif" source="tablebtn_divider.gif" imgtype="" style="display:block;margin:0px" border="0"           id="mx7654" title=""/></div></td>
					<td id="mx7675_header_2"   class="hb thb   hbsh" valign="middle" style="padding:0px;white-space:nowrap;" width:100%;><div aria-live="polite" id="mx7655_holder" class="bc"><a  href="javascript: void(0);" ctype="toggleimage" ev="true" tabindex="0"  compid="mx7655"  title="Close Filter CTRL+Z"><img id="mx7655"  aria-disabled="true" aria-hidden="true"  tabindex="-1" border="0" class="ti   " src="../webclient/skins-20170809-1350/tivoli09/images/tablebtn_filter_on.gif" source="tablebtn_filter_on.gif" imgtype="" ev="true" align="top" style="display:block;margin:0px;"  alt="Close Filter CTRL+Z"  /></a>
</div></td>
					<td id="mx7675_header_3"  align="left" class="hb thb   hbsh" valign="middle" style="padding:0px;white-space:nowrap;" width:100%;><div aria-live="polite" id="mx7656_holder" class="bc"><span ctype="label"  id="mx7656"   tabindex="0"      targetid="mx7656"  mxevent="click"  class="text tht   anchor" style="display:block;padding-left:2px;padding-top:2px;;cursor:pointer;;;;" title="Filter">Filter</span></div></td>
					<td id="mx7675_header_4"   class="hb thb   hbsh" valign="middle" style="padding:0px;white-space:nowrap;" width:100%;><div aria-live="polite" id="mx7657_holder" class="bc"><img sf="1" aria-hidden="true" active="0" ctype="image" alt=""  src="../webclient/skins-20170809-1350/tivoli09/images/img_arrow_quickfilter.gif" source="img_arrow_quickfilter.gif" imgtype="" style="display:block;margin:0px" border="0"           id="mx7657" title=""/></div></td>
					<td id="mx7675_header_5"   class="hb thb   hbsh" valign="middle" style="padding:0px;white-space:nowrap;" width:100%;><div aria-live="polite" id="mx7658_holder" class="bc"><a  href="javascript: void(0);" ctype="toggleimage" ev="true" tabindex="0"  compid="mx7658"  title="Filter Table"><img id="mx7658"  aria-disabled="true" aria-hidden="true"  tabindex="-1" border="0" class="ti   " src="../webclient/skins-20170809-1350/tivoli09/images/qf_find.gif" source="qf_find.gif" imgtype="" ev="true" align="top" style="display:block;margin:0px;"  alt="Filter Table"  /></a>
</div></td>
					<td id="mx7675_header_6"   class="hb thb   hbsh" valign="middle" style="padding:0px;white-space:nowrap;" width:100%;><div aria-live="polite" id="mx7659_holder" class="bc"><img sf="1" aria-hidden="true" active="0" ctype="image" alt=""  src="../webclient/skins-20170809-1350/tivoli09/images/tablebtn_divider.gif" source="tablebtn_divider.gif" imgtype="" style="display:block;margin:0px" border="0"           id="mx7659" title=""/></div></td>
					<td id="mx7675_header_7"   class="hb thb   hbsh" valign="middle" style="padding:0px;white-space:nowrap;" width:100%;><div aria-live="polite" id="mx7660_holder" class="bc"><a ctype="toggleimage" ev="false" tabindex="-1" active="0" compid="mx7660"  title="" disabled="disabled"><img id="mx7660"  aria-disabled="true" aria-hidden="true"  tabindex="-1" border="0" class="ti   opacity_30" src="../webclient/skins-20170809-1350/tivoli09/images/qf_clear_disabled.gif" source="qf_clear_disabled.gif" imgtype="" ev="false" align="top" style="display:block;margin:0px;"  alt=""  /></a>
</div></td>
					<td id="mx7675_header_8"   class="hb thb   hbsh" valign="middle" style="padding:0px;white-space:nowrap;" width:100%;></td>
					<td id="mx7675_header_9"   class="hb thb   hbsh" valign="middle" style="padding:0px;white-space:nowrap;" width:100%;></td>
					<td id="mx7675_header_10"   class="hb thb   hbsh" valign="middle" style="padding:0px;white-space:nowrap;" width:100%;><div aria-live="polite" id="mx7663_holder" class="bc"><img sf="1" aria-hidden="true" active="0" ctype="image" alt=""  src="../webclient/skins-20170809-1350/tivoli09/images/tablebtn_divider.gif" source="tablebtn_divider.gif" imgtype="" style="display:block;margin:0px" border="0"           id="mx7663" title=""/></div></td>
					<td id="mx7675_header_11"   class="hb thb   hbsh" valign="middle" style="padding:0px;white-space:nowrap;" width:100%;><div aria-live="polite" id="mx7664_holder" class="bc"><a ctype="toggleimage" ev="false" tabindex="-1" active="0" compid="mx7664"  title="" disabled="disabled"><img id="mx7664"  aria-disabled="true" aria-hidden="true"  tabindex="-1" border="0" class="ti   opacity_30" src="../webclient/skins-20170809-1350/tivoli09/images/tablebtn_nextup_off.gif" source="tablebtn_nextup_off.gif" imgtype="" ev="false" align="top" style="display:block;margin:0px;"  alt=""  /></a>
</div></td>
					<td id="mx7675_header_12"   class="hb thb   hbsh" valign="middle" style="padding:0px;white-space:nowrap;" width:100%;><div aria-live="polite" id="mx7665_holder" class="bc"><img sf="1" aria-hidden="true" active="0" ctype="image" alt=""  src="../webclient/skins-20170809-1350/tivoli09/images/blank.gif" source="blank.gif" imgtype="" style="display:block;margin:0px" border="0"       width="7px" height="7px"   id="mx7665" title=""/></div></td>
					<td id="mx7675_header_13"   class="hb thb   hbsh" valign="middle" style="padding:0px;white-space:nowrap;" width:100%;><div aria-live="polite" id="mx7666_holder" class="bc"><a  href="javascript: void(0);" ctype="toggleimage" ev="true" tabindex="0"  compid="mx7666"  title="Next Row     [CTRL+Down Arrow]"><img id="mx7666"  aria-disabled="true" aria-hidden="true"  tabindex="-1" border="0" class="ti   " src="../webclient/skins-20170809-1350/tivoli09/images/tablebtn_nextdown_on.gif" source="tablebtn_nextdown_on.gif" imgtype="" ev="true" align="top" style="display:block;margin:0px;"  alt="Next Row     [CTRL+Down Arrow]"  /></a>
</div></td>
					<td id="mx7675_header_14"   class="hb thb   hbsh" valign="middle" style="padding:0px;white-space:nowrap;" width:100%;><div aria-live="polite" id="mx7667_holder" class="bc"><img sf="1" aria-hidden="true" active="0" ctype="image" alt=""  src="../webclient/skins-20170809-1350/tivoli09/images/tablebtn_divider.gif" source="tablebtn_divider.gif" imgtype="" style="display:block;margin:0px" border="0"           id="mx7667" title=""/></div></td>
					<td id="mx7675_header_15"   class="hb thb   hbsh" valign="middle" style="padding:0px;white-space:nowrap;" width:100%;><div aria-live="polite" id="mx7668_holder" class="bc"><a ctype="toggleimage" ev="false" tabindex="-1" active="0" compid="mx7668"  title="" disabled="disabled"><img id="mx7668"  aria-disabled="true" aria-hidden="true"  tabindex="-1" border="0" class="ti   opacity_30" src="../webclient/skins-20170809-1350/tivoli09/images/tablebtn_previous_off.gif" source="tablebtn_previous_off.gif" imgtype="" ev="false" align="top" style="display:block;margin:0px;"  alt=""  /></a>
</div></td>
					<td id="mx7675_header_16"  align="left" class="hb thb   hbsh" valign="middle" style="padding:0px;white-space:nowrap;" width:100%;><div aria-live="polite" id="mx7669_holder" class="bc"><label ctype="label"  id="mx7669"    noclick="1"   targetid="mx7669"    class="text tht  " style="display:block;padding-left:2px;padding-top:2px;;;;;" title="1 - 2 of 2">1 - 2 of 2</label></div></td>
					<td id="mx7675_header_17"   class="hb thb   hbsh" valign="middle" style="padding:0px;white-space:nowrap;" width:100%;><div aria-live="polite" id="mx7670_holder" class="bc"><a ctype="toggleimage" ev="false" tabindex="-1" active="0" compid="mx7670"  title="" disabled="disabled"><img id="mx7670"  aria-disabled="true" aria-hidden="true"  tabindex="-1" border="0" class="ti   opacity_30" src="../webclient/skins-20170809-1350/tivoli09/images/tablebtn_next_off.gif" source="tablebtn_next_off.gif" imgtype="" ev="false" align="top" style="display:block;margin:0px;"  alt=""  /></a>
</div></td>
					<td id="mx7675_header_18"   class="hb thb   hbsh" valign="middle" style="padding:0px;white-space:nowrap;" width="100%"><div aria-live="polite" id="mx7671_holder" class="bc">	<div id="mx7671" name="mx7671" class="text ts  ts  "  >&nbsp;</div>
</div></td>
					<td id="mx7675_header_19"  align="left" class="hb thb   hbsh" valign="middle" style="padding:0px;white-space:nowrap;" width="100%"><div aria-live="polite" id="mx7672_holder" class="bc"><a ctype="label"  id="mx7672"  href="http://porud755/maximo/ui/1526722319566?_tbldnld=valuelist&amp;uisessionid=267&amp;csrftoken=6k544bfh8i0h8rfj5656r8noj5" onmouseover="return noStatus();" target="_blank"  noclick="1"   targetid="mx7672"    class="text tht  " style="display:block;;;;;" title="Download"><img id='mx7672_image' src='../webclient/skins-20170809-1350/tivoli09/images/tablebtn_download.gif'  border='0' alt="Download" style='vertical-align:top;margin:0px;margin-left:3px;margin-right:3px;'/><span>Download</span></a></div></td>
					<td id="mx7675_header_20"   class="hb thb   hbsh" valign="middle" style="padding:0px;white-space:nowrap;" width="100%"><div aria-live="polite" id="mx7673_holder" class="bc"><img sf="1" aria-hidden="true" active="0" ctype="image" alt=""  src="../webclient/skins-20170809-1350/tivoli09/images/tablebtn_divider.gif" source="tablebtn_divider.gif" imgtype="" style="display:block;margin:0px" border="0"           id="mx7673" title=""/></div></td>
					<td id="mx7675_header_21"   class="hb thb   hbsh" valign="middle" style="padding:0px;white-space:nowrap;" width="100%"><div aria-live="polite" id="mx7674_holder" class="bc"><a  href="javascript: void(0);" ctype="toggleimage" ev="true" tabindex="0"  compid="mx7674"  title="Hide Table: {0}"><img id="mx7674"  aria-disabled="true" aria-hidden="true"  tabindex="-1" border="0" class="ti   " src="../webclient/skins-20170809-1350/tivoli09/images/minimize.gif" source="minimize.gif" imgtype="" ev="true" align="top" style="display:block;margin:0px;"  alt="Hide Table: {0}"  /></a>
</div></td>
					<td class="h_r"></td>
				</tr>
			</table>
		</td>
				</tr>
				<tr   control="true" id="mx7691_1"    style="vertical-align:top;">
				</tr>
				<tr   control="true" id="mx7691_2"    style="vertical-align:top;">
				<td    nowrap="nowrap"  id="mx7685_0"     valign="top" style="vertical-align:top;"><table role="presentation" control="true" id="mx7684"   width="100%"  class="table  " summary="" onkeydown="tableHotkey(event, this);" style="width:100%;;;vertical-align:top">				<tr   control="true" id="mx7700_0"    style="vertical-align:top;">
				<td    nowrap="nowrap"  id="mx7699_0"   class="tbod " valign="top" style="vertical-align:top;"><div id="mx7698_bodyholder" >
				<div id="mx7698_bodyholder1"  style="width:100%;">
					<table role="grid" id="mx7698" rownum="0" aria-labelledby="mx7653" rowsperpage="20" displayrows="2"  valign="top" summary=""  style="" class="tbod  ">
						<tr>
							<th id="valuelist_lookup_tablebody_rowholder" colspan="200" style='display:none'></th>
						</tr>
	<tr aria-invalid="true" role="row" id="mx7714"    class="ttitr   treven" style="display:;">
	<th id="errtitle"></th>	<th role="columnheader" control="true" id="mx7733"    onclick="" style="; " currentrow="false" class="tc    cursor_hand"   ><table role="presentation" id="mx7733_inner" style="display:inline; " >
			<tr>
					<td    nowrap="nowrap"  id="mx7732_0"     valign="top" style="vertical-align:top;"><table role="presentation" control="true" id="mx7731"   width="100%"  class="  " summary=""  style="width:100%;;;vertical-align:top">				<tr   control="true" id="mx7740_0"    style="vertical-align:top;">
				<td    nowrap="nowrap"  id="mx7739_0"     valign="top" style="vertical-align:top;"><div aria-live="polite" id="mx7735_holder" class="bc"><span ctype="sortlabel"  id="mx7735"   tabindex="0"    ev="0"  targetid="mx7735"  mxevent="click"  class="text hcns   anchor" style="padding:0px;padding-left:1px;margin:0px;;cursor:pointer;;;;" title="Value">Value</span></div><div aria-live="polite" id="mx7736_holder" class="bc"><img id="mx7736"  tabindex="-1" border="0" src="../webclient/skins-20170809-1350/tivoli09/images/col_sort_asc.gif" aria-live="polite" alt="Sort Ascending" width="11" height="11" align="absmiddle" style="margin:0px;"  />
</div></td>
				</tr>
</table>
</td>
		
				</tr>
			</table></th>
		<th role="columnheader" control="true" id="mx7744"    onclick="" style="; " currentrow="false" class="tc    cursor_hand"   ><table role="presentation" id="mx7744_inner" style="display:inline; " >
			<tr>
					<td    nowrap="nowrap"  id="mx7743_0"     valign="top" style="vertical-align:top;"><table role="presentation" control="true" id="mx7742"   width="100%"  class="  " summary=""  style="width:100%;;;vertical-align:top">				<tr   control="true" id="mx7751_0"    style="vertical-align:top;">
				<td    nowrap="nowrap"  id="mx7750_0"     valign="top" style="vertical-align:top;"><div aria-live="polite" id="mx7746_holder" class="bc"><span ctype="sortlabel"  id="mx7746"   tabindex="0"    ev="1"  targetid="mx7746"  mxevent="click"  class="text hcns   anchor" style="padding:0px;padding-left:1px;margin:0px;;cursor:pointer;;;;" title="Description">Description</span></div><div aria-live="polite" id="mx7747_holder" class="bc"><img id="mx7747"  tabindex="-1" border="0" src="../webclient/skins-20170809-1350/tivoli09/images/blank.gif" aria-live="polite" alt="Default Sort" width="0" height="11" align="absmiddle" style="margin:0px;"  />
</div></td>
				</tr>
</table>
</td>
		
				</tr>
			</table></th>
	
	</tr>

	<tr aria-invalid="true" role="row" id="mx7717"  onkeyup="if(tableRowEnterKeyFlag==1 && event.keyCode==KEYCODE_ENTER){sendEvent('filterrows','mx7717','');cancelEvent(event);}" onkeydown="if(event.keyCode == KEYCODE_ENTER) tableRowEnterKeyFlag=1; else tableRowEnterKeyFlag=0;" class="tfr   trodd" style="display:;">
	<td headers="errtitle"></td>	<td role="gridcell" control="true" id="mx7755"    onclick="" style="; " currentrow="false" class="tc    cursor_hand" headers="mx7733"  ><table role="presentation" id="mx7755_inner" style="display:inline; " >
			<tr>
					<td    nowrap="nowrap"  id="mx7754_0"     valign="top" style="vertical-align:top;"><table role="presentation" control="true" id="mx7753"   width="100%"  class="  " summary=""  style="width:100%;;;vertical-align:top">				<tr   control="true" id="mx7763_0"    style="vertical-align:top;">
				<td    nowrap="nowrap"  id="mx7762_0"  align="right"   valign="middle" style="vertical-align:middle;"></td>
				<td    nowrap="nowrap"  id="mx7762_1"     valign="middle" style="vertical-align:middle;"><div aria-live="polite" id="mx7759_holder" class="bc"><input   role="textbox"  id="mx7759" class="fld text tablefilterfield  tt queryField"     ctype="textbox"   li="mx7760"      style=";width:300.0px;"  ontr='true' async='1'  ae="setvalue"    type="text" title="Value filter" value="" ov="" fldInfo='{&quot;query&quot;:true,&quot;eventpriority&quot;:1}'/></div><div aria-live="polite" id="mx7760_holder" class="bc"><img sf="1" aria-hidden="true" active="0" ctype="image" alt=""  src="../webclient/skins-20170809-1350/tivoli09/images/blank.gif" source="blank" imgtype=".gif" style="display:inline;margin:0px;" border="0"  lc="mx7759"    align="absmiddle" width='0px' height='26px'   id="mx7760" title=""/></div></td>
				</tr>
</table>
</td>
		
				</tr>
			</table></td>
		<td role="gridcell" control="true" id="mx7767"    onclick="" style="; " currentrow="false" class="tc    cursor_hand" headers="mx7744"  ><table role="presentation" id="mx7767_inner" style="display:inline; " >
			<tr>
					<td    nowrap="nowrap"  id="mx7766_0"     valign="top" style="vertical-align:top;"><table role="presentation" control="true" id="mx7765"   width="100%"  class="  " summary=""  style="width:100%;;;vertical-align:top">				<tr   control="true" id="mx7775_0"    style="vertical-align:top;">
				<td    nowrap="nowrap"  id="mx7774_0"  align="right"   valign="middle" style="vertical-align:middle;"></td>
				<td    nowrap="nowrap"  id="mx7774_1"     valign="middle" style="vertical-align:middle;"><div aria-live="polite" id="mx7771_holder" class="bc"><input   role="textbox"  id="mx7771" class="fld text tablefilterfield  tt queryField"     ctype="textbox"   li="mx7772"      style=";width:300.0px;"  ontr='true' async='1'  ae="setvalue"    type="text" title="Description filter" value="" ov="" fldInfo='{&quot;query&quot;:true}'/></div><div aria-live="polite" id="mx7772_holder" class="bc"><img sf="1" aria-hidden="true" active="0" ctype="image" alt=""  src="../webclient/skins-20170809-1350/tivoli09/images/blank.gif" source="blank" imgtype=".gif" style="display:inline;margin:0px;" border="0"  lc="mx7771"    align="absmiddle" width='0px' height='26px'   id="mx7772" title=""/></div></td>
				</tr>
</table>
</td>
		
				</tr>
			</table></td>
	
	</tr>

	<tr aria-invalid="true" role="row" id="mx7720"    class="nrm   treven" aria-hidden="true"  style="display:none;">
	<td headers="errtitle"></td>
	</tr>

	<tr aria-invalid="true" role="row" id="mx7723[R:0]"  current="true"   class="tablerow   tcr trodd" style="display:;">
	<td headers="errtitle"><img id='mx7723[R:0]_er_img' src='../webclient/skins-20170809-1350/tivoli09/images/blank.gif' style='display:none' class='tablerow_blank_icon' title="" alt=""/></td>	<td role="gridcell" control="true" id="mx7787[R:0]"    onmouseover="appendClass(this.parentNode,'trh')" onmouseout="removeClass(this.parentNode,'trh')" onclick="tcClick(event,'mx7787[R:0]')" style="; width:;" currentrow="true" class="tc hl   cursor_hand" headers="mx7733"  ><table role="presentation" id="mx7787[R:0]_inner" style="display:inline; " >
			<tr>
					<td    nowrap="nowrap"  id="mx7786[R:0]_0"     valign="top" style="vertical-align:top;"><table role="presentation" control="true" id="mx7785[R:0]"   width="100%"  class="  " summary=""  style="width:100%;;;vertical-align:top">				<tr   control="true" id="mx7791[R:0]_0"    style="vertical-align:top;">
				<td    nowrap="nowrap"  id="mx7790[R:0]_0"  align="left"   valign="top" style="vertical-align:top;"><div aria-live="polite" id="mx7789[R:0]_holder" class="bc"><span ctype="label"  id="mx7789[R:0]"   tabindex="0"      targetid="mx7789[R:0]"  mxevent="click"  class="text txtbold text label  label   anchor" style="padding:0px;padding-left:1px;margin:0px;;cursor:pointer;;;;" title="NO">NO</span></div></td>
				</tr>
</table>
</td>
		
				</tr>
			</table></td>
		<td role="gridcell" control="true" id="mx7795[R:0]"    onmouseover="appendClass(this.parentNode,'trh')" onmouseout="removeClass(this.parentNode,'trh')" onclick="tcClick(event,'mx7795[R:0]')" style="; width:;" currentrow="true" class="tc hl   cursor_hand" headers="mx7744"  ><table role="presentation" id="mx7795[R:0]_inner" style="display:inline; " >
			<tr>
					<td    nowrap="nowrap"  id="mx7794[R:0]_0"     valign="top" style="vertical-align:top;"><table role="presentation" control="true" id="mx7793[R:0]"   width="100%"  class="  " summary=""  style="width:100%;;;vertical-align:top">				<tr   control="true" id="mx7799[R:0]_0"    style="vertical-align:top;">
				<td    nowrap="nowrap"  id="mx7798[R:0]_0"  align="left"   valign="top" style="vertical-align:top;"><div aria-live="polite" id="mx7797[R:0]_holder" class="bc"><span ctype="label"  id="mx7797[R:0]"   tabindex="0"      targetid="mx7797[R:0]"  mxevent="click"  class="text txtbold text label  label   anchor" style="padding:0px;padding-left:1px;margin:0px;;cursor:pointer;;;;" title="NO">NO</span></div></td>
				</tr>
</table>
</td>
		
				</tr>
			</table></td>
	
	</tr>

	<tr aria-invalid="true" role="row" id="mx7723[R:1]"    class="tablerow   treven" style="display:;">
	<td headers="errtitle"><img id='mx7723[R:1]_er_img' src='../webclient/skins-20170809-1350/tivoli09/images/blank.gif' style='display:none' class='tablerow_blank_icon' title="" alt=""/></td>	<td role="gridcell" control="true" id="mx7787[R:1]"    onmouseover="appendClass(this.parentNode,'trh')" onmouseout="removeClass(this.parentNode,'trh')" onclick="tcClick(event,'mx7787[R:1]')" style="; width:;" currentrow="false" class="tc hl   cursor_hand" headers="mx7733"  ><table role="presentation" id="mx7787[R:1]_inner" style="display:inline; " >
			<tr>
					<td    nowrap="nowrap"  id="mx7786[R:1]_0"     valign="top" style="vertical-align:top;"><table role="presentation" control="true" id="mx7785[R:1]"   width="100%"  class="  " summary=""  style="width:100%;;;vertical-align:top">				<tr   control="true" id="mx7791[R:1]_0"    style="vertical-align:top;">
				<td    nowrap="nowrap"  id="mx7790[R:1]_0"  align="left"   valign="top" style="vertical-align:top;"><div aria-live="polite" id="mx7789[R:1]_holder" class="bc"><span ctype="label"  id="mx7789[R:1]"   tabindex="0"      targetid="mx7789[R:1]"  mxevent="click"  class="text label  label   anchor" style="padding:0px;padding-left:1px;margin:0px;;cursor:pointer;;;;" title="YES">YES</span></div></td>
				</tr>
</table>
</td>
		
				</tr>
			</table></td>
		<td role="gridcell" control="true" id="mx7795[R:1]"    onmouseover="appendClass(this.parentNode,'trh')" onmouseout="removeClass(this.parentNode,'trh')" onclick="tcClick(event,'mx7795[R:1]')" style="; width:;" currentrow="false" class="tc hl   cursor_hand" headers="mx7744"  ><table role="presentation" id="mx7795[R:1]_inner" style="display:inline; " >
			<tr>
					<td    nowrap="nowrap"  id="mx7794[R:1]_0"     valign="top" style="vertical-align:top;"><table role="presentation" control="true" id="mx7793[R:1]"   width="100%"  class="  " summary=""  style="width:100%;;;vertical-align:top">				<tr   control="true" id="mx7799[R:1]_0"    style="vertical-align:top;">
				<td    nowrap="nowrap"  id="mx7798[R:1]_0"  align="left"   valign="top" style="vertical-align:top;"><div aria-live="polite" id="mx7797[R:1]_holder" class="bc"><span ctype="label"  id="mx7797[R:1]"   tabindex="0"      targetid="mx7797[R:1]"  mxevent="click"  class="text label  label   anchor" style="padding:0px;padding-left:1px;margin:0px;;cursor:pointer;;;;" title="YES">YES</span></div></td>
				</tr>
</table>
</td>
		
				</tr>
			</table></td>
	
	</tr>

	<tr aria-invalid="true" role="row" id="mx7729"    class="tablerow   troddtsr" aria-hidden="true"  style="display:none;">
					<td role='gridcell'    colspan='100' nowrap="nowrap"  id="mx7728_0"  align="left" class="tsrs " valign="middle" style="vertical-align:middle;"><div aria-live="polite" id="mx7727_holder" class="bc"><a  href="javascript: void(0);" ctype="toggleimage" ev="false" tabindex="0"  compid="mx7727"  title="Select Specific Records"><img id="mx7727"  aria-disabled="true" aria-hidden="true"  tabindex="-1" border="0" class="ti toggleselectcheckbox  " src="../webclient/skins-20170809-1350/tivoli09/images/table_cb_unchecked.gif" source="table_cb_unchecked" imgtype=".gif" ev="false" align="top" style="display:inline;margin:0px;"  alt="Select Specific Records"  /></a>
		&nbsp;<span id="mx7727_label"  class="text">Select Records</span>
</div></td>

	</tr>

						</table>
					</div>
				</div></td>
				</tr>
</table>
</td>
				</tr>
				<tr   control="true" id="mx7691_3"    style="vertical-align:top;">
				</tr>
		</table>
	
	</div>
<!-- END Tableouter -->
</td>
				</tr>

			</table>
			
			</div>
	
		</td>
	</tr>
</table>
<table role="presentation" width="100%" class="dbottom" height="*" ondblclick="cancelEvent(event);">
	<tr>
		<td class="    dss" align="right">
	
			<table role="presentation" cellspacing="2" width="100%">
							<tr   control="true" id="mx7709_0"    style="vertical-align:top;">

<td colspan="7" height="0" align="right" id="mx7708"  style=";white-space: nowrap;" class="invisbuttongroup">
	<div style="width:100%;;">
		<table id="mx7708_table"  summary="" role="group">
			<tr>
			<td align="right" style="white-space: nowrap;">
<div aria-live="polite" id="mx7711_holder" class="bc">
		<button ctype="pushbutton"      control="true" id="mx7711"  class="text pb default"  style="">Cancel</button></div>			</td>
			</tr>
		</table>
	</div>
</td>
				</tr>

			</table>
			
		</td>
	</tr>
</table>

		</td>
	</tr>
</table>

<img tabindex="0" labelid="mx7640" alt="" id="lookup_valuelist_last" onfocus="moveable_onfocus(this);" src="../webclient/skins-20170809-1350/tivoli09/images/blank.gif" width="1" height="1" lastbuttonid="mx7711"></td>
			</tr>
		</table>
		<script>
			window.setTimeout("_initDialog('mx7651','lookup_valuelist',-1,true)", 50);
		</script>
]]></component>

<deferredscript><![CDATA[scrollScreen('0','0');focusItem('mx7759',true);resetLogoutTimer(true);if(tpaeConfig.validationOn) {setButtonEnabled(saveButton,false)};]]></deferredscript></server_response>