<?xml version="1.0" encoding="UTF-8" ?>
<server_response csrftoken="6k544bfh8i0h8rfj5656r8noj5">
	<component id="mx8188_holder"><![CDATA[<script>
		var el = document.getElementById("mx8188");
		if(el)
		{
			el.style.display="";
		}
	</script>]]></component>

			<component id="mx8216_holder"><![CDATA[<script>
		var el = document.getElementById("mx8216");
		if(el)
		{
			el.style.display="";
		}
	</script>]]></component>
<component vis="true" id="mx8215_holder" compid="mx8215"><![CDATA[<a  href="javascript: void(0);" ctype="toggleimage" ev="true" tabindex="0"  compid="mx8215"  title="Minimize Section"><img id="mx8215"  aria-disabled="true" aria-hidden="true"  tabindex="-1" border="0" class="ti   " src="../webclient/skins-20170809-1350/tivoli09/images/minimize.gif" source="minimize.gif" imgtype="" ev="true" align="top" style="display:block;margin:0px;"  alt="Minimize Section"  /></a>
]]></component>
<component vis="true" id="mx8252_holder" compid="mx8252"><![CDATA[<label ctype="label"  id="mx8252"    noclick="1"   targetid="mx8252"    class="text label  label  " style="display:block;padding-left:2px;padding-top:2px;;;;;" for="mx8254" title="New Status"><img class='required_label' width='8px' height='8px' align='absmiddle' border='0' src='../webclient/skins-20170809-1350/tivoli09/images/required_label.gif' alt=''/>New Status:</label>]]></component>
<component vis="true" id="mx8254_holder" compid="mx8254"><![CDATA[<input  aria-required="true"  role="combobox" aria-autocomplete="none"  id="mx8254" class="fld text cbt  ibfld fld_req"     ctype="textbox"   li="mx8255" liclick="1"    maxlength="16" style=";width:75.0px;"      sue="1"  readonly="readonly" type="text" title="New Status: On site / Arrived on Site" value="On site / Arrived on Site" ov="On site / Arrived on Site" work="1" fldInfo='{&quot;length&quot;:&quot;16&quot;,&quot;inttype&quot;:&quot;1&quot;,&quot;eventpriority&quot;:1,&quot;required&quot;:true}'/>]]></component>
	<compvalue id="mx8254"><![CDATA[On site / Arrived on Site]]></compvalue>
<component vis="true" id="mx8255_holder" compid="mx8255"><![CDATA[<img sf="1"   ctype="image" alt="Drop-down image"  src="../webclient/skins-20170809-1350/tivoli09/images/IE_dropdown.gif" source="IE_dropdown" imgtype=".gif" style="cursor:default;display:inline;margin:0px" border="0"  lc="mx8254"  class="di " align="absmiddle"    ev="combobox" id="mx8255" tabindex="-1" title="Drop-down image"/>]]></component>
		<component id="mx8306_holder"><![CDATA[<script>
		addLoadMethod("updateDisplay('mx8306','')");
		</script>]]></component>

		<finalscript><![CDATA[
			makeDialogScroll('mx8194','status',-1);
		]]></finalscript>
<deferredscript><![CDATA[focusItem('mx8254',true);scrollScreen('0','0');resetLogoutTimer(true);if(tpaeConfig.validationOn) {setButtonEnabled(saveButton,false)};]]></deferredscript></server_response>