<?xml version="1.0" encoding="UTF-8" ?>
<server_response csrftoken="6k544bfh8i0h8rfj5656r8noj5">
<component id="mx28_holder" role="alert" ><![CDATA[
		<script>
	
			// IV37703 - Titlebar message not displaying for full timeout
			//addLoadMethod("showMessage(0, 'BMXAA4591I - Status change(s) completed successfully.', false);");
			addLoadMethod("showMessage(0, \"BMXAA4591I - Status change(s) completed successfully.\", false);");  // RTC defect # 92784
	
		</script>
	]]></component>	<component id="mx900_holder"><![CDATA[<script>
		var el = document.getElementById("mx900");
		if(el)
		{
			el.style.display="";
		}
	</script>]]></component>
<component vis="true" id="mx1067_holder" compid="mx1067"><![CDATA[<input  aria-readonly="true"  role="textbox"  id="mx1067" class="fld text   fld fld_ro"     ctype="textbox"   li="mx1068"     maxlength="16" style=";width:75.0px;"   async='1'  ae="setvalue"  tabindex="-1" readonly="readonly" type="text" title="Status: ONSITE" value="ONSITE" ov="ONSITE" work="1" fldInfo='{&quot;length&quot;:&quot;16&quot;,&quot;inttype&quot;:&quot;1&quot;,&quot;required&quot;:true}'/>]]></component>
	<compvalue id="mx1067"><![CDATA[ONSITE]]></compvalue>
<component vis="true" id="mx1075_holder" compid="mx1075"><![CDATA[<script>
		dojo.require('layers.mbs.calendar');
		dojo.require('dojo.date.locale');
			dojo.require('ibm.tivoli.mbs.dijit.DateTimeCalendar');
	</script><input  aria-readonly="true"  role="textbox"  id="mx1075" class="fld text   fld fld_ro"     ctype="textbox"   li="mx1076"      style=";width:127.5px;" df="1"  async='1' PopupType="ibm.tivoli.mbs.dijit.DateTimeCalendar" constraints="{datePattern:'dd/MM/yyyy', timePattern:'HH:mm:ss',locale:'en-gb',visibleRange: 'T03:30:00'}" datePackage="" lang="en-gb" lng="en" dojoValue='1526722355000' ae="setvalue"  tabindex="-1" readonly="readonly" type="text" title="Status Date: 19/05/2018 10:32:35" value="" work="1" fldInfo='{&quot;length&quot;:&quot;10&quot;,&quot;inttype&quot;:&quot;4&quot;,&quot;required&quot;:true}'/>	<script type="text/javascript">
		dojo.require("ibm.tivoli.mbs.html");
		formatCalendar('mx1075',ibm.tivoli.mbs.html.decodeEntities('19/05/2018 10:32:35'));
	</script>
]]></component>
	<compvalue id="mx1075"><![CDATA[19/05/2018 10:32:35]]></compvalue>
	<component id="mx1123_holder"><![CDATA[<script>
		var el = document.getElementById("mx1123");
		if(el)
		{
			el.style.display="";
		}
	</script>]]></component>
<component vis="true" id="mx1198_holder" compid="mx1198"><![CDATA[<script>
		dojo.require('layers.mbs.calendar');
		dojo.require('dojo.date.locale');
			dojo.require('ibm.tivoli.mbs.dijit.DateTimeCalendar');
	</script><input   role="textbox"  id="mx1198" class="fld text  "     ctype="textbox"   li="mx1199"      style=";width:127.5px;" df="1"  async='1' PopupType="ibm.tivoli.mbs.dijit.DateTimeCalendar" constraints="{datePattern:'dd/MM/yyyy', timePattern:'HH:mm:ss',locale:'en-gb',visibleRange: 'T03:30:00'}" datePackage="" lang="en-gb" lng="en" dojoValue='1526722355000' ae="setvalue"    type="text" title="Actual Start: 19/05/2018 10:32:35" value="" work="1" fldInfo='{&quot;length&quot;:&quot;10&quot;,&quot;inttype&quot;:&quot;4&quot;,&quot;lookup&quot;:&quot;datelookup&quot;,&quot;eventpriority&quot;:1}'/>	<script type="text/javascript">
		dojo.require("ibm.tivoli.mbs.html");
		formatCalendar('mx1198',ibm.tivoli.mbs.html.decodeEntities('19/05/2018 10:32:35'));
	</script>
]]></component>
	<compvalue id="mx1198"><![CDATA[19/05/2018 10:32:35]]></compvalue>
	<component id="mx1267_holder"><![CDATA[<script>
		var el = document.getElementById("mx1267");
		if(el)
		{
			el.style.display="";
		}
	</script>]]></component>
	<component id="mx1324_holder"><![CDATA[<script>
		var el = document.getElementById("mx1324");
		if(el)
		{
			el.style.display="";
		}
	</script>]]></component>
	<component id="mx1420_holder"><![CDATA[<script>
		var el = document.getElementById("mx1420");
		if(el)
		{
			el.style.display="";
		}
	</script>]]></component>
<component vis="true" id="mx1471_holder" compid="mx1471"><![CDATA[<label ctype="label"  id="mx1471"    noclick="1"   targetid="mx1471"    class="text label  label  " style="display:block;padding-left:2px;padding-top:2px;;;;;" for="mx1473" title="Work Order Programmed"><img class='required_label' width='8px' height='8px' align='absmiddle' border='0' src='../webclient/skins-20170809-1350/tivoli09/images/required_label.gif' alt=''/>Work Order Programmed:</label>]]></component>
<component vis="true" id="mx1472_holder" compid="mx1472"><![CDATA[<img id="mx1472" alt="required" align='absmiddle' src='../webclient/skins-20170809-1350/tivoli09/images/required.gif' style="" class="required "/>]]></component>
<component vis="true" id="mx1473_holder" compid="mx1473"><![CDATA[<input  aria-required="true"  role="textbox"  id="mx1473" class="fld text  fld fld_req"     ctype="textbox"   li="mx1474"     maxlength="3" style=";width:75.0px;"   async='1'  ae="setvalue"    type="text" title="Work Order Programmed: YES" value="YES" ov="YES" work="1" fldInfo='{&quot;length&quot;:&quot;3&quot;,&quot;inttype&quot;:&quot;0&quot;,&quot;lookup&quot;:&quot;valuelist&quot;,&quot;eventpriority&quot;:2,&quot;required&quot;:true}'/>]]></component>
	<compvalue id="mx1473"><![CDATA[YES]]></compvalue>
<component vis="true" id="mx1474_holder" compid="mx1474"><![CDATA[<img sf="1"   ctype="image" alt="Select Value"  src="../webclient/skins-20170809-1350/tivoli09/images/img_lookup.gif" source="img_lookup" imgtype=".gif" style="cursor:default;display:inline;margin:0px" border="0"  lc="mx1473" aria-haspopup="true"   align="absmiddle"    ev="valuelist" id="mx1474" tabindex="-1" title="Select Value"/>]]></component>
	<component id="mx1544_holder"><![CDATA[<script>
		var el = document.getElementById("mx1544");
		if(el)
		{
			el.style.display="";
		}
	</script>]]></component>
<component vis="true" id="mx8326_holder" compid="mx8326" replacemethod="NONE"><![CDATA[
			<script>
			cancelTimerCalls();
			cancelQueryTimeout();
			dialogCount--;
			showObjs();
			var dialogToRemove=getElement("mx8326_inner");
			if(dialogToRemove)
			{
				removePageAutoFill("2");
				dialogTD=dialogToRemove.parentNode;
				dialogRow=dialogTD.parentNode;
				dialogRow.deleteCell(dialogTD.cellIndex);
				removeModalWaitLayer();
			}
			</script>
		]]></component>

<component vis="true" id="mx8194_holder" compid="mx8194" replacemethod="NONE"><![CDATA[<script pre='true'>publishMessage({"channel":"widgetCleanup","message":["mx8202","mx8218","mx8249"]});</script>
			<script>
			cancelTimerCalls();
			cancelQueryTimeout();
			dialogCount--;
			showObjs();
			var dialogToRemove=getElement("mx8194_inner");
			if(dialogToRemove)
			{
				removePageAutoFill("1");
				dialogTD=dialogToRemove.parentNode;
				dialogRow=dialogTD.parentNode;
				dialogRow.deleteCell(dialogTD.cellIndex);
				removeModalWaitLayer();
			}
			</script>
		]]></component>


<deferredscript><![CDATA[focusItem('mx1492',true);resetLogoutTimer(true);if(tpaeConfig.validationOn) {setButtonEnabled(saveButton,false)};]]></deferredscript></server_response>