<?xml version="1.0" encoding="UTF-8" ?>
<server_response csrftoken="6k544bfh8i0h8rfj5656r8noj5">
	<component id="mx8351_holder"><![CDATA[<script>
		var el = document.getElementById("mx8351");
		if(el)
		{
			el.style.display="";
		}
	</script>]]></component>

			<component id="mx8379_holder"><![CDATA[<script>
		var el = document.getElementById("mx8379");
		if(el)
		{
			el.style.display="";
		}
	</script>]]></component>
<component vis="true" id="mx8378_holder" compid="mx8378"><![CDATA[<a  href="javascript: void(0);" ctype="toggleimage" ev="true" tabindex="0"  compid="mx8378"  title="Minimize Section"><img id="mx8378"  aria-disabled="true" aria-hidden="true"  tabindex="-1" border="0" class="ti   " src="../webclient/skins-20170809-1350/tivoli09/images/minimize.gif" source="minimize.gif" imgtype="" ev="true" align="top" style="display:block;margin:0px;"  alt="Minimize Section"  /></a>
]]></component>
<component vis="true" id="mx8415_holder" compid="mx8415"><![CDATA[<label ctype="label"  id="mx8415"    noclick="1"   targetid="mx8415"    class="text label  label  " style="display:block;padding-left:2px;padding-top:2px;;;;;" for="mx8417" title="New Status"><img class='required_label' width='8px' height='8px' align='absmiddle' border='0' src='../webclient/skins-20170809-1350/tivoli09/images/required_label.gif' alt=''/>New Status:</label>]]></component>
<component vis="true" id="mx8417_holder" compid="mx8417"><![CDATA[<input  aria-required="true"  role="combobox" aria-autocomplete="none"  id="mx8417" class="fld text cbt  ibfld fld_req"     ctype="textbox"   li="mx8418" liclick="1"    maxlength="16" style=";width:75.0px;"      sue="1"  readonly="readonly" type="text" title="New Status: Complete" value="Complete" ov="Complete" work="1" fldInfo='{&quot;length&quot;:&quot;16&quot;,&quot;inttype&quot;:&quot;1&quot;,&quot;eventpriority&quot;:1,&quot;required&quot;:true}'/>]]></component>
	<compvalue id="mx8417"><![CDATA[Complete]]></compvalue>
<component vis="true" id="mx8418_holder" compid="mx8418"><![CDATA[<img sf="1"   ctype="image" alt="Drop-down image"  src="../webclient/skins-20170809-1350/tivoli09/images/IE_dropdown.gif" source="IE_dropdown" imgtype=".gif" style="cursor:default;display:inline;margin:0px" border="0"  lc="mx8417"  class="di " align="absmiddle"    ev="combobox" id="mx8418" tabindex="-1" title="Drop-down image"/>]]></component>
		<component id="mx8469_holder"><![CDATA[<script>
		addLoadMethod("updateDisplay('mx8469','')");
		</script>]]></component>

		<finalscript><![CDATA[
			makeDialogScroll('mx8357','status',-1);
		]]></finalscript>
<deferredscript><![CDATA[focusItem('mx8417',true);scrollScreen('0','0');resetLogoutTimer(true);if(tpaeConfig.validationOn) {setButtonEnabled(saveButton,false)};]]></deferredscript></server_response>