<?xml version="1.0" encoding="UTF-8" ?>
<server_response csrftoken="6k544bfh8i0h8rfj5656r8noj5">
<component vis="true" id="mx8518_holder" compid="mx8518" replacemethod="NONE"><![CDATA[
			<script>
			cancelTimerCalls();
			cancelQueryTimeout();
			dialogCount--;
			showObjs();
			var dialogToRemove=getElement("mx8518_inner");
			if(dialogToRemove)
			{
				removePageAutoFill("2");
				dialogTD=dialogToRemove.parentNode;
				dialogRow=dialogTD.parentNode;
				dialogRow.deleteCell(dialogTD.cellIndex);
				removeModalWaitLayer();
			}
			</script>
		]]></component>

	<component id="mx8351_holder"><![CDATA[<script>
		var el = document.getElementById("mx8351");
		if(el)
		{
			el.style.display="";
		}
	</script>]]></component>

			<component id="mx8379_holder"><![CDATA[<script>
		var el = document.getElementById("mx8379");
		if(el)
		{
			el.style.display="";
		}
	</script>]]></component>
		<component id="mx8469_holder"><![CDATA[<script>
		addLoadMethod("updateDisplay('mx8469','')");
		</script>]]></component>

		<finalscript><![CDATA[
			makeDialogScroll('mx8357','status',-1);
		]]></finalscript>
<deferredscript><![CDATA[focusItem('mx8472',true);resetLogoutTimer(true);if(tpaeConfig.validationOn) {setButtonEnabled(saveButton,true)};]]></deferredscript></server_response>