<?xml version="1.0" encoding="UTF-8" ?>
<server_response csrftoken="6k544bfh8i0h8rfj5656r8noj5">
	<component id="mx900_holder"><![CDATA[<script>
		var el = document.getElementById("mx900");
		if(el)
		{
			el.style.display="";
		}
	</script>]]></component>
	<component id="mx1123_holder"><![CDATA[<script>
		var el = document.getElementById("mx1123");
		if(el)
		{
			el.style.display="";
		}
	</script>]]></component>
	<component id="mx1267_holder"><![CDATA[<script>
		var el = document.getElementById("mx1267");
		if(el)
		{
			el.style.display="";
		}
	</script>]]></component>
	<component id="mx1324_holder"><![CDATA[<script>
		var el = document.getElementById("mx1324");
		if(el)
		{
			el.style.display="";
		}
	</script>]]></component>
	<component id="mx1420_holder"><![CDATA[<script>
		var el = document.getElementById("mx1420");
		if(el)
		{
			el.style.display="";
		}
	</script>]]></component>
	<component id="mx1544_holder"><![CDATA[<script>
		var el = document.getElementById("mx1544");
		if(el)
		{
			el.style.display="";
		}
	</script>]]></component>
<component vis="true" id="mx8357_holder" compid="mx8357" replacemethod="NONE"><![CDATA[<script pre='true'>publishMessage({"channel":"widgetCleanup","message":["mx8365","mx8381","mx8412"]});</script>
			<script>
			cancelTimerCalls();
			cancelQueryTimeout();
			dialogCount--;
			showObjs();
			var dialogToRemove=getElement("mx8357_inner");
			if(dialogToRemove)
			{
				removePageAutoFill("1");
				dialogTD=dialogToRemove.parentNode;
				dialogRow=dialogTD.parentNode;
				dialogRow.deleteCell(dialogTD.cellIndex);
				removeModalWaitLayer();
			}
			</script>
		]]></component>


<deferredscript><![CDATA[focusItem('mx1492',true);resetLogoutTimer(true);if(tpaeConfig.validationOn) {setButtonEnabled(saveButton,false)};]]></deferredscript></server_response>