<?xml version="1.0" encoding="UTF-8" ?>
<server_response csrftoken="6k544bfh8i0h8rfj5656r8noj5">
	<component id="mx8536_holder"><![CDATA[<script>
		var el = document.getElementById("mx8536");
		if(el)
		{
			el.style.display="";
		}
	</script>]]></component>
<component vis="true" id="mx8535_holder" compid="mx8535"><![CDATA[<a  href="javascript: void(0);" ctype="toggleimage" ev="true" tabindex="0"  compid="mx8535"  title="Minimize Section"><img id="mx8535"  aria-disabled="true" aria-hidden="true"  tabindex="-1" border="0" class="ti   " src="../webclient/skins-20170809-1350/tivoli09/images/minimize.gif" source="minimize.gif" imgtype="" ev="true" align="top" style="display:block;margin:0px;"  alt="Minimize Section"  /></a>
]]></component>
<component vis="true" id="mx8598_holder" compid="mx8598"><![CDATA[<input   role="textbox"  id="mx8598" class="fld text  "     ctype="textbox"   li="mx8599"     maxlength="3" style=";width:75.0px;"   async='1'  ae="setvalue"    type="text" title="Was SGN attendance on site as a result of a Smart Meter?: NO" value="NO" ov="NO" work="1" fldInfo='{&quot;length&quot;:&quot;3&quot;,&quot;inttype&quot;:&quot;1&quot;,&quot;lookup&quot;:&quot;VALUELIST&quot;,&quot;eventpriority&quot;:2}'/>]]></component>
	<compvalue id="mx8598"><![CDATA[NO]]></compvalue>
	<component id="mx9355_holder"><![CDATA[<script>
		var el = document.getElementById("mx9355");
		if(el)
		{
			el.style.display="";
		}
	</script>]]></component>
<component vis="true" id="mx9336_holder" compid="mx9336"><![CDATA[<span ctype="label"  id="mx9336"   tabindex="0"      targetid="mx9336"  mxevent="click"  class="text tht   anchor" style="display:block;padding-left:2px;padding-top:2px;;cursor:pointer;;;;" title="Filter">Filter</span>]]></component>
<component vis="true" id="mx9349_holder" compid="mx9349"><![CDATA[<label ctype="label"  id="mx9349"    noclick="1"   targetid="mx9349"    class="text tht  " style="display:block;padding-left:2px;padding-top:2px;;;;;" title="0 - 0 of 0">0 - 0 of 0</label>]]></component>
<component vis="true" id="mx9351_holder" compid="mx9351"><![CDATA[	<div id="mx9351" name="mx9351" class="text ts  ts  "  >&nbsp;</div>
]]></component>
<component vis="true" id="mx9352_holder" compid="mx9352"><![CDATA[<a ctype="label" disabled='disabled' id="mx9352"  href="Javascript: void(0);"  noclick="1"   targetid="mx9352"    class="text tht  " style="display:block;;;color:#C0C0C0;;" title="Download"><img id='mx9352_image' src='../webclient/skins-20170809-1350/tivoli09/images/tablebtn_download_off.gif'  border='0' alt="Download" style='vertical-align:top;margin:0px;margin-left:3px;margin-right:3px;'/><span>Download</span></a>]]></component>
		<component id="mx9378_holder"><![CDATA[<script>
		addLoadMethod("updateDisplay('mx9378','')");
		</script>]]></component>

	<component id="mx9385_holder"><![CDATA[<script>
        var tableBody = document.getElementById("mx9385");
        if(tableBody)
        {
			tableBody.setAttribute("rownum", "-1" );
		}
	</script>]]></component>
	
	<component id="mx9400_holder"><![CDATA[<script>
        el = document.getElementById("mx9400");
        if(el)
        {
            
			el.style.display="none";
			el.setAttribute("aria-hidden" , "true");
			el.setAttribute("rownum", "-1" );
		}
		el = document.getElementById("mx9400_inner");
		if(el)
		{
				el.style.display="none";
				el.setAttribute("aria-hidden" , "true");
		}
	</script>]]></component>
	<component id="mx9542_holder"><![CDATA[<script>
		var el = document.getElementById("mx9542");
		if(el)
		{
			el.style.display="";
		}
	</script>]]></component>
<component vis="true" id="mx9523_holder" compid="mx9523"><![CDATA[<span ctype="label"  id="mx9523"   tabindex="0"      targetid="mx9523"  mxevent="click"  class="text tht   anchor" style="display:block;padding-left:2px;padding-top:2px;;cursor:pointer;;;;" title="Filter">Filter</span>]]></component>
<component vis="true" id="mx9536_holder" compid="mx9536"><![CDATA[<label ctype="label"  id="mx9536"    noclick="1"   targetid="mx9536"    class="text tht  " style="display:block;padding-left:2px;padding-top:2px;;;;;" title="0 - 0 of 0">0 - 0 of 0</label>]]></component>
<component vis="true" id="mx9538_holder" compid="mx9538"><![CDATA[	<div id="mx9538" name="mx9538" class="text ts  ts  "  >&nbsp;</div>
]]></component>
<component vis="true" id="mx9539_holder" compid="mx9539"><![CDATA[<a ctype="label" disabled='disabled' id="mx9539"  href="Javascript: void(0);"  noclick="1"   targetid="mx9539"    class="text tht  " style="display:block;;;color:#C0C0C0;;" title="Download"><img id='mx9539_image' src='../webclient/skins-20170809-1350/tivoli09/images/tablebtn_download_off.gif'  border='0' alt="Download" style='vertical-align:top;margin:0px;margin-left:3px;margin-right:3px;'/><span>Download</span></a>]]></component>
		<component id="mx9565_holder"><![CDATA[<script>
		addLoadMethod("updateDisplay('mx9565','')");
		</script>]]></component>

	<component id="mx9572_holder"><![CDATA[<script>
        var tableBody = document.getElementById("mx9572");
        if(tableBody)
        {
			tableBody.setAttribute("rownum", "-1" );
		}
	</script>]]></component>
	
	<component id="mx9589_holder"><![CDATA[<script>
        el = document.getElementById("mx9589");
        if(el)
        {
            
			el.style.display="none";
			el.setAttribute("aria-hidden" , "true");
			el.setAttribute("rownum", "-1" );
		}
		el = document.getElementById("mx9589_inner");
		if(el)
		{
				el.style.display="none";
				el.setAttribute("aria-hidden" , "true");
		}
	</script>]]></component>
<component vis="true" id="mx12795_holder" compid="mx12795" replacemethod="NONE"><![CDATA[
			<script>
			cancelTimerCalls();
			cancelQueryTimeout();
			dialogCount--;
			showObjs();
			var dialogToRemove=getElement("mx12795_inner");
			if(dialogToRemove)
			{
				removePageAutoFill("1");
				dialogTD=dialogToRemove.parentNode;
				dialogRow=dialogTD.parentNode;
				dialogRow.deleteCell(dialogTD.cellIndex);
				removeModalWaitLayer();
			}
			</script>
		]]></component>


<deferredscript><![CDATA[focusItem('mx8598',true);resetLogoutTimer(true);if(tpaeConfig.validationOn) {setButtonEnabled(saveButton,true)};]]></deferredscript></server_response>