<?xml version="1.0" encoding="UTF-8" ?>
<server_response csrftoken="6k544bfh8i0h8rfj5656r8noj5">
<component vis="true" id="mx13108_holder" compid="mx13108" replacemethod="NONE"><![CDATA[
			<script>
			cancelTimerCalls();
			cancelQueryTimeout();
			dialogCount--;
			showObjs();
			var dialogToRemove=getElement("mx13108_inner");
			if(dialogToRemove)
			{
				removePageAutoFill("2");
				dialogTD=dialogToRemove.parentNode;
				dialogRow=dialogTD.parentNode;
				dialogRow.deleteCell(dialogTD.cellIndex);
				removeModalWaitLayer();
			}
			</script>
		]]></component>

<component vis="true" id="mx12976_holder" compid="mx12976" replacemethod="NONE"><![CDATA[<script pre='true'>publishMessage({"channel":"widgetCleanup","message":["mx12984","mx13000","mx13031"]});</script>
			<script>
			cancelTimerCalls();
			cancelQueryTimeout();
			dialogCount--;
			showObjs();
			var dialogToRemove=getElement("mx12976_inner");
			if(dialogToRemove)
			{
				removePageAutoFill("1");
				dialogTD=dialogToRemove.parentNode;
				dialogRow=dialogTD.parentNode;
				dialogRow.deleteCell(dialogTD.cellIndex);
				removeModalWaitLayer();
			}
			</script>
		]]></component>

<!-- Begin of the DIALOG -->
<component vis="true" id="mx13143_holder" compid="mx13143" replacemethod="addDialog"><![CDATA[			<div id='mx13143_inner_dialogwait'  class='wait'>&nbsp;</div>
				<table id="mx13143_inner"  role="alert"  positionAtTop="false" positionX="" positionY="" modal="true" width="400" height="50" class="dsc1 mc modal" border="0" defaultbutton="" control="true" onmousedown='hideAllMenus();'onkeypress="if(hasKeyCode(event,'KEYCODE_ESC')) {sendEvent('dialogcancel','mx13143', null, null); }"ondragstart='return false;' ondblclick="toggleMinimize('mx13143')"  style="visibility:hidden;" cellpadding="0px" cellspacing="0px">
			<tr id="mx13143_content0" aria-live="polite"   style="" valign="top">
				<td id="mx13143_inner_content"  valign="BOTTOM"  style="padding:0px; %>">
<img tabindex="0" alt="" id="msgbox_first" alt="" onfocus="moveable_onfocus(this);" src="../webclient/skins-20170809-1350/tivoli09/images/blank.gif" width="1" height="1" style="display:inline;margin:0px" firstbuttonid="first"/><table id="mx13132"  width="100%" style="margin:0px;" class="" role="presentation">
			<tr>
				<td id="mx13132_middle"  class="dh mh dhb  " valign="middle" align="left" width="*">
					<table role="presentation" class="" width="100%">
						<tr>
							<td valign="center" align="left" style="padding:0px;white-space:nowrap;" class="dh mh">
								<table role="presentation"  width="100%">
									<tr>
					<td id="mx13132_header_0"  align="left" class="dhbsh" valign="middle" style="padding:0px;white-space:nowrap;" width:100%;></td>
					<td id="mx13132_header_1"  align="left" class="dhbsh" valign="middle" style="padding:0px;white-space:nowrap;" width:100%;><div aria-live="polite" id="mx13130_holder" class="bc"><h1 labelledby="mx13130" style="display:inline" title="System Message"><label ctype="label"  id="mx13130"    noclick="1"   targetid="mx13130"    class="text dh mh  " style="display:block;padding-left:2px;padding-top:2px;;;;;" title="System Message">System Message</label></h1></div></td>
					<td id="mx13132_header_2"   class="dhbsh" valign="middle" style="padding:0px;white-space:nowrap;" width="100%"><div aria-live="polite" id="mx13131_holder" class="bc">	<div id="mx13131" name="mx13131" class="ts dh mh  "  >&nbsp;</div>
</div></td>
								</tr>
								</table>
							</td>
						</tr>
					</table>
				</td>
			</tr>
		</table></td>
			</tr>
			<tr id="mx13143_content1" aria-live="polite"   style="" valign="top">
				<td id="mx13143_inner_content"  valign="BOTTOM"  style="padding:0px; %>">
<table role="presentation" id="mx13142"  class="dialogb" width="100%" style="position:relative;top:0px;margin:0px;" height="100%" ondblclick="cancelEvent(event);">
	<tr>
		<td class="  " style=";padding:0px;" align="">

		<table role="presentation" width="100%"  height="*" ondblclick="cancelEvent(event);">
	<tr>
		<td class="    dss" align="">
	
		&nbsp;
		
		</td>
	</tr>
</table>
<table role="presentation" width="100%"  height="-50px" ondblclick="cancelEvent(event);">
	<tr>
		<td class="db ml   dss" align="">
	
			<div id="msgbox_bodydiv" class="dbDiv"  onscroll='hideAllMenusNF()'>
	
			<table role="presentation" cellspacing="2" width="100%">
							<td      id="mx13137_0"     valign="top" style="vertical-align:top;">				<td      id="mx13136_0"  align="left"   valign="top" style="vertical-align:top;"><div aria-live="polite" id="mx13134_holder" class="bc"><img sf="1" aria-hidden="true" active="0" ctype="image" alt=""  src="../webclient/skins-20170809-1350/tivoli09/images/st_MessageInformation.png" source="st_MessageInformation.png" imgtype="" style="display:block;margin:0px" border="0"      align="left"     id="mx13134" title=""/></div></td>
				<td      id="mx13136_1"  align="left"   valign="top" style="vertical-align:top;"><label ctype="label"  id="mx13135"    noclick="1"   targetid="mx13135"    class="text ml  " style="display:block;padding-left:2px;padding-top:2px;;;;;" title="BMXAA4698I - Work Order W114594081 created.
BMXAA4591I - Status change&#040;s&#041; completed successfully.">BMXAA4698I - Work Order W114594081 created.<br/>BMXAA4591I - Status change&#040;s&#041; completed successfully.</label></td>
</td>

			</table>
			
			</div>
	
		</td>
	</tr>
</table>
<table role="presentation" width="100%"  height="*" ondblclick="cancelEvent(event);">
	<tr>
		<td class="    dss" align="right">
	
			<table role="presentation" cellspacing="2" width="100%">
			
<td colspan="7" height="0" align="right" id="mx13140"  style=";white-space: nowrap;" class="invisbuttongroup">
	<div style="width:100%;;">
		<table id="mx13140_table"  summary="" role="group">
			<tr>
			<td align="right" style="white-space: nowrap;">
<div aria-live="polite" id="mx13145_holder" class="bc">
		<button ctype="pushbutton"      control="true" id="mx13145"  class="text pb"  style="">Close</button></div>			</td>
			</tr>
		</table>
	</div>
</td>

			</table>
			
		</td>
	</tr>
</table>

		</td>
	</tr>
</table>

<img tabindex="0" labelid="mx13130" alt="" id="msgbox_last" onfocus="moveable_onfocus(this);" src="../webclient/skins-20170809-1350/tivoli09/images/blank.gif" width="1" height="1" lastbuttonid="mx13145"></td>
			</tr>
		</table>
		<script>
			window.setTimeout("_initDialog('mx13143','msgbox',450,true)", 50);
		</script>
]]></component>

<deferredscript><![CDATA[focusItem('mx13145',true);resetLogoutTimer(true);if(tpaeConfig.validationOn) {setButtonEnabled(saveButton,false)};]]></deferredscript></server_response>