{
  "FilterHeaders": [
    {
      "Header": "xhrseqnum",
      "IncludeInScript": true
    },
    {
      "Header": "x-requested-with",
      "IncludeInScript": true
    },
    {
      "Header": "user-agent",
      "IncludeInScript": false
    },
    {
      "Header": "pageseqnum",
      "IncludeInScript": true
    },
    {
      "Header": "cache-control",
      "IncludeInScript": false
    },
    {
      "Header": "accept-language",
      "IncludeInScript": false
    },
    {
      "Header": "accept-encoding",
      "IncludeInScript": false
    },
    {
      "Header": "accept",
      "IncludeInScript": false
    },
    {
      "Header": "_qm_try",
      "IncludeInScript": true
    }
  ],
  "FilterResources": [
    {
      "IsNonResource": true,
      "type": "text/xml"
    },
    {
      "IsNonResource": false,
      "type": "text/plain"
    },
    {
      "IsNonResource": true,
      "type": "text/html"
    },
    {
      "IsNonResource": false,
      "type": "text/css"
    },
    {
      "IsNonResource": false,
      "type": "image/png"
    },
    {
      "IsNonResource": false,
      "type": "image/jpeg"
    },
    {
      "IsNonResource": false,
      "type": "image/gif"
    },
    {
      "IsNonResource": false,
      "type": "application/x-javascript"
    }
  ],
  "GeneralInfo": {
    "BrowserVersion": "",
    "MaxUsedConnections": 78,
    "RecordedBrowser": "Internet Explorer",
    "RecordingDate": "May-19-2018",
    "RecordingDuration": 1106110,
    "RecordingTimeStamp": 1526721498,
    "TotalBytesReceived": 4592264,
    "TotalBytesSent": 169417,
    "TotalRequests": 273
  },
  "HostInfo": [
    {
      "DomainName": "porud755",
      "Domains": [
        {
          "HTTPVersion": "HTTP/1.1",
          "IP": "10.70.20.109",
          "IncludeInScript": true,
          "Name": "porud755",
          "Port": 80,
          "Requests": [
            {
              "CompressionType": "",
              "DataType": "text/html",
              "DownloadTime": 110,
              "EventId": 1397,
              "HttpStatus": 200,
              "Size": 6918,
              "URL": "http://porud755/maximo/webclient/login/login.jsp"
            },
            {
              "CompressionType": "",
              "DataType": "text/html",
              "DownloadTime": 235,
              "EventId": 1395,
              "HttpStatus": 302,
              "Size": 0,
              "URL": "http://porud755/maximo/webclient/login/logout.jsp?uisessionid=267&csrftoken=6k544bfh8i0h8rfj5656r8noj5"
            },
            {
              "CompressionType": "",
              "DataType": "text/xml",
              "DownloadTime": 32,
              "EventId": 1393,
              "HttpStatus": 200,
              "Size": 252,
              "URL": "http://porud755/maximo/ui/maximo.jsp"
            },
            {
              "CompressionType": "",
              "DataType": "text/xml",
              "DownloadTime": 141,
              "EventId": 1384,
              "HttpStatus": 200,
              "Size": 39460,
              "URL": "http://porud755/maximo/ui/maximo.jsp"
            },
            {
              "CompressionType": "",
              "DataType": "image/png",
              "DownloadTime": 46,
              "EventId": 1379,
              "HttpStatus": 200,
              "Size": 4147,
              "URL": "http://porud755/maximo/webclient/skins-20170809-1350/tivoli09/images/st_MessageInformation.png"
            },
            {
              "CompressionType": "",
              "DataType": "text/xml",
              "DownloadTime": 187,
              "EventId": 1377,
              "HttpStatus": 200,
              "Size": 6646,
              "URL": "http://porud755/maximo/ui/maximo.jsp"
            },
            {
              "CompressionType": "",
              "DataType": "text/xml",
              "DownloadTime": 125,
              "EventId": 1375,
              "HttpStatus": 200,
              "Size": 873,
              "URL": "http://porud755/maximo/ui/maximo.jsp"
            },
            {
              "CompressionType": "",
              "DataType": "text/xml",
              "DownloadTime": 141,
              "EventId": 1373,
              "HttpStatus": 200,
              "Size": 872,
              "URL": "http://porud755/maximo/ui/maximo.jsp"
            },
            {
              "CompressionType": "",
              "DataType": "text/xml",
              "DownloadTime": 188,
              "EventId": 1371,
              "HttpStatus": 200,
              "Size": 872,
              "URL": "http://porud755/maximo/ui/maximo.jsp"
            },
            {
              "CompressionType": "",
              "DataType": "text/xml",
              "DownloadTime": 47,
              "EventId": 1368,
              "HttpStatus": 200,
              "Size": 5965,
              "URL": "http://porud755/maximo/ui/maximo.jsp"
            },
            {
              "CompressionType": "",
              "DataType": "text/xml",
              "DownloadTime": 234,
              "EventId": 1363,
              "HttpStatus": 200,
              "Size": 2814,
              "URL": "http://porud755/maximo/ui/maximo.jsp"
            },
            {
              "CompressionType": "",
              "DataType": "text/xml",
              "DownloadTime": 62,
              "EventId": 1361,
              "HttpStatus": 200,
              "Size": 810,
              "URL": "http://porud755/maximo/ui/maximo.jsp"
            },
            {
              "CompressionType": "",
              "DataType": "text/xml",
              "DownloadTime": 328,
              "EventId": 1353,
              "HttpStatus": 200,
              "Size": 25839,
              "URL": "http://porud755/maximo/ui/maximo.jsp"
            },
            {
              "CompressionType": "",
              "DataType": "text/xml",
              "DownloadTime": 78,
              "EventId": 1348,
              "HttpStatus": 200,
              "Size": 6227,
              "URL": "http://porud755/maximo/ui/maximo.jsp"
            },
            {
              "CompressionType": "",
              "DataType": "text/xml",
              "DownloadTime": 78,
              "EventId": 1342,
              "HttpStatus": 200,
              "Size": 29861,
              "URL": "http://porud755/maximo/ui/maximo.jsp"
            },
            {
              "CompressionType": "",
              "DataType": "text/xml",
              "DownloadTime": 829,
              "EventId": 1324,
              "HttpStatus": 200,
              "Size": 176911,
              "URL": "http://porud755/maximo/ui/maximo.jsp"
            },
            {
              "CompressionType": "",
              "DataType": "text/xml",
              "DownloadTime": 328,
              "EventId": 1319,
              "HttpStatus": 200,
              "Size": 1829,
              "URL": "http://porud755/maximo/ui/maximo.jsp"
            },
            {
              "CompressionType": "",
              "DataType": "text/xml",
              "DownloadTime": 188,
              "EventId": 1317,
              "HttpStatus": 200,
              "Size": 1286,
              "URL": "http://porud755/maximo/ui/maximo.jsp"
            },
            {
              "CompressionType": "",
              "DataType": "text/xml",
              "DownloadTime": 234,
              "EventId": 1312,
              "HttpStatus": 200,
              "Size": 6195,
              "URL": "http://porud755/maximo/ui/maximo.jsp"
            },
            {
              "CompressionType": "",
              "DataType": "text/xml",
              "DownloadTime": 31,
              "EventId": 1309,
              "HttpStatus": 200,
              "Size": 5925,
              "URL": "http://porud755/maximo/ui/maximo.jsp"
            },
            {
              "CompressionType": "",
              "DataType": "text/xml",
              "DownloadTime": 62,
              "EventId": 1304,
              "HttpStatus": 200,
              "Size": 2788,
              "URL": "http://porud755/maximo/ui/maximo.jsp"
            },
            {
              "CompressionType": "",
              "DataType": "text/xml",
              "DownloadTime": 47,
              "EventId": 1302,
              "HttpStatus": 200,
              "Size": 809,
              "URL": "http://porud755/maximo/ui/maximo.jsp"
            },
            {
              "CompressionType": "",
              "DataType": "text/xml",
              "DownloadTime": 156,
              "EventId": 1294,
              "HttpStatus": 200,
              "Size": 25629,
              "URL": "http://porud755/maximo/ui/maximo.jsp"
            },
            {
              "CompressionType": "",
              "DataType": "text/xml",
              "DownloadTime": 172,
              "EventId": 1288,
              "HttpStatus": 200,
              "Size": 7086,
              "URL": "http://porud755/maximo/ui/maximo.jsp"
            },
            {
              "CompressionType": "",
              "DataType": "text/xml",
              "DownloadTime": 78,
              "EventId": 1286,
              "HttpStatus": 200,
              "Size": 5925,
              "URL": "http://porud755/maximo/ui/maximo.jsp"
            },
            {
              "CompressionType": "",
              "DataType": "text/xml",
              "DownloadTime": 171,
              "EventId": 1284,
              "HttpStatus": 200,
              "Size": 2856,
              "URL": "http://porud755/maximo/ui/maximo.jsp"
            },
            {
              "CompressionType": "",
              "DataType": "text/xml",
              "DownloadTime": 78,
              "EventId": 1282,
              "HttpStatus": 200,
              "Size": 747,
              "URL": "http://porud755/maximo/ui/maximo.jsp"
            },
            {
              "CompressionType": "",
              "DataType": "text/xml",
              "DownloadTime": 204,
              "EventId": 1273,
              "HttpStatus": 200,
              "Size": 25614,
              "URL": "http://porud755/maximo/ui/maximo.jsp"
            },
            {
              "CompressionType": "",
              "DataType": "text/xml",
              "DownloadTime": 219,
              "EventId": 1268,
              "HttpStatus": 200,
              "Size": 2494,
              "URL": "http://porud755/maximo/ui/maximo.jsp"
            },
            {
              "CompressionType": "",
              "DataType": "text/xml",
              "DownloadTime": 266,
              "EventId": 1264,
              "HttpStatus": 200,
              "Size": 32503,
              "URL": "http://porud755/maximo/ui/maximo.jsp"
            },
            {
              "CompressionType": "",
              "DataType": "text/xml",
              "DownloadTime": 109,
              "EventId": 1262,
              "HttpStatus": 200,
              "Size": 2918,
              "URL": "http://porud755/maximo/ui/maximo.jsp"
            },
            {
              "CompressionType": "",
              "DataType": "text/xml",
              "DownloadTime": 141,
              "EventId": 1258,
              "HttpStatus": 200,
              "Size": 32303,
              "URL": "http://porud755/maximo/ui/maximo.jsp"
            },
            {
              "CompressionType": "",
              "DataType": "text/xml",
              "DownloadTime": 78,
              "EventId": 1256,
              "HttpStatus": 200,
              "Size": 4801,
              "URL": "http://porud755/maximo/ui/maximo.jsp"
            },
            {
              "CompressionType": "",
              "DataType": "text/xml",
              "DownloadTime": 109,
              "EventId": 1250,
              "HttpStatus": 200,
              "Size": 29626,
              "URL": "http://porud755/maximo/ui/maximo.jsp"
            },
            {
              "CompressionType": "",
              "DataType": "text/xml",
              "DownloadTime": 78,
              "EventId": 1234,
              "HttpStatus": 200,
              "Size": 137707,
              "URL": "http://porud755/maximo/ui/maximo.jsp"
            },
            {
              "CompressionType": "",
              "DataType": "text/xml",
              "DownloadTime": 203,
              "EventId": 1222,
              "HttpStatus": 200,
              "Size": 80762,
              "URL": "http://porud755/maximo/ui/maximo.jsp"
            },
            {
              "CompressionType": "",
              "DataType": "text/xml",
              "DownloadTime": 46,
              "EventId": 1219,
              "HttpStatus": 200,
              "Size": 5925,
              "URL": "http://porud755/maximo/ui/maximo.jsp"
            },
            {
              "CompressionType": "",
              "DataType": "text/xml",
              "DownloadTime": 235,
              "EventId": 1214,
              "HttpStatus": 200,
              "Size": 2836,
              "URL": "http://porud755/maximo/ui/maximo.jsp"
            },
            {
              "CompressionType": "",
              "DataType": "text/xml",
              "DownloadTime": 47,
              "EventId": 1212,
              "HttpStatus": 200,
              "Size": 742,
              "URL": "http://porud755/maximo/ui/maximo.jsp"
            },
            {
              "CompressionType": "",
              "DataType": "text/xml",
              "DownloadTime": 172,
              "EventId": 1203,
              "HttpStatus": 200,
              "Size": 25584,
              "URL": "http://porud755/maximo/ui/maximo.jsp"
            },
            {
              "CompressionType": "",
              "DataType": "text/xml",
              "DownloadTime": 203,
              "EventId": 1192,
              "HttpStatus": 200,
              "Size": 80762,
              "URL": "http://porud755/maximo/ui/maximo.jsp"
            },
            {
              "CompressionType": "",
              "DataType": "text/xml",
              "DownloadTime": 141,
              "EventId": 1190,
              "HttpStatus": 200,
              "Size": 866,
              "URL": "http://porud755/maximo/ui/maximo.jsp"
            },
            {
              "CompressionType": "",
              "DataType": "text/xml",
              "DownloadTime": 109,
              "EventId": 1188,
              "HttpStatus": 200,
              "Size": 866,
              "URL": "http://porud755/maximo/ui/maximo.jsp"
            },
            {
              "CompressionType": "",
              "DataType": "text/xml",
              "DownloadTime": 219,
              "EventId": 1186,
              "HttpStatus": 200,
              "Size": 866,
              "URL": "http://porud755/maximo/ui/maximo.jsp"
            },
            {
              "CompressionType": "",
              "DataType": "text/xml",
              "DownloadTime": 281,
              "EventId": 1184,
              "HttpStatus": 200,
              "Size": 866,
              "URL": "http://porud755/maximo/ui/maximo.jsp"
            },
            {
              "CompressionType": "",
              "DataType": "text/xml",
              "DownloadTime": 47,
              "EventId": 1181,
              "HttpStatus": 200,
              "Size": 5925,
              "URL": "http://porud755/maximo/ui/maximo.jsp"
            },
            {
              "CompressionType": "",
              "DataType": "text/xml",
              "DownloadTime": 219,
              "EventId": 1176,
              "HttpStatus": 200,
              "Size": 2788,
              "URL": "http://porud755/maximo/ui/maximo.jsp"
            },
            {
              "CompressionType": "",
              "DataType": "text/xml",
              "DownloadTime": 47,
              "EventId": 1174,
              "HttpStatus": 200,
              "Size": 757,
              "URL": "http://porud755/maximo/ui/maximo.jsp"
            },
            {
              "CompressionType": "",
              "DataType": "text/xml",
              "DownloadTime": 93,
              "EventId": 1166,
              "HttpStatus": 200,
              "Size": 25590,
              "URL": "http://porud755/maximo/ui/maximo.jsp"
            },
            {
              "CompressionType": "",
              "DataType": "text/xml",
              "DownloadTime": 281,
              "EventId": 1152,
              "HttpStatus": 200,
              "Size": 80518,
              "URL": "http://porud755/maximo/ui/maximo.jsp"
            },
            {
              "CompressionType": "",
              "DataType": "text/xml",
              "DownloadTime": 31,
              "EventId": 1149,
              "HttpStatus": 200,
              "Size": 5925,
              "URL": "http://porud755/maximo/ui/maximo.jsp"
            },
            {
              "CompressionType": "",
              "DataType": "text/xml",
              "DownloadTime": 125,
              "EventId": 1143,
              "HttpStatus": 200,
              "Size": 2812,
              "URL": "http://porud755/maximo/ui/maximo.jsp"
            },
            {
              "CompressionType": "",
              "DataType": "text/xml",
              "DownloadTime": 203,
              "EventId": 1141,
              "HttpStatus": 200,
              "Size": 718,
              "URL": "http://porud755/maximo/ui/maximo.jsp"
            },
            {
              "CompressionType": "",
              "DataType": "image/gif",
              "DownloadTime": 46,
              "EventId": 1139,
              "HttpStatus": 200,
              "Size": 623,
              "URL": "http://porud755/maximo/webclient/skins-20170809-1350/tivoli09/images/IE_dropdown_over.gif"
            },
            {
              "CompressionType": "",
              "DataType": "image/gif",
              "DownloadTime": 47,
              "EventId": 1132,
              "HttpStatus": 200,
              "Size": 384,
              "URL": "http://porud755/maximo/webclient/skins-20170809-1350/tivoli09/images/IE_dropdown.gif"
            },
            {
              "CompressionType": "",
              "DataType": "text/xml",
              "DownloadTime": 6938,
              "EventId": 1126,
              "HttpStatus": 200,
              "Size": 25641,
              "URL": "http://porud755/maximo/ui/maximo.jsp"
            },
            {
              "CompressionType": "",
              "DataType": "text/html",
              "DownloadTime": 93,
              "EventId": 1098,
              "HttpStatus": 200,
              "Size": 331072,
              "URL": "http://porud755/maximo/ui/maximo.jsp?event=render&targetid=emgwotrack&value=rerender&uisessionid=267&csrftoken=6k544bfh8i0h8rfj5656r8noj5"
            },
            {
              "CompressionType": "",
              "DataType": "text/xml",
              "DownloadTime": 344,
              "EventId": 1094,
              "HttpStatus": 200,
              "Size": 287,
              "URL": "http://porud755/maximo/ui/maximo.jsp"
            },
            {
              "CompressionType": "",
              "DataType": "image/gif",
              "DownloadTime": 31,
              "EventId": 1087,
              "HttpStatus": 200,
              "Size": 961,
              "URL": "http://porud755/maximo/webclient/skins-20170809-1350/tivoli09/images/cb_checkedreadonly.gif"
            },
            {
              "CompressionType": "",
              "DataType": "image/gif",
              "DownloadTime": 47,
              "EventId": 1085,
              "HttpStatus": 200,
              "Size": 382,
              "URL": "http://porud755/maximo/webclient/skins-20170809-1350/tivoli09/images/img_date.gif"
            },
            {
              "CompressionType": "",
              "DataType": "image/gif",
              "DownloadTime": 93,
              "EventId": 1081,
              "HttpStatus": 200,
              "Size": 648,
              "URL": "http://porud755/maximo/webclient/skins-20170809-1350/tivoli09/images/img_showvalue.gif"
            },
            {
              "CompressionType": "",
              "DataType": "text/xml",
              "DownloadTime": 750,
              "EventId": 1066,
              "HttpStatus": 200,
              "Size": 132576,
              "URL": "http://porud755/maximo/ui/maximo.jsp"
            },
            {
              "CompressionType": "",
              "DataType": "text/xml",
              "DownloadTime": 1328,
              "EventId": 1039,
              "HttpStatus": 200,
              "Size": 282659,
              "URL": "http://porud755/maximo/ui/maximo.jsp"
            },
            {
              "CompressionType": "",
              "DataType": "image/gif",
              "DownloadTime": 47,
              "EventId": 1033,
              "HttpStatus": 200,
              "Size": 141,
              "URL": "http://porud755/maximo/webclient/skins-20170809-1350/tivoli09/images/appimg_labor.gif"
            },
            {
              "CompressionType": "",
              "DataType": "text/html",
              "DownloadTime": 500,
              "EventId": 1019,
              "HttpStatus": 200,
              "Size": 97306,
              "URL": "http://porud755/maximo/ui/maximo.jsp?event=gotoapp&value=labor&uisessionid=267&csrftoken=6k544bfh8i0h8rfj5656r8noj5"
            },
            {
              "CompressionType": "",
              "DataType": "text/xml",
              "DownloadTime": 31,
              "EventId": 1017,
              "HttpStatus": 200,
              "Size": 265,
              "URL": "http://porud755/maximo/ui/maximo.jsp"
            },
            {
              "CompressionType": "",
              "DataType": "image/gif",
              "DownloadTime": 47,
              "EventId": 1012,
              "HttpStatus": 200,
              "Size": 1122,
              "URL": "http://porud755/maximo/webclient/skins-20170809-1350/tivoli09/images/menu_icon_find.gif"
            },
            {
              "CompressionType": "",
              "DataType": "text/xml",
              "DownloadTime": 109,
              "EventId": 1007,
              "HttpStatus": 200,
              "Size": 14927,
              "URL": "http://porud755/maximo/ui/maximo.jsp"
            },
            {
              "CompressionType": "",
              "DataType": "image/gif",
              "DownloadTime": 63,
              "EventId": 999,
              "HttpStatus": 200,
              "Size": 1136,
              "URL": "http://porud755/maximo/webclient/skins-20170809-1350/tivoli09/images/btn_garbage.gif"
            },
            {
              "CompressionType": "",
              "DataType": "image/gif",
              "DownloadTime": 79,
              "EventId": 997,
              "HttpStatus": 200,
              "Size": 335,
              "URL": "http://porud755/maximo/webclient/skins-20170809-1350/tivoli09/images/img_row_unselect.gif"
            },
            {
              "CompressionType": "",
              "DataType": "image/gif",
              "DownloadTime": 47,
              "EventId": 994,
              "HttpStatus": 200,
              "Size": 838,
              "URL": "http://porud755/maximo/webclient/skins-20170809-1350/tivoli09/images/col_sort_asc.gif"
            },
            {
              "CompressionType": "",
              "DataType": "image/gif",
              "DownloadTime": 78,
              "EventId": 990,
              "HttpStatus": 200,
              "Size": 216,
              "URL": "http://porud755/maximo/webclient/skins-20170809-1350/tivoli09/images/maximize.gif"
            },
            {
              "CompressionType": "",
              "DataType": "text/xml",
              "DownloadTime": 406,
              "EventId": 962,
              "HttpStatus": 200,
              "Size": 280683,
              "URL": "http://porud755/maximo/ui/maximo.jsp"
            },
            {
              "CompressionType": "",
              "DataType": "text/html",
              "DownloadTime": 94,
              "EventId": 944,
              "HttpStatus": 200,
              "Size": 169379,
              "URL": "http://porud755/maximo/ui/maximo.jsp?event=render&targetid=emgwotrack&value=rerender&uisessionid=267&csrftoken=6k544bfh8i0h8rfj5656r8noj5"
            },
            {
              "CompressionType": "",
              "DataType": "text/xml",
              "DownloadTime": 546,
              "EventId": 942,
              "HttpStatus": 200,
              "Size": 287,
              "URL": "http://porud755/maximo/ui/maximo.jsp"
            },
            {
              "CompressionType": "",
              "DataType": "text/xml",
              "DownloadTime": 141,
              "EventId": 928,
              "HttpStatus": 200,
              "Size": 78736,
              "URL": "http://porud755/maximo/ui/maximo.jsp"
            },
            {
              "CompressionType": "",
              "DataType": "text/xml",
              "DownloadTime": 125,
              "EventId": 918,
              "HttpStatus": 200,
              "Size": 41311,
              "URL": "http://porud755/maximo/ui/maximo.jsp"
            },
            {
              "CompressionType": "",
              "DataType": "text/xml",
              "DownloadTime": 47,
              "EventId": 913,
              "HttpStatus": 200,
              "Size": 4936,
              "URL": "http://porud755/maximo/ui/maximo.jsp"
            },
            {
              "CompressionType": "",
              "DataType": "image/png",
              "DownloadTime": 47,
              "EventId": 911,
              "HttpStatus": 200,
              "Size": 2202,
              "URL": "http://porud755/maximo/webclient/skins-20170809-1350/tivoli09/images/st_MessageCritical.png"
            },
            {
              "CompressionType": "",
              "DataType": "text/xml",
              "DownloadTime": 32,
              "EventId": 909,
              "HttpStatus": 200,
              "Size": 5475,
              "URL": "http://porud755/maximo/ui/maximo.jsp"
            },
            {
              "CompressionType": "",
              "DataType": "image/gif",
              "DownloadTime": 32,
              "EventId": 900,
              "HttpStatus": 200,
              "Size": 625,
              "URL": "http://porud755/maximo/webclient/skins-20170809-1350/tivoli09/images/btn_addtobookmarks.gif"
            },
            {
              "CompressionType": "",
              "DataType": "image/gif",
              "DownloadTime": 31,
              "EventId": 896,
              "HttpStatus": 200,
              "Size": 626,
              "URL": "http://porud755/maximo/webclient/skins-20170809-1350/tivoli09/images/qf_clear.gif"
            },
            {
              "CompressionType": "",
              "DataType": "text/xml",
              "DownloadTime": 344,
              "EventId": 883,
              "HttpStatus": 200,
              "Size": 98019,
              "URL": "http://porud755/maximo/ui/maximo.jsp"
            },
            {
              "CompressionType": "",
              "DataType": "text/xml",
              "DownloadTime": 32,
              "EventId": 881,
              "HttpStatus": 200,
              "Size": 66,
              "URL": "http://porud755/maximo/ui/1526721769925?checkhiddenandconnection=true&uisessionid=267&csrftoken=6k544bfh8i0h8rfj5656r8noj5"
            },
            {
              "CompressionType": "",
              "DataType": "image/png",
              "DownloadTime": 47,
              "EventId": 875,
              "HttpStatus": 200,
              "Size": 220,
              "URL": "http://porud755/maximo/webclient/javascript/dojo-20130903-1504/dijit/themes/tundra/images/tabClose.png"
            },
            {
              "CompressionType": "",
              "DataType": "image/gif",
              "DownloadTime": 31,
              "EventId": 873,
              "HttpStatus": 200,
              "Size": 854,
              "URL": "http://porud755/maximo/webclient/skins/tivoli09/images/dialogclose.gif"
            },
            {
              "CompressionType": "",
              "DataType": "image/gif",
              "DownloadTime": 31,
              "EventId": 866,
              "HttpStatus": 200,
              "Size": 5931,
              "URL": "http://porud755/maximo/webclient/skins-20170809-1350/tivoli09/images/progressbar.gif"
            },
            {
              "CompressionType": "",
              "DataType": "text/xml",
              "DownloadTime": 3047,
              "EventId": 863,
              "HttpStatus": 200,
              "Size": 5910,
              "URL": "http://porud755/maximo/ui/maximo.jsp"
            },
            {
              "CompressionType": "",
              "DataType": "image/png",
              "DownloadTime": 47,
              "EventId": 853,
              "HttpStatus": 200,
              "Size": 195,
              "URL": "http://porud755/maximo/webclient/skins-20170809-1350/tivoli09/images/banner_bkg_applink.png"
            },
            {
              "CompressionType": "",
              "DataType": "image/png",
              "DownloadTime": 63,
              "EventId": 850,
              "HttpStatus": 200,
              "Size": 11304,
              "URL": "http://porud755/maximo/webclient/skins-20170809-1350/tivoli09/images/banner_swoosh_applink.png"
            },
            {
              "CompressionType": "",
              "DataType": "image/gif",
              "DownloadTime": 79,
              "EventId": 848,
              "HttpStatus": 200,
              "Size": 324,
              "URL": "http://porud755/maximo/webclient/skins-20170809-1350/tivoli09/images/btn_applinkReturnValue.gif"
            },
            {
              "CompressionType": "",
              "DataType": "image/gif",
              "DownloadTime": 63,
              "EventId": 845,
              "HttpStatus": 200,
              "Size": 758,
              "URL": "http://porud755/maximo/webclient/skins-20170809-1350/tivoli09/images/nav_icon_insert.gif"
            },
            {
              "CompressionType": "",
              "DataType": "image/gif",
              "DownloadTime": 141,
              "EventId": 842,
              "HttpStatus": 200,
              "Size": 303,
              "URL": "http://porud755/maximo/webclient/skins-20170809-1350/tivoli09/images/btn_applinkReturn.gif"
            },
            {
              "CompressionType": "",
              "DataType": "image/gif",
              "DownloadTime": 125,
              "EventId": 837,
              "HttpStatus": 200,
              "Size": 142,
              "URL": "http://porud755/maximo/webclient/skins-20170809-1350/tivoli09/images/appimg_generic.gif"
            },
            {
              "CompressionType": "",
              "DataType": "text/html",
              "DownloadTime": 78,
              "EventId": 826,
              "HttpStatus": 200,
              "Size": 91104,
              "URL": "http://porud755/maximo/ui/maximo.jsp?event=gotoapp&value=XMPRN&uisessionid=267&csrftoken=6k544bfh8i0h8rfj5656r8noj5"
            },
            {
              "CompressionType": "",
              "DataType": "text/xml",
              "DownloadTime": 63,
              "EventId": 824,
              "HttpStatus": 200,
              "Size": 265,
              "URL": "http://porud755/maximo/ui/maximo.jsp"
            },
            {
              "CompressionType": "",
              "DataType": "image/gif",
              "DownloadTime": 47,
              "EventId": 822,
              "HttpStatus": 200,
              "Size": 585,
              "URL": "http://porud755/maximo/webclient/skins-20170809-1350/tivoli09/images/menu_icon_link.gif"
            },
            {
              "CompressionType": "",
              "DataType": "text/xml",
              "DownloadTime": 156,
              "EventId": 820,
              "HttpStatus": 200,
              "Size": 724,
              "URL": "http://porud755/maximo/ui/maximo.jsp"
            },
            {
              "CompressionType": "",
              "DataType": "image/gif",
              "DownloadTime": 47,
              "EventId": 818,
              "HttpStatus": 200,
              "Size": 1305,
              "URL": "http://porud755/maximo/webclient/skins-20170809-1350/tivoli09/images/img_menu_over.gif"
            },
            {
              "CompressionType": "",
              "DataType": "image/gif",
              "DownloadTime": 32,
              "EventId": 811,
              "HttpStatus": 200,
              "Size": 329,
              "URL": "http://porud755/maximo/webclient/skins-20170809-1350/tivoli09/images/img_row_select.gif"
            },
            {
              "CompressionType": "",
              "DataType": "text/xml",
              "DownloadTime": 78,
              "EventId": 804,
              "HttpStatus": 200,
              "Size": 37006,
              "URL": "http://porud755/maximo/ui/maximo.jsp"
            },
            {
              "CompressionType": "",
              "DataType": "image/gif",
              "DownloadTime": 47,
              "EventId": 798,
              "HttpStatus": 200,
              "Size": 655,
              "URL": "http://porud755/maximo/webclient/skins-20170809-1350/tivoli09/images/qf_find_disabled.gif"
            },
            {
              "CompressionType": "",
              "DataType": "image/gif",
              "DownloadTime": 62,
              "EventId": 795,
              "HttpStatus": 200,
              "Size": 547,
              "URL": "http://porud755/maximo/webclient/skins-20170809-1350/tivoli09/images/tablebtn_filter_off.gif"
            },
            {
              "CompressionType": "",
              "DataType": "text/xml",
              "DownloadTime": 94,
              "EventId": 782,
              "HttpStatus": 200,
              "Size": 110148,
              "URL": "http://porud755/maximo/ui/maximo.jsp"
            },
            {
              "CompressionType": "",
              "DataType": "text/xml",
              "DownloadTime": 78,
              "EventId": 777,
              "HttpStatus": 200,
              "Size": 2342,
              "URL": "http://porud755/maximo/ui/maximo.jsp"
            },
            {
              "CompressionType": "",
              "DataType": "text/xml",
              "DownloadTime": 422,
              "EventId": 767,
              "HttpStatus": 200,
              "Size": 2341,
              "URL": "http://porud755/maximo/ui/maximo.jsp"
            },
            {
              "CompressionType": "",
              "DataType": "image/png",
              "DownloadTime": 46,
              "EventId": 765,
              "HttpStatus": 200,
              "Size": 120,
              "URL": "http://porud755/maximo/webclient/javascript/dojo-20130903-1504/dijit/themes/tundra/images/buttonEnabled.png"
            },
            {
              "CompressionType": "",
              "DataType": "image/png",
              "DownloadTime": 47,
              "EventId": 763,
              "HttpStatus": 200,
              "Size": 338,
              "URL": "http://porud755/maximo/webclient/javascript/dojo-20130903-1504/dijit/themes/tundra/images/spriteArrows.png"
            },
            {
              "CompressionType": "",
              "DataType": "image/png",
              "DownloadTime": 78,
              "EventId": 761,
              "HttpStatus": 200,
              "Size": 2195,
              "URL": "http://porud755/maximo/webclient/javascript/dojo-20130903-1504/dijit/themes/tundra/images/spriteRoundedIconsSmall.png"
            },
            {
              "CompressionType": "",
              "DataType": "image/png",
              "DownloadTime": 93,
              "EventId": 758,
              "HttpStatus": 200,
              "Size": 161,
              "URL": "http://porud755/maximo/webclient/javascript/dojo-20130903-1504/dijit/themes/tundra/images/calendarDayLabel.png"
            },
            {
              "CompressionType": "",
              "DataType": "image/png",
              "DownloadTime": 31,
              "EventId": 755,
              "HttpStatus": 200,
              "Size": 151,
              "URL": "http://porud755/maximo/webclient/javascript/dojo-20130903-1504/dijit/themes/tundra/images/titleBar.png"
            },
            {
              "CompressionType": "",
              "DataType": "image/png",
              "DownloadTime": 32,
              "EventId": 751,
              "HttpStatus": 200,
              "Size": 172,
              "URL": "http://porud755/maximo/webclient/javascript/dojo-20130903-1504/dijit/themes/tundra/images/calendarYearLabel.png"
            },
            {
              "CompressionType": "",
              "DataType": "text/html",
              "DownloadTime": 125,
              "EventId": 749,
              "HttpStatus": 200,
              "Size": 73,
              "URL": "http://porud755/maximo/webclient/javascript/dojo-20130903-1504/dojo/resources/blank.html"
            },
            {
              "CompressionType": "",
              "DataType": "application/x-javascript",
              "DownloadTime": 31,
              "EventId": 743,
              "HttpStatus": 200,
              "Size": 653,
              "URL": "http://porud755/maximo/webclient/javascript/dojo-20130903-1504/dojo/cldr/nls/en-gb/gregorian.js"
            },
            {
              "CompressionType": "",
              "DataType": "image/gif",
              "DownloadTime": 32,
              "EventId": 741,
              "HttpStatus": 200,
              "Size": 1320,
              "URL": "http://porud755/maximo/webclient/skins-20170809-1350/tivoli09/images/img_date_time_over.gif"
            },
            {
              "CompressionType": "",
              "DataType": "text/xml",
              "DownloadTime": 391,
              "EventId": 734,
              "HttpStatus": 200,
              "Size": 6308,
              "URL": "http://porud755/maximo/ui/maximo.jsp"
            },
            {
              "CompressionType": "",
              "DataType": "text/xml",
              "DownloadTime": 140,
              "EventId": 728,
              "HttpStatus": 200,
              "Size": 41018,
              "URL": "http://porud755/maximo/ui/maximo.jsp"
            },
            {
              "CompressionType": "",
              "DataType": "text/xml",
              "DownloadTime": 516,
              "EventId": 720,
              "HttpStatus": 200,
              "Size": 3238,
              "URL": "http://porud755/maximo/ui/maximo.jsp"
            },
            {
              "CompressionType": "",
              "DataType": "image/gif",
              "DownloadTime": 62,
              "EventId": 718,
              "HttpStatus": 200,
              "Size": 237,
              "URL": "http://porud755/maximo/webclient/skins-20170809-1350/tivoli09/images/tablebtn_download.gif"
            },
            {
              "CompressionType": "",
              "DataType": "image/gif",
              "DownloadTime": 62,
              "EventId": 716,
              "HttpStatus": 200,
              "Size": 603,
              "URL": "http://porud755/maximo/webclient/skins-20170809-1350/tivoli09/images/tablebtn_next_on.gif"
            },
            {
              "CompressionType": "",
              "DataType": "image/gif",
              "DownloadTime": 78,
              "EventId": 713,
              "HttpStatus": 200,
              "Size": 606,
              "URL": "http://porud755/maximo/webclient/skins-20170809-1350/tivoli09/images/tablebtn_nextdown_on.gif"
            },
            {
              "CompressionType": "",
              "DataType": "text/xml",
              "DownloadTime": 328,
              "EventId": 701,
              "HttpStatus": 200,
              "Size": 101620,
              "URL": "http://porud755/maximo/ui/maximo.jsp"
            },
            {
              "CompressionType": "",
              "DataType": "image/gif",
              "DownloadTime": 47,
              "EventId": 699,
              "HttpStatus": 200,
              "Size": 1330,
              "URL": "http://porud755/maximo/webclient/skins-20170809-1350/tivoli09/images/img_lookup_over.gif"
            },
            {
              "CompressionType": "",
              "DataType": "application/x-javascript",
              "DownloadTime": 31,
              "EventId": 687,
              "HttpStatus": 200,
              "Size": 2680,
              "URL": "http://porud755/maximo/webclient/javascript/dojo-20130903-1504/dojo/cldr/nls/en/islamic.js"
            },
            {
              "CompressionType": "",
              "DataType": "application/x-javascript",
              "DownloadTime": 31,
              "EventId": 685,
              "HttpStatus": 200,
              "Size": 3512,
              "URL": "http://porud755/maximo/webclient/javascript/dojo-20130903-1504/dojo/cldr/nls/en/gregorian.js"
            },
            {
              "CompressionType": "",
              "DataType": "application/x-javascript",
              "DownloadTime": 31,
              "EventId": 669,
              "HttpStatus": 200,
              "Size": 175974,
              "URL": "http://porud755/maximo/webclient/javascript/dojo-20130903-1504/layers/mbs/calendar.js"
            },
            {
              "CompressionType": "",
              "DataType": "image/gif",
              "DownloadTime": 47,
              "EventId": 667,
              "HttpStatus": 200,
              "Size": 926,
              "URL": "http://porud755/maximo/webclient/skins-20170809-1350/tivoli09/images/cb_unchecked.gif"
            },
            {
              "CompressionType": "",
              "DataType": "image/gif",
              "DownloadTime": 63,
              "EventId": 665,
              "HttpStatus": 200,
              "Size": 690,
              "URL": "http://porud755/maximo/webclient/skins-20170809-1350/tivoli09/images/img_date_time.gif"
            },
            {
              "CompressionType": "",
              "DataType": "image/gif",
              "DownloadTime": 78,
              "EventId": 663,
              "HttpStatus": 200,
              "Size": 959,
              "URL": "http://porud755/maximo/webclient/skins-20170809-1350/tivoli09/images/cb_checked.gif"
            },
            {
              "CompressionType": "",
              "DataType": "image/gif",
              "DownloadTime": 62,
              "EventId": 661,
              "HttpStatus": 200,
              "Size": 925,
              "URL": "http://porud755/maximo/webclient/skins-20170809-1350/tivoli09/images/cb_uncheckedreadonly.gif"
            },
            {
              "CompressionType": "",
              "DataType": "image/gif",
              "DownloadTime": 78,
              "EventId": 659,
              "HttpStatus": 200,
              "Size": 660,
              "URL": "http://porud755/maximo/webclient/skins-20170809-1350/tivoli09/images/img_attachments.gif"
            },
            {
              "CompressionType": "",
              "DataType": "image/gif",
              "DownloadTime": 63,
              "EventId": 656,
              "HttpStatus": 200,
              "Size": 631,
              "URL": "http://porud755/maximo/webclient/skins-20170809-1350/tivoli09/images/img_longdescription_off.gif"
            },
            {
              "CompressionType": "",
              "DataType": "image/gif",
              "DownloadTime": 63,
              "EventId": 653,
              "HttpStatus": 200,
              "Size": 836,
              "URL": "http://porud755/maximo/webclient/skins-20170809-1350/tivoli09/images/required_label.gif"
            },
            {
              "CompressionType": "",
              "DataType": "image/gif",
              "DownloadTime": 93,
              "EventId": 649,
              "HttpStatus": 200,
              "Size": 807,
              "URL": "http://porud755/maximo/webclient/skins-20170809-1350/tivoli09/images/required.gif"
            },
            {
              "CompressionType": "",
              "DataType": "text/xml",
              "DownloadTime": 1094,
              "EventId": 626,
              "HttpStatus": 200,
              "Size": 142184,
              "URL": "http://porud755/maximo/ui/maximo.jsp"
            },
            {
              "CompressionType": "",
              "DataType": "image/gif",
              "DownloadTime": 47,
              "EventId": 613,
              "HttpStatus": 200,
              "Size": 600,
              "URL": "http://porud755/maximo/webclient/skins-20170809-1350/tivoli09/images/img_lookup.gif"
            },
            {
              "CompressionType": "",
              "DataType": "image/gif",
              "DownloadTime": 47,
              "EventId": 611,
              "HttpStatus": 200,
              "Size": 856,
              "URL": "http://porud755/maximo/webclient/skins-20170809-1350/tivoli09/images/table_cb_unchecked.gif"
            },
            {
              "CompressionType": "",
              "DataType": "image/gif",
              "DownloadTime": 78,
              "EventId": 609,
              "HttpStatus": 200,
              "Size": 345,
              "URL": "http://porud755/maximo/webclient/skins-20170809-1350/tivoli09/images/img_menu.gif"
            },
            {
              "CompressionType": "",
              "DataType": "image/gif",
              "DownloadTime": 78,
              "EventId": 607,
              "HttpStatus": 200,
              "Size": 237,
              "URL": "http://porud755/maximo/webclient/skins-20170809-1350/tivoli09/images/tablebtn_download_off.gif"
            },
            {
              "CompressionType": "",
              "DataType": "image/gif",
              "DownloadTime": 78,
              "EventId": 605,
              "HttpStatus": 200,
              "Size": 601,
              "URL": "http://porud755/maximo/webclient/skins-20170809-1350/tivoli09/images/tablebtn_next_off.gif"
            },
            {
              "CompressionType": "",
              "DataType": "image/gif",
              "DownloadTime": 125,
              "EventId": 603,
              "HttpStatus": 200,
              "Size": 612,
              "URL": "http://porud755/maximo/webclient/skins-20170809-1350/tivoli09/images/tablebtn_previous_off.gif"
            },
            {
              "CompressionType": "",
              "DataType": "image/gif",
              "DownloadTime": 46,
              "EventId": 601,
              "HttpStatus": 200,
              "Size": 204,
              "URL": "http://porud755/maximo/webclient/skins-20170809-1350/tivoli09/images/minimize.gif"
            },
            {
              "CompressionType": "",
              "DataType": "image/gif",
              "DownloadTime": 93,
              "EventId": 599,
              "HttpStatus": 200,
              "Size": 605,
              "URL": "http://porud755/maximo/webclient/skins-20170809-1350/tivoli09/images/tablebtn_nextdown_off.gif"
            },
            {
              "CompressionType": "",
              "DataType": "image/gif",
              "DownloadTime": 125,
              "EventId": 597,
              "HttpStatus": 200,
              "Size": 1136,
              "URL": "http://porud755/maximo/webclient/skins-20170809-1350/tivoli09/images/listab_refresh.gif"
            },
            {
              "CompressionType": "",
              "DataType": "image/gif",
              "DownloadTime": 63,
              "EventId": 595,
              "HttpStatus": 200,
              "Size": 613,
              "URL": "http://porud755/maximo/webclient/skins-20170809-1350/tivoli09/images/tablebtn_nextup_off.gif"
            },
            {
              "CompressionType": "",
              "DataType": "image/gif",
              "DownloadTime": 125,
              "EventId": 593,
              "HttpStatus": 200,
              "Size": 625,
              "URL": "http://porud755/maximo/webclient/skins-20170809-1350/tivoli09/images/qf_clear_disabled.gif"
            },
            {
              "CompressionType": "",
              "DataType": "image/gif",
              "DownloadTime": 140,
              "EventId": 591,
              "HttpStatus": 200,
              "Size": 1054,
              "URL": "http://porud755/maximo/webclient/skins-20170809-1350/tivoli09/images/qf_find.gif"
            },
            {
              "CompressionType": "",
              "DataType": "image/gif",
              "DownloadTime": 63,
              "EventId": 589,
              "HttpStatus": 200,
              "Size": 94,
              "URL": "http://porud755/maximo/webclient/skins-20170809-1350/tivoli09/images/img_arrow_quickfilter.gif"
            },
            {
              "CompressionType": "",
              "DataType": "image/gif",
              "DownloadTime": 78,
              "EventId": 587,
              "HttpStatus": 200,
              "Size": 344,
              "URL": "http://porud755/maximo/webclient/skins-20170809-1350/tivoli09/images/tablebtn_filter_on.gif"
            },
            {
              "CompressionType": "",
              "DataType": "image/gif",
              "DownloadTime": 47,
              "EventId": 585,
              "HttpStatus": 200,
              "Size": 875,
              "URL": "http://porud755/maximo/webclient/skins-20170809-1350/tivoli09/images/tablebtn_divider.gif"
            },
            {
              "CompressionType": "",
              "DataType": "image/gif",
              "DownloadTime": 94,
              "EventId": 583,
              "HttpStatus": 200,
              "Size": 339,
              "URL": "http://porud755/maximo/webclient/skins-20170809-1350/tivoli09/images/atb_bookmark.gif"
            },
            {
              "CompressionType": "",
              "DataType": "image/gif",
              "DownloadTime": 94,
              "EventId": 581,
              "HttpStatus": 200,
              "Size": 670,
              "URL": "http://porud755/maximo/webclient/skins-20170809-1350/tivoli09/images/atb_save.gif"
            },
            {
              "CompressionType": "",
              "DataType": "image/gif",
              "DownloadTime": 78,
              "EventId": 579,
              "HttpStatus": 200,
              "Size": 148,
              "URL": "http://porud755/maximo/webclient/skins-20170809-1350/tivoli09/images/atb_popoutmenu.gif"
            },
            {
              "CompressionType": "",
              "DataType": "image/gif",
              "DownloadTime": 94,
              "EventId": 577,
              "HttpStatus": 200,
              "Size": 1054,
              "URL": "http://porud755/maximo/webclient/skins-20170809-1350/tivoli09/images/atb_search.gif"
            },
            {
              "CompressionType": "",
              "DataType": "image/gif",
              "DownloadTime": 47,
              "EventId": 575,
              "HttpStatus": 200,
              "Size": 488,
              "URL": "http://porud755/maximo/webclient/skins-20170809-1350/tivoli09/images/nav_icon_route.gif"
            },
            {
              "CompressionType": "",
              "DataType": "image/gif",
              "DownloadTime": 157,
              "EventId": 573,
              "HttpStatus": 200,
              "Size": 1179,
              "URL": "http://porud755/maximo/webclient/skins-20170809-1350/tivoli09/images/nav_icon_createQueryBasedReport.gif"
            },
            {
              "CompressionType": "",
              "DataType": "image/gif",
              "DownloadTime": 125,
              "EventId": 571,
              "HttpStatus": 200,
              "Size": 139,
              "URL": "http://porud755/maximo/webclient/skins-20170809-1350/tivoli09/images/appimg_report.gif"
            },
            {
              "CompressionType": "",
              "DataType": "image/gif",
              "DownloadTime": 141,
              "EventId": 569,
              "HttpStatus": 200,
              "Size": 1089,
              "URL": "http://porud755/maximo/webclient/skins-20170809-1350/tivoli09/images/nav_icon_kpi.gif"
            },
            {
              "CompressionType": "",
              "DataType": "image/gif",
              "DownloadTime": 125,
              "EventId": 567,
              "HttpStatus": 200,
              "Size": 1162,
              "URL": "http://porud755/maximo/webclient/skins-20170809-1350/tivoli09/images/nav_icon_changestatus.gif"
            },
            {
              "CompressionType": "",
              "DataType": "image/gif",
              "DownloadTime": 94,
              "EventId": 565,
              "HttpStatus": 200,
              "Size": 1114,
              "URL": "http://porud755/maximo/webclient/skins-20170809-1350/tivoli09/images/nav_icon_next.gif"
            },
            {
              "CompressionType": "",
              "DataType": "image/gif",
              "DownloadTime": 93,
              "EventId": 563,
              "HttpStatus": 200,
              "Size": 1124,
              "URL": "http://porud755/maximo/webclient/skins-20170809-1350/tivoli09/images/nav_icon_previous.gif"
            },
            {
              "CompressionType": "",
              "DataType": "image/gif",
              "DownloadTime": 94,
              "EventId": 561,
              "HttpStatus": 200,
              "Size": 1090,
              "URL": "http://porud755/maximo/webclient/skins-20170809-1350/tivoli09/images/nav_icon_clear.gif"
            },
            {
              "CompressionType": "",
              "DataType": "image/gif",
              "DownloadTime": 109,
              "EventId": 559,
              "HttpStatus": 200,
              "Size": 151,
              "URL": "http://porud755/maximo/webclient/skins-20170809-1350/tivoli09/images/table_filterRow_bkg.gif"
            },
            {
              "CompressionType": "",
              "DataType": "image/gif",
              "DownloadTime": 219,
              "EventId": 557,
              "HttpStatus": 200,
              "Size": 288,
              "URL": "http://porud755/maximo/webclient/skins-20170809-1350/tivoli09/images/toolbar/toolbarsep.gif"
            },
            {
              "CompressionType": "",
              "DataType": "image/gif",
              "DownloadTime": 93,
              "EventId": 555,
              "HttpStatus": 200,
              "Size": 964,
              "URL": "http://porud755/maximo/webclient/skins-20170809-1350/tivoli09/images/table_toolbar_rcap.gif"
            },
            {
              "CompressionType": "",
              "DataType": "image/gif",
              "DownloadTime": 110,
              "EventId": 553,
              "HttpStatus": 200,
              "Size": 963,
              "URL": "http://porud755/maximo/webclient/skins-20170809-1350/tivoli09/images/table_toolbar_lcap.gif"
            },
            {
              "CompressionType": "",
              "DataType": "image/gif",
              "DownloadTime": 109,
              "EventId": 551,
              "HttpStatus": 200,
              "Size": 533,
              "URL": "http://porud755/maximo/webclient/skins-20170809-1350/tivoli09/images/table_columnHeader_bkg.gif"
            },
            {
              "CompressionType": "",
              "DataType": "image/gif",
              "DownloadTime": 125,
              "EventId": 549,
              "HttpStatus": 200,
              "Size": 305,
              "URL": "http://porud755/maximo/webclient/skins-20170809-1350/tivoli09/images/table_toolbar_bkg.gif"
            },
            {
              "CompressionType": "",
              "DataType": "image/gif",
              "DownloadTime": 235,
              "EventId": 547,
              "HttpStatus": 200,
              "Size": 744,
              "URL": "http://porud755/maximo/webclient/skins-20170809-1350/tivoli09/images/nav_icon_insertkey.gif"
            },
            {
              "CompressionType": "",
              "DataType": "image/gif",
              "DownloadTime": 219,
              "EventId": 545,
              "HttpStatus": 200,
              "Size": 1176,
              "URL": "http://porud755/maximo/webclient/skins-20170809-1350/tivoli09/images/nav_icon_save.gif"
            },
            {
              "CompressionType": "",
              "DataType": "image/gif",
              "DownloadTime": 219,
              "EventId": 543,
              "HttpStatus": 200,
              "Size": 157,
              "URL": "http://porud755/maximo/webclient/skins-20170809-1350/tivoli09/images/toolbar/toolbar_bkg.gif"
            },
            {
              "CompressionType": "",
              "DataType": "image/gif",
              "DownloadTime": 266,
              "EventId": 541,
              "HttpStatus": 200,
              "Size": 1146,
              "URL": "http://porud755/maximo/webclient/skins-20170809-1350/tivoli09/images/quicksearch.gif"
            },
            {
              "CompressionType": "",
              "DataType": "image/gif",
              "DownloadTime": 219,
              "EventId": 539,
              "HttpStatus": 200,
              "Size": 147,
              "URL": "http://porud755/maximo/webclient/skins-20170809-1350/tivoli09/images/nav_btn_menuArrow_Search.gif"
            },
            {
              "CompressionType": "",
              "DataType": "image/gif",
              "DownloadTime": 203,
              "EventId": 537,
              "HttpStatus": 200,
              "Size": 390,
              "URL": "http://porud755/maximo/webclient/skins-20170809-1350/tivoli09/images/IE_toolbar_dropdown.gif"
            },
            {
              "CompressionType": "",
              "DataType": "image/gif",
              "DownloadTime": 47,
              "EventId": 535,
              "HttpStatus": 200,
              "Size": 140,
              "URL": "http://porud755/maximo/webclient/skins-20170809-1350/tivoli09/images/appimg_wotrack.gif"
            },
            {
              "CompressionType": "",
              "DataType": "text/html",
              "DownloadTime": 156,
              "EventId": 525,
              "HttpStatus": 200,
              "Size": 109696,
              "URL": "http://porud755/maximo/ui/?event=loadapp&value=emgwotrack&uisessionid=267&csrftoken=6k544bfh8i0h8rfj5656r8noj5"
            },
            {
              "CompressionType": "",
              "DataType": "text/xml",
              "DownloadTime": 141,
              "EventId": 523,
              "HttpStatus": 200,
              "Size": 260,
              "URL": "http://porud755/maximo/ui/maximo.jsp"
            },
            {
              "CompressionType": "",
              "DataType": "image/gif",
              "DownloadTime": 62,
              "EventId": 521,
              "HttpStatus": 200,
              "Size": 881,
              "URL": "http://porud755/maximo/webclient/skins-20170809-1350/tivoli09/images/menus/item_over.gif"
            },
            {
              "CompressionType": "",
              "DataType": "image/gif",
              "DownloadTime": 62,
              "EventId": 519,
              "HttpStatus": 200,
              "Size": 1132,
              "URL": "http://porud755/maximo/webclient/skins-20170809-1350/tivoli09/images/modimg_wo.gif"
            },
            {
              "CompressionType": "",
              "DataType": "image/png",
              "DownloadTime": 63,
              "EventId": 517,
              "HttpStatus": 200,
              "Size": 233,
              "URL": "http://porud755/maximo/webclient/skins-20170809-1350/tivoli09/images/menus/menuback.png"
            },
            {
              "CompressionType": "",
              "DataType": "image/gif",
              "DownloadTime": 47,
              "EventId": 515,
              "HttpStatus": 200,
              "Size": 1157,
              "URL": "http://porud755/maximo/webclient/skins-20170809-1350/tivoli09/images/modimg_taskMgmt.gif"
            },
            {
              "CompressionType": "",
              "DataType": "image/gif",
              "DownloadTime": 62,
              "EventId": 513,
              "HttpStatus": 200,
              "Size": 1134,
              "URL": "http://porud755/maximo/webclient/skins-20170809-1350/tivoli09/images/modimg_sla.gif"
            },
            {
              "CompressionType": "",
              "DataType": "image/gif",
              "DownloadTime": 79,
              "EventId": 511,
              "HttpStatus": 200,
              "Size": 1160,
              "URL": "http://porud755/maximo/webclient/skins-20170809-1350/tivoli09/images/modimg_util.gif"
            },
            {
              "CompressionType": "",
              "DataType": "image/gif",
              "DownloadTime": 78,
              "EventId": 509,
              "HttpStatus": 200,
              "Size": 650,
              "URL": "http://porud755/maximo/webclient/skins-20170809-1350/tivoli09/images/modimg_ssdr.gif"
            },
            {
              "CompressionType": "",
              "DataType": "image/gif",
              "DownloadTime": 78,
              "EventId": 507,
              "HttpStatus": 200,
              "Size": 1068,
              "URL": "http://porud755/maximo/webclient/skins-20170809-1350/tivoli09/images/modimg_sd.gif"
            },
            {
              "CompressionType": "",
              "DataType": "image/gif",
              "DownloadTime": 78,
              "EventId": 505,
              "HttpStatus": 200,
              "Size": 1146,
              "URL": "http://porud755/maximo/webclient/skins-20170809-1350/tivoli09/images/modimg_release.gif"
            },
            {
              "CompressionType": "",
              "DataType": "image/gif",
              "DownloadTime": 63,
              "EventId": 503,
              "HttpStatus": 200,
              "Size": 1129,
              "URL": "http://porud755/maximo/webclient/skins-20170809-1350/tivoli09/images/modimg_security.gif"
            },
            {
              "CompressionType": "",
              "DataType": "image/gif",
              "DownloadTime": 94,
              "EventId": 501,
              "HttpStatus": 200,
              "Size": 717,
              "URL": "http://porud755/maximo/webclient/skins-20170809-1350/tivoli09/images/modimg_inventor.gif"
            },
            {
              "CompressionType": "",
              "DataType": "image/gif",
              "DownloadTime": 31,
              "EventId": 499,
              "HttpStatus": 200,
              "Size": 679,
              "URL": "http://porud755/maximo/webclient/skins-20170809-1350/tivoli09/images/modimg_purchase.gif"
            },
            {
              "CompressionType": "",
              "DataType": "image/gif",
              "DownloadTime": 125,
              "EventId": 497,
              "HttpStatus": 200,
              "Size": 1232,
              "URL": "http://porud755/maximo/webclient/skins-20170809-1350/tivoli09/images/modimg_int.gif"
            },
            {
              "CompressionType": "",
              "DataType": "image/gif",
              "DownloadTime": 62,
              "EventId": 495,
              "HttpStatus": 200,
              "Size": 1036,
              "URL": "http://porud755/maximo/webclient/skins-20170809-1350/tivoli09/images/modimg_pm.gif"
            },
            {
              "CompressionType": "",
              "DataType": "image/gif",
              "DownloadTime": 63,
              "EventId": 493,
              "HttpStatus": 200,
              "Size": 200,
              "URL": "http://porud755/maximo/webclient/skins-20170809-1350/tivoli09/images/modimg_plans.gif"
            },
            {
              "CompressionType": "",
              "DataType": "image/gif",
              "DownloadTime": 93,
              "EventId": 491,
              "HttpStatus": 200,
              "Size": 653,
              "URL": "http://porud755/maximo/webclient/skins-20170809-1350/tivoli09/images/modimg_configItems.gif"
            },
            {
              "CompressionType": "",
              "DataType": "image/gif",
              "DownloadTime": 94,
              "EventId": 489,
              "HttpStatus": 200,
              "Size": 476,
              "URL": "http://porud755/maximo/webclient/skins-20170809-1350/tivoli09/images/modimg_financial.gif"
            },
            {
              "CompressionType": "",
              "DataType": "image/gif",
              "DownloadTime": 78,
              "EventId": 487,
              "HttpStatus": 200,
              "Size": 1147,
              "URL": "http://porud755/maximo/webclient/skins-20170809-1350/tivoli09/images/modimg_change.gif"
            },
            {
              "CompressionType": "",
              "DataType": "image/gif",
              "DownloadTime": 62,
              "EventId": 485,
              "HttpStatus": 200,
              "Size": 1116,
              "URL": "http://porud755/maximo/webclient/skins-20170809-1350/tivoli09/images/modimg_contract.gif"
            },
            {
              "CompressionType": "",
              "DataType": "image/gif",
              "DownloadTime": 94,
              "EventId": 483,
              "HttpStatus": 200,
              "Size": 1159,
              "URL": "http://porud755/maximo/webclient/skins-20170809-1350/tivoli09/images/modimg_asset.gif"
            },
            {
              "CompressionType": "",
              "DataType": "image/gif",
              "DownloadTime": 78,
              "EventId": 480,
              "HttpStatus": 200,
              "Size": 841,
              "URL": "http://porud755/maximo/webclient/skins-20170809-1350/tivoli09/images/menus/blank.gif"
            },
            {
              "CompressionType": "",
              "DataType": "image/gif",
              "DownloadTime": 78,
              "EventId": 477,
              "HttpStatus": 200,
              "Size": 1217,
              "URL": "http://porud755/maximo/webclient/skins-20170809-1350/tivoli09/images/modimg_setup.gif"
            },
            {
              "CompressionType": "",
              "DataType": "text/plain",
              "DownloadTime": 31,
              "EventId": 330,
              "HttpStatus": 200,
              "Size": 39438,
              "URL": "http://porud755/maximo/webclient/skins-20170809-1350/tivoli09/images/maximo-icon.ico"
            },
            {
              "CompressionType": "",
              "DataType": "image/gif",
              "DownloadTime": 47,
              "EventId": 328,
              "HttpStatus": 200,
              "Size": 43,
              "URL": "http://porud755/maximo/webclient/javascript/dojo-20130903-1504/dojo/resources/blank.gif"
            },
            {
              "CompressionType": "",
              "DataType": "application/x-javascript",
              "DownloadTime": 31,
              "EventId": 326,
              "HttpStatus": 200,
              "Size": 2934,
              "URL": "http://porud755/maximo/webclient/javascript/dojo-20130903-1504/dojo/fx/Toggler.js"
            },
            {
              "CompressionType": "",
              "DataType": "application/x-javascript",
              "DownloadTime": 31,
              "EventId": 324,
              "HttpStatus": 200,
              "Size": 12256,
              "URL": "http://porud755/maximo/webclient/javascript/dojo-20130903-1504/dojo/fx.js"
            },
            {
              "CompressionType": "",
              "DataType": "application/x-javascript",
              "DownloadTime": 31,
              "EventId": 322,
              "HttpStatus": 200,
              "Size": 455,
              "URL": "http://porud755/maximo/webclient/javascript/dojo-20130903-1504/dojo/cldr/nls/en/number.js"
            },
            {
              "CompressionType": "",
              "DataType": "image/gif",
              "DownloadTime": 47,
              "EventId": 320,
              "HttpStatus": 200,
              "Size": 832,
              "URL": "http://porud755/maximo/webclient/skins-20170809-1350/tivoli09/images/blank.gif"
            },
            {
              "CompressionType": "",
              "DataType": "image/gif",
              "DownloadTime": 109,
              "EventId": 318,
              "HttpStatus": 200,
              "Size": 3531,
              "URL": "http://porud755/maximo/webclient/skins-20170809-1350/tivoli09/images/wait.gif"
            },
            {
              "CompressionType": "",
              "DataType": "image/gif",
              "DownloadTime": 63,
              "EventId": 316,
              "HttpStatus": 200,
              "Size": 853,
              "URL": "http://porud755/maximo/webclient/skins-20170809-1350/tivoli09/images/dialogs/drag_header_middle.gif"
            },
            {
              "CompressionType": "",
              "DataType": "image/png",
              "DownloadTime": 78,
              "EventId": 314,
              "HttpStatus": 200,
              "Size": 15891,
              "URL": "http://porud755/maximo/webclient/skins-20170809-1350/tivoli09/images/banner_swoosh.png"
            },
            {
              "CompressionType": "",
              "DataType": "image/gif",
              "DownloadTime": 78,
              "EventId": 312,
              "HttpStatus": 200,
              "Size": 931,
              "URL": "http://porud755/maximo/webclient/skins-20170809-1350/tivoli09/images/ibm_logo_white.gif"
            },
            {
              "CompressionType": "",
              "DataType": "image/png",
              "DownloadTime": 63,
              "EventId": 310,
              "HttpStatus": 200,
              "Size": 205,
              "URL": "http://porud755/maximo/webclient/skins-20170809-1350/tivoli09/images/banner_bkg.png"
            },
            {
              "CompressionType": "",
              "DataType": "image/gif",
              "DownloadTime": 125,
              "EventId": 308,
              "HttpStatus": 200,
              "Size": 1107,
              "URL": "http://porud755/maximo/webclient/skins-20170809-1350/tivoli09/images/btn_savetemplate.gif"
            },
            {
              "CompressionType": "",
              "DataType": "image/gif",
              "DownloadTime": 125,
              "EventId": 306,
              "HttpStatus": 200,
              "Size": 1122,
              "URL": "http://porud755/maximo/webclient/skins-20170809-1350/tivoli09/images/icon_details.gif"
            },
            {
              "CompressionType": "",
              "DataType": "image/gif",
              "DownloadTime": 141,
              "EventId": 304,
              "HttpStatus": 200,
              "Size": 1106,
              "URL": "http://porud755/maximo/webclient/skins-20170809-1350/tivoli09/images/btn_deletetemplate.gif"
            },
            {
              "CompressionType": "",
              "DataType": "image/gif",
              "DownloadTime": 156,
              "EventId": 302,
              "HttpStatus": 200,
              "Size": 1092,
              "URL": "http://porud755/maximo/webclient/skins-20170809-1350/tivoli09/images/btn_changecontent.gif"
            },
            {
              "CompressionType": "",
              "DataType": "image/gif",
              "DownloadTime": 141,
              "EventId": 300,
              "HttpStatus": 200,
              "Size": 1071,
              "URL": "http://porud755/maximo/webclient/skins-20170809-1350/tivoli09/images/btn_cancelchanges.gif"
            },
            {
              "CompressionType": "",
              "DataType": "image/gif",
              "DownloadTime": 125,
              "EventId": 298,
              "HttpStatus": 200,
              "Size": 289,
              "URL": "http://porud755/maximo/webclient/skins-20170809-1350/tivoli09/images/btn_help.gif"
            },
            {
              "CompressionType": "",
              "DataType": "application/x-javascript",
              "DownloadTime": 47,
              "EventId": 288,
              "HttpStatus": 200,
              "Size": 137463,
              "URL": "http://porud755/maximo/webclient/javascript/dojo-20130903-1504/layers/mbs/popuplayer.js"
            },
            {
              "CompressionType": "",
              "DataType": "image/gif",
              "DownloadTime": 47,
              "EventId": 286,
              "HttpStatus": 200,
              "Size": 300,
              "URL": "http://porud755/maximo/webclient/skins-20170809-1350/tivoli09/images/btn_signout.gif"
            },
            {
              "CompressionType": "",
              "DataType": "image/gif",
              "DownloadTime": 110,
              "EventId": 284,
              "HttpStatus": 200,
              "Size": 291,
              "URL": "http://porud755/maximo/webclient/skins-20170809-1350/tivoli09/images/btn_startcenter.gif"
            },
            {
              "CompressionType": "",
              "DataType": "image/gif",
              "DownloadTime": 125,
              "EventId": 282,
              "HttpStatus": 200,
              "Size": 847,
              "URL": "http://porud755/maximo/webclient/skins-20170809-1350/tivoli09/images/btn_bboard.gif"
            },
            {
              "CompressionType": "",
              "DataType": "image/gif",
              "DownloadTime": 32,
              "EventId": 280,
              "HttpStatus": 200,
              "Size": 879,
              "URL": "http://porud755/maximo/webclient/skins-20170809-1350/tivoli09/images/btn_profile.gif"
            },
            {
              "CompressionType": "",
              "DataType": "image/gif",
              "DownloadTime": 78,
              "EventId": 278,
              "HttpStatus": 200,
              "Size": 187,
              "URL": "http://porud755/maximo/webclient/skins-20170809-1350/tivoli09/images/btn_reporting.gif"
            },
            {
              "CompressionType": "",
              "DataType": "image/gif",
              "DownloadTime": 47,
              "EventId": 276,
              "HttpStatus": 200,
              "Size": 932,
              "URL": "http://porud755/maximo/webclient/skins-20170809-1350/tivoli09/images/gotoarrow.gif"
            },
            {
              "CompressionType": "",
              "DataType": "application/x-javascript",
              "DownloadTime": 78,
              "EventId": 274,
              "HttpStatus": 200,
              "Size": 12923,
              "URL": "http://porud755/maximo/webclient/javascript/tpae-20170809-1350/dojo_library.js"
            },
            {
              "CompressionType": "",
              "DataType": "image/png",
              "DownloadTime": 140,
              "EventId": 272,
              "HttpStatus": 200,
              "Size": 609,
              "URL": "http://porud755/maximo/webclient/skins-20170809-1350/tivoli09/images/async/question.png"
            },
            {
              "CompressionType": "",
              "DataType": "image/gif",
              "DownloadTime": 78,
              "EventId": 270,
              "HttpStatus": 200,
              "Size": 2104,
              "URL": "http://porud755/maximo/webclient/skins-20170809-1350/tivoli09/images/appimg_startcntr.gif"
            },
            {
              "CompressionType": "",
              "DataType": "image/png",
              "DownloadTime": 78,
              "EventId": 268,
              "HttpStatus": 200,
              "Size": 714,
              "URL": "http://porud755/maximo/webclient/skins-20170809-1350/tivoli09/images/async/smartfill.png"
            },
            {
              "CompressionType": "",
              "DataType": "image/gif",
              "DownloadTime": 79,
              "EventId": 266,
              "HttpStatus": 200,
              "Size": 559,
              "URL": "http://porud755/maximo/webclient/skins-20170809-1350/tivoli09/images/information.gif"
            },
            {
              "CompressionType": "",
              "DataType": "image/png",
              "DownloadTime": 94,
              "EventId": 264,
              "HttpStatus": 200,
              "Size": 629,
              "URL": "http://porud755/maximo/webclient/skins-20170809-1350/tivoli09/images/async/warning.png"
            },
            {
              "CompressionType": "",
              "DataType": "image/png",
              "DownloadTime": 78,
              "EventId": 262,
              "HttpStatus": 200,
              "Size": 180,
              "URL": "http://porud755/maximo/webclient/skins-20170809-1350/tivoli09/images/async/edited.png"
            },
            {
              "CompressionType": "",
              "DataType": "image/png",
              "DownloadTime": 31,
              "EventId": 260,
              "HttpStatus": 200,
              "Size": 795,
              "URL": "http://porud755/maximo/webclient/skins-20170809-1350/tivoli09/images/async/error.png"
            },
            {
              "CompressionType": "",
              "DataType": "image/gif",
              "DownloadTime": 63,
              "EventId": 258,
              "HttpStatus": 200,
              "Size": 605,
              "URL": "http://porud755/maximo/webclient/skins-20170809-1350/tivoli09/images/async/working.gif"
            },
            {
              "CompressionType": "",
              "DataType": "image/gif",
              "DownloadTime": 94,
              "EventId": 256,
              "HttpStatus": 200,
              "Size": 845,
              "URL": "http://porud755/maximo/webclient/skins-20170809-1350/tivoli09/images/menus/menusub.gif"
            },
            {
              "CompressionType": "",
              "DataType": "image/gif",
              "DownloadTime": 125,
              "EventId": 254,
              "HttpStatus": 200,
              "Size": 1265,
              "URL": "http://porud755/maximo/webclient/skins-20170809-1350/tivoli09/images/tb_button_highlight.gif"
            },
            {
              "CompressionType": "",
              "DataType": "image/gif",
              "DownloadTime": 62,
              "EventId": 251,
              "HttpStatus": 200,
              "Size": 828,
              "URL": "http://porud755/maximo/webclient/skins-20170809-1350/tivoli09/images/designer/formtabon_selected.gif"
            },
            {
              "CompressionType": "",
              "DataType": "image/gif",
              "DownloadTime": 62,
              "EventId": 248,
              "HttpStatus": 200,
              "Size": 829,
              "URL": "http://porud755/maximo/webclient/skins-20170809-1350/tivoli09/images/tabs/over.gif"
            },
            {
              "CompressionType": "",
              "DataType": "image/gif",
              "DownloadTime": 78,
              "EventId": 245,
              "HttpStatus": 200,
              "Size": 877,
              "URL": "http://porud755/maximo/webclient/skins-20170809-1350/tivoli09/images/tabs/off.gif"
            },
            {
              "CompressionType": "",
              "DataType": "image/gif",
              "DownloadTime": 62,
              "EventId": 242,
              "HttpStatus": 200,
              "Size": 815,
              "URL": "http://porud755/maximo/webclient/skins-20170809-1350/tivoli09/images/tabs/sub_row.gif"
            },
            {
              "CompressionType": "",
              "DataType": "image/gif",
              "DownloadTime": 79,
              "EventId": 239,
              "HttpStatus": 200,
              "Size": 839,
              "URL": "http://porud755/maximo/webclient/skins-20170809-1350/tivoli09/images/tabs/row.gif"
            },
            {
              "CompressionType": "",
              "DataType": "application/x-javascript",
              "DownloadTime": 47,
              "EventId": 236,
              "HttpStatus": 200,
              "Size": 6238,
              "URL": "http://porud755/maximo/webclient/javascript/dojo-20130903-1504/dojo/window.js"
            },
            {
              "CompressionType": "",
              "DataType": "application/x-javascript",
              "DownloadTime": 94,
              "EventId": 233,
              "HttpStatus": 200,
              "Size": 5025,
              "URL": "http://porud755/maximo/webclient/javascript/tpae-20170809-1350/sessiontimer.js"
            },
            {
              "CompressionType": "",
              "DataType": "application/x-javascript",
              "DownloadTime": 78,
              "EventId": 229,
              "HttpStatus": 200,
              "Size": 13089,
              "URL": "http://porud755/maximo/webclient/javascript/tpae-20170809-1350/dataproxy.js"
            },
            {
              "CompressionType": "",
              "DataType": "application/x-javascript",
              "DownloadTime": 93,
              "EventId": 227,
              "HttpStatus": 200,
              "Size": 130831,
              "URL": "http://porud755/maximo/webclient/javascript/dojo-20130903-1504/dojo/dojo.js"
            },
            {
              "CompressionType": "",
              "DataType": "text/css",
              "DownloadTime": 78,
              "EventId": 223,
              "HttpStatus": 200,
              "Size": 402,
              "URL": "http://porud755/maximo/webclient/skins-20170809-1350/tivoli09/css/extended.css"
            },
            {
              "CompressionType": "",
              "DataType": "application/x-javascript",
              "DownloadTime": 156,
              "EventId": 215,
              "HttpStatus": 200,
              "Size": 2454,
              "URL": "http://porud755/maximo/webclient/javascript/tpae-20170809-1350/wfdesign.js"
            },
            {
              "CompressionType": "",
              "DataType": "application/x-javascript",
              "DownloadTime": 156,
              "EventId": 213,
              "HttpStatus": 200,
              "Size": 13566,
              "URL": "http://porud755/maximo/webclient/javascript/tpae-20170809-1350/designer.js"
            },
            {
              "CompressionType": "",
              "DataType": "application/x-javascript",
              "DownloadTime": 78,
              "EventId": 211,
              "HttpStatus": 200,
              "Size": 1804,
              "URL": "http://porud755/maximo/webclient/skins-20170809-1350/tivoli09/js/skinlibrary.js"
            },
            {
              "CompressionType": "",
              "DataType": "application/x-javascript",
              "DownloadTime": 94,
              "EventId": 208,
              "HttpStatus": 200,
              "Size": 74613,
              "URL": "http://porud755/maximo/webclient/javascript/tpae-20170809-1350/async.js"
            },
            {
              "CompressionType": "",
              "DataType": "application/x-javascript",
              "DownloadTime": 125,
              "EventId": 206,
              "HttpStatus": 200,
              "Size": 284,
              "URL": "http://porud755/maximo/webclient/javascript/tpae-20170809-1350/library_ex.js"
            },
            {
              "CompressionType": "",
              "DataType": "application/x-javascript",
              "DownloadTime": 109,
              "EventId": 201,
              "HttpStatus": 200,
              "Size": 156724,
              "URL": "http://porud755/maximo/webclient/javascript/tpae-20170809-1350/library.js"
            },
            {
              "CompressionType": "",
              "DataType": "application/x-javascript",
              "DownloadTime": 94,
              "EventId": 196,
              "HttpStatus": 200,
              "Size": 7099,
              "URL": "http://porud755/maximo/webclient/javascript/tpae-20170809-1350/browser_library.js"
            },
            {
              "CompressionType": "",
              "DataType": "application/x-javascript",
              "DownloadTime": 47,
              "EventId": 191,
              "HttpStatus": 200,
              "Size": 29484,
              "URL": "http://porud755/maximo/webclient/javascript/tpae-20170809-1350/navsection.js"
            },
            {
              "CompressionType": "",
              "DataType": "application/x-javascript",
              "DownloadTime": 78,
              "EventId": 187,
              "HttpStatus": 200,
              "Size": 40757,
              "URL": "http://porud755/maximo/webclient/javascript/tpae-20170809-1350/menus.js"
            },
            {
              "CompressionType": "",
              "DataType": "application/x-javascript",
              "DownloadTime": 94,
              "EventId": 185,
              "HttpStatus": 200,
              "Size": 718,
              "URL": "http://porud755/maximo/webclient/javascript/tpae-20170809-1350/prototype.js"
            },
            {
              "CompressionType": "",
              "DataType": "text/css",
              "DownloadTime": 94,
              "EventId": 181,
              "HttpStatus": 200,
              "Size": 70513,
              "URL": "http://porud755/maximo/webclient/skins-20170809-1350/tivoli09/css/maximo.css"
            },
            {
              "CompressionType": "",
              "DataType": "application/x-javascript",
              "DownloadTime": 62,
              "EventId": 176,
              "HttpStatus": 200,
              "Size": 1238,
              "URL": "http://porud755/maximo/webclient/javascript/tpae-20170809-1350/constants.js"
            },
            {
              "CompressionType": "",
              "DataType": "application/x-javascript",
              "DownloadTime": 63,
              "EventId": 174,
              "HttpStatus": 200,
              "Size": 20526,
              "URL": "http://porud755/maximo/webclient/javascript/tpae-20170809-1350/deprecated.js"
            },
            {
              "CompressionType": "",
              "DataType": "text/css",
              "DownloadTime": 78,
              "EventId": 172,
              "HttpStatus": 200,
              "Size": 80792,
              "URL": "http://porud755/maximo/webclient/javascript/dojo-20130903-1504/dijit/themes/tundra/tundra.css"
            },
            {
              "CompressionType": "",
              "DataType": "text/css",
              "DownloadTime": 63,
              "EventId": 169,
              "HttpStatus": 200,
              "Size": 593,
              "URL": "http://porud755/maximo/webclient/javascript/dojo-20130903-1504/dojox/html/resources/ellipsis.css"
            },
            {
              "CompressionType": "",
              "DataType": "text/css",
              "DownloadTime": 47,
              "EventId": 166,
              "HttpStatus": 200,
              "Size": 1735,
              "URL": "http://porud755/maximo/webclient/javascript/dojo-20130903-1504/dojo/resources/dojo.css"
            },
            {
              "CompressionType": "",
              "DataType": "text/html",
              "DownloadTime": 344,
              "EventId": 152,
              "HttpStatus": 200,
              "Size": 59676,
              "URL": "http://porud755/maximo/ui/login"
            },
            {
              "CompressionType": "",
              "DataType": "text/plain",
              "DownloadTime": 47,
              "EventId": 138,
              "HttpStatus": 200,
              "Size": 39438,
              "URL": "http://porud755/maximo/webclient/images/maximo-icon.ico"
            },
            {
              "CompressionType": "",
              "DataType": "image/png",
              "DownloadTime": 62,
              "EventId": 136,
              "HttpStatus": 200,
              "Size": 140,
              "URL": "http://porud755/maximo/webclient/login/images/ge_login_txtbox.png"
            },
            {
              "CompressionType": "",
              "DataType": "image/png",
              "DownloadTime": 94,
              "EventId": 130,
              "HttpStatus": 200,
              "Size": 412,
              "URL": "http://porud755/maximo/webclient/login/images/ge_login_dialog_bkgnd.png"
            },
            {
              "CompressionType": "",
              "DataType": "image/png",
              "DownloadTime": 78,
              "EventId": 125,
              "HttpStatus": 200,
              "Size": 322,
              "URL": "http://porud755/maximo/webclient/login/images/buttonEnabled_tiv.png"
            },
            {
              "CompressionType": "",
              "DataType": "image/jpeg",
              "DownloadTime": 93,
              "EventId": 123,
              "HttpStatus": 200,
              "Size": 95757,
              "URL": "http://porud755/maximo/webclient/login/images/ge_login_bkgnd.jpg"
            },
            {
              "CompressionType": "",
              "DataType": "image/png",
              "DownloadTime": 110,
              "EventId": 121,
              "HttpStatus": 200,
              "Size": 1344,
              "URL": "http://porud755/maximo/webclient/login/images/ge_bkgnd.png"
            },
            {
              "CompressionType": "",
              "DataType": "image/png",
              "DownloadTime": 171,
              "EventId": 119,
              "HttpStatus": 200,
              "Size": 19257,
              "URL": "http://porud755/maximo/webclient/login/images/mx_icon.png"
            },
            {
              "CompressionType": "",
              "DataType": "image/gif",
              "DownloadTime": 141,
              "EventId": 116,
              "HttpStatus": 200,
              "Size": 157,
              "URL": "http://porud755/maximo/webclient/login/images/ibm-logo-white.gif"
            },
            {
              "CompressionType": "",
              "DataType": "text/css",
              "DownloadTime": 156,
              "EventId": 114,
              "HttpStatus": 200,
              "Size": 708,
              "URL": "http://porud755/maximo/webclient/login/css/tivoli09/login.css"
            },
            {
              "CompressionType": "",
              "DataType": "image/png",
              "DownloadTime": 94,
              "EventId": 112,
              "HttpStatus": 200,
              "Size": 872,
              "URL": "http://porud755/maximo/webclient/login/images/tivoli_brandmark.png"
            },
            {
              "CompressionType": "",
              "DataType": "text/css",
              "DownloadTime": 63,
              "EventId": 106,
              "HttpStatus": 200,
              "Size": 2988,
              "URL": "http://porud755/maximo/webclient/login/css/login.css"
            },
            {
              "CompressionType": "",
              "DataType": "text/html",
              "DownloadTime": 47,
              "EventId": 99,
              "HttpStatus": 200,
              "Size": 6918,
              "URL": "http://porud755/maximo/webclient/login/login.jsp"
            }
          ],
          "SSLCipher": "None",
          "SSLVersion": "None"
        }
      ],
      "IncludeInScript": true
    }
  ],
  "WebSocket": {
    "IncludeInScript": false,
    "IsScriptIncludeWebSocket": false
  },
  "NumberOfCorrelations": 19
}