<?xml version="1.0" encoding="UTF-8" ?>
<server_response csrftoken="48l0rj1i5tuo54rq9mtv1osq99">
<!-- Begin of the DIALOG -->
<component vis="true" id="mx1630_holder" compid="mx1630" replacemethod="addDialog"><![CDATA[<script pre='true'>publishMessage({"channel":"widgetCleanup","message":["mx1638","mx1654","mx1685"]});</script>			<div id='mx1630_inner_dialogwait'  class='wait'>&nbsp;</div>
				<table id="mx1630_inner"  role="dialog" aria-labelledby="mx1619" positionAtTop="false" positionX="" positionY="" modal="true" width="200" height="50" class="dsc1 mc modal" border="0" defaultbutton="" control="true" onmousedown='hideAllMenus();'onkeypress="if(hasKeyCode(event,'KEYCODE_ESC')) {sendEvent('dialogcancel','mx1630', null, null); }"ondragstart='return false;' ondblclick="toggleMinimize('mx1630')"  style="visibility:hidden;" cellpadding="0px" cellspacing="0px">
			<tr id="mx1630_content0" aria-live="polite"   style="" valign="top">
				<td id="mx1630_inner_content"  valign="BOTTOM"  style="padding:0px; %>">
<img tabindex="0" alt="" id="status_first" alt="" onfocus="moveable_onfocus(this);" src="../webclient/skins-20170809-1350/tivoli09/images/blank.gif" width="1" height="1" style="display:inline;margin:0px" firstbuttonid="first"/><table id="mx1624"  width="100%" style="margin:0px;" class="" role="presentation">
			<tr>
				<td id="mx1624_middle"  class="dh mh dhb  " valign="middle" align="left" width="*">
					<table role="presentation" class="" width="100%">
						<tr>
							<td valign="center" align="left" style="padding:0px;white-space:nowrap;" class="dh mh">
								<table role="presentation"  width="100%">
									<tr>
					<td id="mx1624_header_0"  align="left" class="dhbsh" valign="middle" style="padding:0px;white-space:nowrap;" width:100%;></td>
					<td id="mx1624_header_1"  align="left" class="dhbsh" valign="middle" style="padding:0px;white-space:nowrap;" width:100%;><div aria-live="polite" id="mx1619_holder" class="bc"><h1 labelledby="mx1619" style="display:inline" title="Change Status"><label ctype="label"  id="mx1619"    noclick="1"   targetid="mx1619"    class="text dh mh  " style="display:block;padding-left:2px;padding-top:2px;;;;;" title="Change Status">Change Status</label></h1></div></td>
					<td id="mx1624_header_2"   class="dhbsh" valign="middle" style="padding:0px;white-space:nowrap;" width="100%"><div aria-live="polite" id="mx1620_holder" class="bc">	<div id="mx1620" name="mx1620" class="ts dh mh  "  >&nbsp;</div>
</div></td>
					<td id="mx1624_header_3"  align="right" class="dhbsh" valign="middle" style="padding:0px;white-space:nowrap;" width="100%"></td>
					<td id="mx1624_header_4"  align="right" class="dhbsh" valign="middle" style="padding:0px;white-space:nowrap;" width="100%"></td>
					<td id="mx1624_header_5"  align="right" class="dhbsh" valign="middle" style="padding:0px;white-space:nowrap;" width="100%"></td>
								</tr>
								</table>
							</td>
						</tr>
					</table>
				</td>
			</tr>
		</table></td>
			</tr>
			<tr id="mx1630_content1" aria-live="polite"   style="" valign="top">
				<td id="mx1630_inner_content"  valign="BOTTOM"  style="padding:0px; %>">
<table role="presentation" id="mx1629"  class="dialogb" width="100%" style="position:relative;top:0px;margin:0px;" height="100%" ondblclick="cancelEvent(event);">
	<tr>
		<td class="  " style=";padding:0px;" align="">

		<table role="presentation" width="100%"  height="*" ondblclick="cancelEvent(event);">
	<tr>
		<td class="    dss" align="center">
	<div aria-live="polite" id="dialogmessage_holder" class="bc"><label ctype="label"  id="dialogmessage"    noclick="1"   targetid="dialogmessage"  role='alert'    class="text label  label  text  dum" style="display:block;padding-left:2px;padding-top:2px;;;;;" title="">&nbsp;</label></div>
		</td>
	</tr>
</table>
<table role="presentation" width="100%"  height="*" ondblclick="cancelEvent(event);">
	<tr>
		<td class="db    dss" align="">
	
			<div id="status_bodydiv" class="dbDiv"  onscroll='hideAllMenusNF()'>
	
			<table role="presentation" cellspacing="2" width="100%">
			
		<tr>
			<td id="mx1639"  control="true" style="vertical-align:top;">
	
		<div id="mx1639_compHolder" aria-live="polite"  style="padding:0px;margin:0px;vertical-align:top;height: 100%;display:"  >
		
			<table id="mx1639_inner" role="presentation"  cellspacing="0" class="so   " cellpadding="0" height="100%" width="100%"   style="vertical-align:top;" ><tr id="mx1639_1"  style="vertical-align:top;display:;" > 
	<td id="mx1638" aria-live="polite"      style="display:;white-space:nowrap;padding-bottom: 2px;" class="section   " valign="top"  ><table role="presentation" control="true" id="mx1637"   width="100%"  class="  " summary=""  style="width:100%;;;vertical-align:top">				<tr   control="true" id="mx1643_0"    style="vertical-align:top;">

		<td id="mx1646" aria-live="polite"  style="display:;;padding:0 2px;vertical-align: top" sc="true"  height="100%" class="sectioncol">
			<div id="mx1646_div" style="height: 100%">
			
<table role="presentation" control="true" id="mx1645"   width="100%" height="100%" class="  " summary=""  style="width:100%;height:100%;;;vertical-align:top">
		<tr>
			<td id="mx1655"  control="true" style="vertical-align:top;">
	
		<div id="mx1655_compHolder" aria-live="polite"  style="padding:0px;margin:0px;vertical-align:top;height: 100%;display:"  >
		
			<table id="mx1655_inner" role="presentation"  cellspacing="0" class="so   " cellpadding="0" height="100%" width="100%"   style="vertical-align:top;" ><tr id="mx1655_0"  style="vertical-align:top;display:;" > 		<td id="mx1652"   style="padding:0px;;white-space:nowrap;"  role="presentation">
			<table cellspacing="0" cellpadding="0" style="width:100%;" class="" role="presentation">
				<tr>
				<td id="mx1652_1"  valign="top" class="hbb" width="100%" ></td>
				</tr>
			</table>
		</td>

		</tr>
		<tr id="mx1655_1"  style="vertical-align:top;display:;" > <td nowrap width="100%" class="section sbt">&nbsp;</td></tr><tr>
	<td id="mx1654" aria-live="polite"      style="display:;white-space:nowrap;padding-bottom: 2px;" class="section   " valign="top"  ><table role="presentation" control="true" id="mx1653"   width="100%"  class="  " summary=""  style="width:100%;;;vertical-align:top">				<tr   control="true" id="mx1666_0"  class="  leafspacer" style="vertical-align:top;">
				<td    nowrap="nowrap"  id="mx1665_0"  align="right"   valign="middle" style="vertical-align:middle;"><div aria-live="polite" id="mx1657_holder" class="bc"><label ctype="label"  id="mx1657"    noclick="1"   targetid="mx1657"    class="text label  label  " style="display:block;padding-left:2px;padding-top:2px;;;;;" for="mx1659" title="Work Order">Work Order:</label></div></td>
				<td    nowrap="nowrap"  id="mx1665_1"     valign="middle" style="vertical-align:middle;"><div aria-live="polite" id="mx1658_holder" class="bc"><img id="mx1658" alt="required" align='absmiddle' src='../webclient/skins-20170809-1350/tivoli09/images/required.gif' style="visibility:hidden;" class="required "/></div><div aria-live="polite" id="mx1659_holder" class="bc"><input  aria-readonly="true"  role="textbox"  id="mx1659" class="fld text text   fld fld_ro"     ctype="textbox"   li="mx1660"  db="mx1745"   maxlength="12" style=";width:75.0px;"   async='1'  ae="setvalue" sue="1" tabindex="-1" readonly="readonly" type="text" title="Work Order: W114594093" value="W114594093" ov="W114594093" work="1" fldInfo='{&quot;length&quot;:&quot;12&quot;,&quot;inttype&quot;:&quot;1&quot;}'/></div><div aria-live="polite" id="mx1660_holder" class="bc"><img sf="1" aria-hidden="true" active="0" ctype="image" alt=""  src="../webclient/skins-20170809-1350/tivoli09/images/blank.gif" source="blank" imgtype=".gif" style="display:inline;margin:0px;" border="0"  lc="mx1659"    align="absmiddle" width='26px' height='26px'   id="mx1660" title=""/></div><div aria-live="polite" id="mx1661_holder" class="bc"><img id="mx1661" alt="required" align='absmiddle' src='../webclient/skins-20170809-1350/tivoli09/images/required_label.gif' style="display:none" class="required_label"/></div><div aria-live="polite" id="mx1662_holder" class="bc"><input  aria-readonly="true"  role="textbox"  id="mx1662" class="fld text    fld fld_ro"     ctype="textbox"   li="mx1663"  db="mx1745"   maxlength="100" style=";width:300.0px;"   async='1'  ae="setvalue" sue="1" tabindex="-1" readonly="readonly" type="text" title="Description: Gas Escape" value="Gas Escape" ov="Gas Escape" work="1" fldInfo='{&quot;length&quot;:&quot;100&quot;,&quot;inttype&quot;:&quot;0&quot;}'/></div><div aria-live="polite" id="mx1663_holder" class="bc"><img sf="1"   ctype="image" alt="Long Description"  src="../webclient/skins-20170809-1350/tivoli09/images/img_longdescription_off.gif" source="img_longdescription_off" imgtype=".gif" style="cursor:default;display:inline;margin:0px" border="0"  lc="mx1662" aria-haspopup="true"   align="absmiddle"     id="mx1663" tabindex="-1" title="Long Description"/></div></td>
				</tr>
				<tr   control="true" id="mx1677_0"  class="  leafspacer" style="vertical-align:top;">
				<td    nowrap="nowrap"  id="mx1676_0"  align="right"   valign="middle" style="vertical-align:middle;"><div aria-live="polite" id="mx1668_holder" class="bc"><label ctype="label"  id="mx1668"    noclick="1"   targetid="mx1668"    class="text label  label  " style="display:block;padding-left:2px;padding-top:2px;;;;;" for="mx1670" title="Status">Status:</label></div></td>
				<td    nowrap="nowrap"  id="mx1676_1"     valign="middle" style="vertical-align:middle;"><div aria-live="polite" id="mx1669_holder" class="bc"><img id="mx1669" alt="required" align='absmiddle' src='../webclient/skins-20170809-1350/tivoli09/images/required.gif' style="visibility:hidden;" class="required "/></div><div aria-live="polite" id="mx1670_holder" class="bc"><input  aria-readonly="true"  role="textbox"  id="mx1670" class="fld text text   fld fld_ro"     ctype="textbox"   li="mx1671"  db="mx1745"   maxlength="16" style=";width:75.0px;"   async='1'  ae="setvalue" sue="1" tabindex="-1" readonly="readonly" type="text" title="Status: FSCH" value="FSCH" ov="FSCH" work="1" fldInfo='{&quot;length&quot;:&quot;16&quot;,&quot;inttype&quot;:&quot;1&quot;}'/></div><div aria-live="polite" id="mx1671_holder" class="bc"><img sf="1" aria-hidden="true" active="0" ctype="image" alt=""  src="../webclient/skins-20170809-1350/tivoli09/images/blank.gif" source="blank" imgtype=".gif" style="display:inline;margin:0px;" border="0"  lc="mx1670"    align="absmiddle" width='26px' height='26px'   id="mx1671" title=""/></div><div aria-live="polite" id="mx1672_holder" class="bc"><img id="mx1672" alt="required" align='absmiddle' src='../webclient/skins-20170809-1350/tivoli09/images/required_label.gif' style="display:none" class="required_label"/></div><div aria-live="polite" id="mx1673_holder" class="bc"><input  aria-readonly="true"  role="textbox"  id="mx1673" class="fld text    fld fld_ro"     ctype="textbox"   li="mx1674"  db="mx1745"   maxlength="256" style=";width:300.0px;"   async='1'  ae="setvalue" sue="1" tabindex="-1" readonly="readonly" type="text" title="Description: For Scheduling" value="For Scheduling" ov="For Scheduling" work="1" fldInfo='{&quot;length&quot;:&quot;256&quot;,&quot;inttype&quot;:&quot;0&quot;}'/></div><div aria-live="polite" id="mx1674_holder" class="bc"><img sf="1" aria-hidden="true" active="0" ctype="image" alt=""  src="../webclient/skins-20170809-1350/tivoli09/images/blank.gif" source="blank" imgtype=".gif" style="display:inline;margin:0px;" border="0"  lc="mx1673"    align="absmiddle" width='26px' height='26px'   id="mx1674" title=""/></div></td>
				</tr>
</table>
</td></tr><tr><td  width="100%" nowrap class="section sbb">&nbsp;</td>
		</tr>
		
			</table>
		</div>
	
			</td>
		</tr>
	
		<tr>
			<td id="mx1686"  control="true" style="vertical-align:top;">
	
		<div id="mx1686_compHolder" aria-live="polite"  style="padding:0px;margin:0px;vertical-align:top;height: 100%;display:"  >
		
			<table id="mx1686_inner" role="presentation"  cellspacing="0" class="so   " cellpadding="0" height="100%" width="100%"   style="vertical-align:top;" ><tr id="mx1686_1"  style="vertical-align:top;display:;" > 
	<td id="mx1685" aria-live="polite"      style="display:;white-space:nowrap;padding-bottom: 2px;" class="section   " valign="top"  ><table role="presentation" control="true" id="mx1684"   width="100%"  class="  " summary=""  style="width:100%;;;vertical-align:top">				<tr   control="true" id="mx1694_0"  class="  leafspacer" style="vertical-align:top;">
				<td    nowrap="nowrap"  id="mx1693_0"  align="right"   valign="top" style="vertical-align:top;"><div aria-live="polite" id="mx1688_holder" class="bc"><label ctype="label"  id="mx1688"    noclick="1"   targetid="mx1688"    class="text label  label  " style="display:block;padding-left:2px;padding-top:2px;;;;;" for="mx1690" title="New Status"><img class='required_label' width='8px' height='8px' align='absmiddle' border='0' src='../webclient/skins-20170809-1350/tivoli09/images/required_label.gif' alt=''/>New Status:</label></div></td>
				<td    nowrap="nowrap"  id="mx1693_1"     valign="top" style="vertical-align:top;"><div aria-live="polite" id="mx1689_holder" class="bc"><img id="mx1689" alt="required" align='absmiddle' src='../webclient/skins-20170809-1350/tivoli09/images/required.gif' style="" class="required "/></div><div aria-live="polite" id="mx1690_holder" class="bc"><input  aria-required="true"  role="combobox" aria-autocomplete="none"  id="mx1690" class="fld text cbt  ibfld fld_req"     ctype="textbox"   li="mx1691" liclick="1"    maxlength="16" style=";width:75.0px;"      sue="1"  readonly="readonly" type="text" title="New Status" value="" ov="" work="1" fldInfo='{&quot;length&quot;:&quot;16&quot;,&quot;inttype&quot;:&quot;1&quot;,&quot;eventpriority&quot;:1,&quot;required&quot;:true}'/></div><div aria-live="polite" id="mx1691_holder" class="bc"><img sf="1"   ctype="image" alt="Drop-down image"  src="../webclient/skins-20170809-1350/tivoli09/images/IE_dropdown.gif" source="IE_dropdown" imgtype=".gif" style="cursor:default;display:inline;margin:0px" border="0"  lc="mx1690"  class="di " align="absmiddle"    ev="combobox" id="mx1691" tabindex="-1" title="Drop-down image"/></div></td>
				</tr>
				<tr   control="true" id="mx1708_0"  class="  leafspacer" style="vertical-align:top;">
				<td    nowrap="nowrap"  id="mx1707_0"  align="right"   valign="middle" style="vertical-align:middle;"><div aria-live="polite" id="mx1702_holder" class="bc"><label ctype="label"  id="mx1702"    noclick="1"   targetid="mx1702"    class="text label  label  " style="display:block;padding-left:2px;padding-top:2px;;;;;" for="mx1704" title="Status Date"><img class='required_label' width='8px' height='8px' align='absmiddle' border='0' src='../webclient/skins-20170809-1350/tivoli09/images/required_label.gif' alt=''/>Status Date:</label></div></td>
				<td    nowrap="nowrap"  id="mx1707_1"     valign="middle" style="vertical-align:middle;"><div aria-live="polite" id="mx1703_holder" class="bc"><img id="mx1703" alt="required" align='absmiddle' src='../webclient/skins-20170809-1350/tivoli09/images/required.gif' style="" class="required "/></div><div aria-live="polite" id="mx1704_holder" class="bc"><script>
		dojo.require('layers.mbs.calendar');
		dojo.require('dojo.date.locale');
			dojo.require('ibm.tivoli.mbs.dijit.DateTimeCalendar');
	</script><input  aria-required="true"  role="textbox"  id="mx1704" class="fld text  fld fld_req"     ctype="textbox"   li="mx1705"  db="mx1745"    style=";width:127.5px;" df="1"  async='1' PopupType="ibm.tivoli.mbs.dijit.DateTimeCalendar" constraints="{datePattern:'dd/MM/yyyy', timePattern:'HH:mm:ss',locale:'en-gb',visibleRange: 'T03:30:00'}" datePackage="" lang="en-gb" lng="en" dojoValue='1526735038940' ae="setvalue"    type="text" title="Status Date: 19/05/2018 14:03:58" value="" work="1" fldInfo='{&quot;length&quot;:&quot;10&quot;,&quot;inttype&quot;:&quot;4&quot;,&quot;lookup&quot;:&quot;datelookup&quot;,&quot;eventpriority&quot;:1,&quot;required&quot;:true}'/>	<script type="text/javascript">
		dojo.require("ibm.tivoli.mbs.html");
		formatCalendar('mx1704',ibm.tivoli.mbs.html.decodeEntities('19/05/2018 14:03:58'));
	</script>
</div><div aria-live="polite" id="mx1705_holder" class="bc"><img sf="1"   ctype="image" alt="Select Date and Time"  src="../webclient/skins-20170809-1350/tivoli09/images/img_date_time.gif" source="img_date_time" imgtype=".gif" style="cursor:default;display:inline;margin:0px" border="0"  lc="mx1704" aria-haspopup="true"   align="absmiddle"    ev="datelookup" mxejse="dateLookupHdlr" id="mx1705" tabindex="-1" title="Select Date and Time"/></div></td>
				</tr>
				<tr   control="true" id="mx1716_0"  class="  leafspacer" style="vertical-align:top;">
				<td    nowrap="nowrap"  id="mx1715_0"  align="right"   valign="middle" style="vertical-align:middle;"><div aria-live="polite" id="mx1710_holder" class="bc"><label ctype="label"  id="mx1710"    noclick="1"   targetid="mx1710"    class="text label  label  " style="display:block;padding-left:2px;padding-top:2px;;;;;" for="mx1712" title="Memo">Memo:</label></div></td>
				<td    nowrap="nowrap"  id="mx1715_1"     valign="middle" style="vertical-align:middle;"><div aria-live="polite" id="mx1711_holder" class="bc"><img id="mx1711" alt="required" align='absmiddle' src='../webclient/skins-20170809-1350/tivoli09/images/required.gif' style="visibility:hidden;" class="required "/></div><div aria-live="polite" id="mx1712_holder" class="bc"><input   role="textbox"  id="mx1712" class="fld text  "     ctype="textbox"   li="mx1713"  db="mx1745"   maxlength="50" style=";width:300.0px;"   async='1'  ae="setvalue"    type="text" title="Memo" value="" ov="" work="1" fldInfo='{&quot;length&quot;:&quot;50&quot;,&quot;inttype&quot;:&quot;0&quot;}'/></div><div aria-live="polite" id="mx1713_holder" class="bc"><img sf="1" aria-hidden="true" active="0" ctype="image" alt=""  src="../webclient/skins-20170809-1350/tivoli09/images/blank.gif" source="blank" imgtype=".gif" style="display:inline;margin:0px;" border="0"  lc="mx1712"    align="absmiddle" width='26px' height='26px'   id="mx1713" title=""/></div></td>
				</tr>
				<tr   control="true" id="mx1723_0"  class="  leafspacer" style="vertical-align:top;">
				<td    nowrap="nowrap"  id="mx1722_0"  align="right"   valign="middle" style="vertical-align:middle;"><div aria-live="polite" id="mx1718_holder" class="bc"><label ctype="label"  id="mx1718"    noclick="1"  onclick=document.getElementById('mx1720').click() targetid="mx1718"    class="text label  label  " style="display:table;padding-left:2px;padding-top:2px;;;;;" for="mx1720" title="Print Work Order(s)">Print Work Order(s)?</label></div></td>
				<td    nowrap="nowrap"  id="mx1722_1"  align="left"   valign="middle" style="vertical-align:middle;"><div aria-live="polite" id="mx1719_holder" class="bc"><img id="mx1719" alt="required" align='absmiddle' src='../webclient/skins-20170809-1350/tivoli09/images/required.gif' style="visibility:hidden;" class="required "/></div><div aria-live="polite" id="mx1720_holder" class="bc">
	<table role="presentation" id="mx1720_tb" border="0" cellspacing="0" cellpadding="0" style="margin:0px;vertical-align:middle;border:0px;display:inline;" class="_b">
		<tbody>
			<tr>
				<td valign="middle"><a role="checkbox"  aria-checked="false" id="mx1720" ctype="checkbox" class="cb09"  title="Print Work Order&#040;s&#041;: unchecked" tabindex="0" style="cursor:default" imgid="mx1720_img" mxejse="cbHdlr" async='1' ae="toggle" fldInfo='{&quot;length&quot;:&quot;&quot;,&quot;inttype&quot;:&quot;&quot;,&quot;eventpriority&quot;:2}'><img border="0" alt="Print Work Order&#040;s&#041;: unchecked" tabindex="-1" align="texttop" id="mx1720_img"  class="checkbox  " src="../webclient/skins-20170809-1350/tivoli09/images/cb_unchecked.gif"  imgtype="gif" imgname="cb_" checked="unchecked" style="cursor:default" readonly="false" onfocus="this.parentNode.focus()"/></a></td>
			</tr>
		</tbody>
	</table>
</div></td>
				</tr>
				<tr   control="true" id="mx1730_0"  class="  leafspacer" style="vertical-align:top;">
				<td    nowrap="nowrap"  id="mx1729_0"  align="right"   valign="middle" style="vertical-align:middle;"><div aria-live="polite" id="mx1725_holder" class="bc"><label ctype="label"  id="mx1725"    noclick="1"  onclick=document.getElementById('mx1727').click() targetid="mx1725"    class="text label  label  " style="display:table;padding-left:2px;padding-top:2px;;;;;" for="mx1727" title="Change work order status in back ground">Change work order status in back ground?</label></div></td>
				<td    nowrap="nowrap"  id="mx1729_1"  align="left"   valign="middle" style="vertical-align:middle;"><div aria-live="polite" id="mx1726_holder" class="bc"><img id="mx1726" alt="required" align='absmiddle' src='../webclient/skins-20170809-1350/tivoli09/images/required.gif' style="visibility:hidden;" class="required "/></div><div aria-live="polite" id="mx1727_holder" class="bc">
	<table role="presentation" id="mx1727_tb" border="0" cellspacing="0" cellpadding="0" style="margin:0px;vertical-align:middle;border:0px;display:inline;" class="_b">
		<tbody>
			<tr>
				<td valign="middle"><a role="checkbox"  aria-checked="false" id="mx1727" ctype="checkbox" class="cb09"  title="Change work order status in back ground: unchecked" tabindex="0" style="cursor:default" imgid="mx1727_img" mxejse="cbHdlr" async='1' ae="toggle" fldInfo='{&quot;length&quot;:&quot;&quot;,&quot;inttype&quot;:&quot;&quot;,&quot;eventpriority&quot;:2}'><img border="0" alt="Change work order status in back ground: unchecked" tabindex="-1" align="texttop" id="mx1727_img"  class="checkbox  " src="../webclient/skins-20170809-1350/tivoli09/images/cb_unchecked.gif"  imgtype="gif" imgname="cb_" checked="unchecked" style="cursor:default" readonly="false" onfocus="this.parentNode.focus()"/></a></td>
			</tr>
		</tbody>
	</table>
</div></td>
				</tr>
				<tr   control="true" id="mx1738_0"  class="  leafspacer" style="vertical-align:top;">
				<td    nowrap="nowrap"  id="mx1737_0"  align="right"   valign="middle" style="vertical-align:middle;"><div aria-live="polite" id="mx1732_holder" class="bc"><label ctype="label"  id="mx1732"    noclick="1"   targetid="mx1732"    class="text label  label  " style="display:block;padding-left:2px;padding-top:2px;;;;;" for="mx1734" title="Notification E-mail for Work Order Change Status">Notification E-mail for Work Order Change Status:</label></div></td>
				<td    nowrap="nowrap"  id="mx1737_1"     valign="middle" style="vertical-align:middle;"><div aria-live="polite" id="mx1733_holder" class="bc"><img id="mx1733" alt="required" align='absmiddle' src='../webclient/skins-20170809-1350/tivoli09/images/required.gif' style="visibility:hidden;" class="required "/></div><div aria-live="polite" id="mx1734_holder" class="bc"><input   role="textbox"  id="mx1734" class="fld text  "     ctype="textbox"   li="mx1735"  db="mx1745"   maxlength="100" style=";width:300.0px;"   async='1'  ae="setvalue"    type="text" title="Notification E-mail for Work Order Change Status: maximoadministrator@uk.ssegroup.net" value="maximoadministrator@uk.ssegroup.net" ov="maximoadministrator@uk.ssegroup.net" work="1" fldInfo='{&quot;length&quot;:&quot;100&quot;,&quot;inttype&quot;:&quot;0&quot;}'/></div><div aria-live="polite" id="mx1735_holder" class="bc"><img sf="1" aria-hidden="true" active="0" ctype="image" alt=""  src="../webclient/skins-20170809-1350/tivoli09/images/blank.gif" source="blank" imgtype=".gif" style="display:inline;margin:0px;" border="0"  lc="mx1734"    align="absmiddle" width='26px' height='26px'   id="mx1735" title=""/></div></td>
				</tr>
</table>
</td>
		</tr>
		
			</table>
		</div>
	
			</td>
		</tr>
	</table>

		</div>
	</td>
				</tr>
</table>
</td>
		</tr>
		
			</table>
		</div>
	
			</td>
		</tr>
	
			</table>
			
			</div>
	
		</td>
	</tr>
</table>
<table role="presentation" width="100%" class="dbottom" height="*" ondblclick="cancelEvent(event);">
	<tr>
		<td class="    dss" align="right">
	
			<table role="presentation" cellspacing="2" width="100%">
							<tr   control="true" id="mx1743_0"    style="vertical-align:top;">

<td colspan="7" height="0" align="right" id="mx1742"  style=";white-space: nowrap;" class="invisbuttongroup">
	<div style="width:100%;;">
		<table id="mx1742_table"  summary="" role="group">
			<tr>
			<td align="right" style="white-space: nowrap;">
<div aria-live="polite" id="mx1745_holder" class="bc">
		<button ctype="pushbutton"      control="true" id="mx1745"  class="text pb default"  style="">OK</button></div><div aria-live="polite" id="mx1747_holder" class="bc">
		<button ctype="pushbutton"      control="true" id="mx1747"  class="text pb"  style="">Cancel</button></div>			</td>
			</tr>
		</table>
	</div>
</td>
				</tr>

			</table>
			
		</td>
	</tr>
</table>

		</td>
	</tr>
</table>

<img tabindex="0" labelid="mx1619" alt="" id="status_last" onfocus="moveable_onfocus(this);" src="../webclient/skins-20170809-1350/tivoli09/images/blank.gif" width="1" height="1" lastbuttonid="mx1747"></td>
			</tr>
		</table>
		<script>
			window.setTimeout("_initDialog('mx1630','status',-1,true)", 50);
			showMessage(0, "BMXAA4205I - Record has been saved.", false);
		</script>
]]></component>

<deferredscript><![CDATA[scrollScreen('0','0');focusItem('mx1690',true);resetLogoutTimer(true);if(tpaeConfig.validationOn) {setButtonEnabled(saveButton,false)};]]></deferredscript></server_response>