<?xml version="1.0" encoding="UTF-8" ?>
<server_response csrftoken="48l0rj1i5tuo54rq9mtv1osq99">
	<component id="mx1624_holder"><![CDATA[<script>
		var el = document.getElementById("mx1624");
		if(el)
		{
			el.style.display="";
		}
	</script>]]></component>

			<component id="mx1652_holder"><![CDATA[<script>
		var el = document.getElementById("mx1652");
		if(el)
		{
			el.style.display="";
		}
	</script>]]></component>
<component vis="true" id="mx1651_holder" compid="mx1651"><![CDATA[<a  href="javascript: void(0);" ctype="toggleimage" ev="true" tabindex="0"  compid="mx1651"  title="Minimize Section"><img id="mx1651"  aria-disabled="true" aria-hidden="true"  tabindex="-1" border="0" class="ti   " src="../webclient/skins-20170809-1350/tivoli09/images/minimize.gif" source="minimize.gif" imgtype="" ev="true" align="top" style="display:block;margin:0px;"  alt="Minimize Section"  /></a>
]]></component>
<component vis="true" id="mx1688_holder" compid="mx1688"><![CDATA[<label ctype="label"  id="mx1688"    noclick="1"   targetid="mx1688"    class="text label  label  " style="display:block;padding-left:2px;padding-top:2px;;;;;" for="mx1690" title="New Status"><img class='required_label' width='8px' height='8px' align='absmiddle' border='0' src='../webclient/skins-20170809-1350/tivoli09/images/required_label.gif' alt=''/>New Status:</label>]]></component>
<component vis="true" id="mx1690_holder" compid="mx1690"><![CDATA[<input  aria-required="true"  role="combobox" aria-autocomplete="none"  id="mx1690" class="fld text cbt  ibfld fld_req"     ctype="textbox"   li="mx1691" liclick="1"    maxlength="16" style=";width:75.0px;"      sue="1"  readonly="readonly" type="text" title="New Status: Dispatch" value="Dispatch" ov="Dispatch" work="1" fldInfo='{&quot;length&quot;:&quot;16&quot;,&quot;inttype&quot;:&quot;1&quot;,&quot;eventpriority&quot;:1,&quot;required&quot;:true}'/>]]></component>
	<compvalue id="mx1690"><![CDATA[Dispatch]]></compvalue>
<component vis="true" id="mx1691_holder" compid="mx1691"><![CDATA[<img sf="1"   ctype="image" alt="Drop-down image"  src="../webclient/skins-20170809-1350/tivoli09/images/IE_dropdown.gif" source="IE_dropdown" imgtype=".gif" style="cursor:default;display:inline;margin:0px" border="0"  lc="mx1690"  class="di " align="absmiddle"    ev="combobox" id="mx1691" tabindex="-1" title="Drop-down image"/>]]></component>
		<component id="mx1742_holder"><![CDATA[<script>
		addLoadMethod("updateDisplay('mx1742','')");
		</script>]]></component>

		<finalscript><![CDATA[
			makeDialogScroll('mx1630','status',-1);
		]]></finalscript>
<deferredscript><![CDATA[focusItem('mx1690',true);scrollScreen('0','0');resetLogoutTimer(true);if(tpaeConfig.validationOn) {setButtonEnabled(saveButton,false)};]]></deferredscript></server_response>