<?xml version="1.0" encoding="UTF-8" ?>
<server_response csrftoken="48l0rj1i5tuo54rq9mtv1osq99">
	<component id="mx1756_holder"><![CDATA[<script>
		var el = document.getElementById("mx1756");
		if(el)
		{
			el.style.display="";
		}
	</script>]]></component>

		


		<component id="mx1764_holder"><![CDATA[<script>
		        addLoadMethod("addLongOpTimeout('dolongopcheck()',3000);");
		</script>]]></component>	
	
		<component id="mx1769_holder"><![CDATA[<script>
		addLoadMethod("updateDisplay('mx1769','none')");
		</script>]]></component>

		<finalscript><![CDATA[
			makeDialogScroll('mx1762','longopwait',-1);
		]]></finalscript>
<deferredscript><![CDATA[focusItem('changestatus_2_1-pushbutton_pushbutton',true);scrollScreen('0','0');resetLogoutTimer(true);if(tpaeConfig.validationOn) {setButtonEnabled(saveButton,true)};]]></deferredscript></server_response>