<?xml version="1.0" encoding="UTF-8" ?>
<server_response csrftoken="48l0rj1i5tuo54rq9mtv1osq99">
<!-- Begin of the DIALOG -->
<component vis="true" id="mx1815_holder" compid="mx1815" replacemethod="addDialog"><![CDATA[<script pre='true'>publishMessage({"channel":"widgetCleanup","message":["mx1823","mx1839","mx1870"]});</script>			<div id='mx1815_inner_dialogwait'  class='wait'>&nbsp;</div>
				<table id="mx1815_inner"  role="dialog" aria-labelledby="mx1804" positionAtTop="false" positionX="" positionY="" modal="true" width="200" height="50" class="dsc1 mc modal" border="0" defaultbutton="" control="true" onmousedown='hideAllMenus();'onkeypress="if(hasKeyCode(event,'KEYCODE_ESC')) {sendEvent('dialogcancel','mx1815', null, null); }"ondragstart='return false;' ondblclick="toggleMinimize('mx1815')"  style="visibility:hidden;" cellpadding="0px" cellspacing="0px">
			<tr id="mx1815_content0" aria-live="polite"   style="" valign="top">
				<td id="mx1815_inner_content"  valign="BOTTOM"  style="padding:0px; %>">
<img tabindex="0" alt="" id="status_first" alt="" onfocus="moveable_onfocus(this);" src="../webclient/skins-20170809-1350/tivoli09/images/blank.gif" width="1" height="1" style="display:inline;margin:0px" firstbuttonid="first"/><table id="mx1809"  width="100%" style="margin:0px;" class="" role="presentation">
			<tr>
				<td id="mx1809_middle"  class="dh mh dhb  " valign="middle" align="left" width="*">
					<table role="presentation" class="" width="100%">
						<tr>
							<td valign="center" align="left" style="padding:0px;white-space:nowrap;" class="dh mh">
								<table role="presentation"  width="100%">
									<tr>
					<td id="mx1809_header_0"  align="left" class="dhbsh" valign="middle" style="padding:0px;white-space:nowrap;" width:100%;></td>
					<td id="mx1809_header_1"  align="left" class="dhbsh" valign="middle" style="padding:0px;white-space:nowrap;" width:100%;><div aria-live="polite" id="mx1804_holder" class="bc"><h1 labelledby="mx1804" style="display:inline" title="Change Status"><label ctype="label"  id="mx1804"    noclick="1"   targetid="mx1804"    class="text dh mh  " style="display:block;padding-left:2px;padding-top:2px;;;;;" title="Change Status">Change Status</label></h1></div></td>
					<td id="mx1809_header_2"   class="dhbsh" valign="middle" style="padding:0px;white-space:nowrap;" width="100%"><div aria-live="polite" id="mx1805_holder" class="bc">	<div id="mx1805" name="mx1805" class="ts dh mh  "  >&nbsp;</div>
</div></td>
					<td id="mx1809_header_3"  align="right" class="dhbsh" valign="middle" style="padding:0px;white-space:nowrap;" width="100%"></td>
					<td id="mx1809_header_4"  align="right" class="dhbsh" valign="middle" style="padding:0px;white-space:nowrap;" width="100%"></td>
					<td id="mx1809_header_5"  align="right" class="dhbsh" valign="middle" style="padding:0px;white-space:nowrap;" width="100%"></td>
								</tr>
								</table>
							</td>
						</tr>
					</table>
				</td>
			</tr>
		</table></td>
			</tr>
			<tr id="mx1815_content1" aria-live="polite"   style="" valign="top">
				<td id="mx1815_inner_content"  valign="BOTTOM"  style="padding:0px; %>">
<table role="presentation" id="mx1814"  class="dialogb" width="100%" style="position:relative;top:0px;margin:0px;" height="100%" ondblclick="cancelEvent(event);">
	<tr>
		<td class="  " style=";padding:0px;" align="">

		<table role="presentation" width="100%"  height="*" ondblclick="cancelEvent(event);">
	<tr>
		<td class="    dss" align="center">
	<div aria-live="polite" id="dialogmessage_holder" class="bc"><label ctype="label"  id="dialogmessage"    noclick="1"   targetid="dialogmessage"  role='alert'    class="text label  label  text  dum" style="display:block;padding-left:2px;padding-top:2px;;;;;" title="">&nbsp;</label></div>
		</td>
	</tr>
</table>
<table role="presentation" width="100%"  height="*" ondblclick="cancelEvent(event);">
	<tr>
		<td class="db    dss" align="">
	
			<div id="status_bodydiv" class="dbDiv"  onscroll='hideAllMenusNF()'>
	
			<table role="presentation" cellspacing="2" width="100%">
			
		<tr>
			<td id="mx1824"  control="true" style="vertical-align:top;">
	
		<div id="mx1824_compHolder" aria-live="polite"  style="padding:0px;margin:0px;vertical-align:top;height: 100%;display:"  >
		
			<table id="mx1824_inner" role="presentation"  cellspacing="0" class="so   " cellpadding="0" height="100%" width="100%"   style="vertical-align:top;" ><tr id="mx1824_1"  style="vertical-align:top;display:;" > 
	<td id="mx1823" aria-live="polite"      style="display:;white-space:nowrap;padding-bottom: 2px;" class="section   " valign="top"  ><table role="presentation" control="true" id="mx1822"   width="100%"  class="  " summary=""  style="width:100%;;;vertical-align:top">				<tr   control="true" id="mx1828_0"    style="vertical-align:top;">

		<td id="mx1831" aria-live="polite"  style="display:;;padding:0 2px;vertical-align: top" sc="true"  height="100%" class="sectioncol">
			<div id="mx1831_div" style="height: 100%">
			
<table role="presentation" control="true" id="mx1830"   width="100%" height="100%" class="  " summary=""  style="width:100%;height:100%;;;vertical-align:top">
		<tr>
			<td id="mx1840"  control="true" style="vertical-align:top;">
	
		<div id="mx1840_compHolder" aria-live="polite"  style="padding:0px;margin:0px;vertical-align:top;height: 100%;display:"  >
		
			<table id="mx1840_inner" role="presentation"  cellspacing="0" class="so   " cellpadding="0" height="100%" width="100%"   style="vertical-align:top;" ><tr id="mx1840_0"  style="vertical-align:top;display:;" > 		<td id="mx1837"   style="padding:0px;;white-space:nowrap;"  role="presentation">
			<table cellspacing="0" cellpadding="0" style="width:100%;" class="" role="presentation">
				<tr>
				<td id="mx1837_1"  valign="top" class="hbb" width="100%" ></td>
				</tr>
			</table>
		</td>

		</tr>
		<tr id="mx1840_1"  style="vertical-align:top;display:;" > <td nowrap width="100%" class="section sbt">&nbsp;</td></tr><tr>
	<td id="mx1839" aria-live="polite"      style="display:;white-space:nowrap;padding-bottom: 2px;" class="section   " valign="top"  ><table role="presentation" control="true" id="mx1838"   width="100%"  class="  " summary=""  style="width:100%;;;vertical-align:top">				<tr   control="true" id="mx1851_0"  class="  leafspacer" style="vertical-align:top;">
				<td    nowrap="nowrap"  id="mx1850_0"  align="right"   valign="middle" style="vertical-align:middle;"><div aria-live="polite" id="mx1842_holder" class="bc"><label ctype="label"  id="mx1842"    noclick="1"   targetid="mx1842"    class="text label  label  " style="display:block;padding-left:2px;padding-top:2px;;;;;" for="mx1844" title="Work Order">Work Order:</label></div></td>
				<td    nowrap="nowrap"  id="mx1850_1"     valign="middle" style="vertical-align:middle;"><div aria-live="polite" id="mx1843_holder" class="bc"><img id="mx1843" alt="required" align='absmiddle' src='../webclient/skins-20170809-1350/tivoli09/images/required.gif' style="visibility:hidden;" class="required "/></div><div aria-live="polite" id="mx1844_holder" class="bc"><input  aria-readonly="true"  role="textbox"  id="mx1844" class="fld text text   fld fld_ro"     ctype="textbox"   li="mx1845"  db="mx1930"   maxlength="12" style=";width:75.0px;"   async='1'  ae="setvalue" sue="1" tabindex="-1" readonly="readonly" type="text" title="Work Order: W114594093" value="W114594093" ov="W114594093" work="1" fldInfo='{&quot;length&quot;:&quot;12&quot;,&quot;inttype&quot;:&quot;1&quot;}'/></div><div aria-live="polite" id="mx1845_holder" class="bc"><img sf="1" aria-hidden="true" active="0" ctype="image" alt=""  src="../webclient/skins-20170809-1350/tivoli09/images/blank.gif" source="blank" imgtype=".gif" style="display:inline;margin:0px;" border="0"  lc="mx1844"    align="absmiddle" width='26px' height='26px'   id="mx1845" title=""/></div><div aria-live="polite" id="mx1846_holder" class="bc"><img id="mx1846" alt="required" align='absmiddle' src='../webclient/skins-20170809-1350/tivoli09/images/required_label.gif' style="display:none" class="required_label"/></div><div aria-live="polite" id="mx1847_holder" class="bc"><input  aria-readonly="true"  role="textbox"  id="mx1847" class="fld text    fld fld_ro"     ctype="textbox"   li="mx1848"  db="mx1930"   maxlength="100" style=";width:300.0px;"   async='1'  ae="setvalue" sue="1" tabindex="-1" readonly="readonly" type="text" title="Description: Gas Escape" value="Gas Escape" ov="Gas Escape" work="1" fldInfo='{&quot;length&quot;:&quot;100&quot;,&quot;inttype&quot;:&quot;0&quot;}'/></div><div aria-live="polite" id="mx1848_holder" class="bc"><img sf="1"   ctype="image" alt="Long Description"  src="../webclient/skins-20170809-1350/tivoli09/images/img_longdescription_off.gif" source="img_longdescription_off" imgtype=".gif" style="cursor:default;display:inline;margin:0px" border="0"  lc="mx1847" aria-haspopup="true"   align="absmiddle"     id="mx1848" tabindex="-1" title="Long Description"/></div></td>
				</tr>
				<tr   control="true" id="mx1862_0"  class="  leafspacer" style="vertical-align:top;">
				<td    nowrap="nowrap"  id="mx1861_0"  align="right"   valign="middle" style="vertical-align:middle;"><div aria-live="polite" id="mx1853_holder" class="bc"><label ctype="label"  id="mx1853"    noclick="1"   targetid="mx1853"    class="text label  label  " style="display:block;padding-left:2px;padding-top:2px;;;;;" for="mx1855" title="Status">Status:</label></div></td>
				<td    nowrap="nowrap"  id="mx1861_1"     valign="middle" style="vertical-align:middle;"><div aria-live="polite" id="mx1854_holder" class="bc"><img id="mx1854" alt="required" align='absmiddle' src='../webclient/skins-20170809-1350/tivoli09/images/required.gif' style="visibility:hidden;" class="required "/></div><div aria-live="polite" id="mx1855_holder" class="bc"><input  aria-readonly="true"  role="textbox"  id="mx1855" class="fld text text   fld fld_ro"     ctype="textbox"   li="mx1856"  db="mx1930"   maxlength="16" style=";width:75.0px;"   async='1'  ae="setvalue" sue="1" tabindex="-1" readonly="readonly" type="text" title="Status: DISPATCH" value="DISPATCH" ov="DISPATCH" work="1" fldInfo='{&quot;length&quot;:&quot;16&quot;,&quot;inttype&quot;:&quot;1&quot;}'/></div><div aria-live="polite" id="mx1856_holder" class="bc"><img sf="1" aria-hidden="true" active="0" ctype="image" alt=""  src="../webclient/skins-20170809-1350/tivoli09/images/blank.gif" source="blank" imgtype=".gif" style="display:inline;margin:0px;" border="0"  lc="mx1855"    align="absmiddle" width='26px' height='26px'   id="mx1856" title=""/></div><div aria-live="polite" id="mx1857_holder" class="bc"><img id="mx1857" alt="required" align='absmiddle' src='../webclient/skins-20170809-1350/tivoli09/images/required_label.gif' style="display:none" class="required_label"/></div><div aria-live="polite" id="mx1858_holder" class="bc"><input  aria-readonly="true"  role="textbox"  id="mx1858" class="fld text    fld fld_ro"     ctype="textbox"   li="mx1859"  db="mx1930"   maxlength="256" style=";width:300.0px;"   async='1'  ae="setvalue" sue="1" tabindex="-1" readonly="readonly" type="text" title="Description: Dispatch" value="Dispatch" ov="Dispatch" work="1" fldInfo='{&quot;length&quot;:&quot;256&quot;,&quot;inttype&quot;:&quot;0&quot;}'/></div><div aria-live="polite" id="mx1859_holder" class="bc"><img sf="1" aria-hidden="true" active="0" ctype="image" alt=""  src="../webclient/skins-20170809-1350/tivoli09/images/blank.gif" source="blank" imgtype=".gif" style="display:inline;margin:0px;" border="0"  lc="mx1858"    align="absmiddle" width='26px' height='26px'   id="mx1859" title=""/></div></td>
				</tr>
</table>
</td></tr><tr><td  width="100%" nowrap class="section sbb">&nbsp;</td>
		</tr>
		
			</table>
		</div>
	
			</td>
		</tr>
	
		<tr>
			<td id="mx1871"  control="true" style="vertical-align:top;">
	
		<div id="mx1871_compHolder" aria-live="polite"  style="padding:0px;margin:0px;vertical-align:top;height: 100%;display:"  >
		
			<table id="mx1871_inner" role="presentation"  cellspacing="0" class="so   " cellpadding="0" height="100%" width="100%"   style="vertical-align:top;" ><tr id="mx1871_1"  style="vertical-align:top;display:;" > 
	<td id="mx1870" aria-live="polite"      style="display:;white-space:nowrap;padding-bottom: 2px;" class="section   " valign="top"  ><table role="presentation" control="true" id="mx1869"   width="100%"  class="  " summary=""  style="width:100%;;;vertical-align:top">				<tr   control="true" id="mx1879_0"  class="  leafspacer" style="vertical-align:top;">
				<td    nowrap="nowrap"  id="mx1878_0"  align="right"   valign="top" style="vertical-align:top;"><div aria-live="polite" id="mx1873_holder" class="bc"><label ctype="label"  id="mx1873"    noclick="1"   targetid="mx1873"    class="text label  label  " style="display:block;padding-left:2px;padding-top:2px;;;;;" for="mx1875" title="New Status"><img class='required_label' width='8px' height='8px' align='absmiddle' border='0' src='../webclient/skins-20170809-1350/tivoli09/images/required_label.gif' alt=''/>New Status:</label></div></td>
				<td    nowrap="nowrap"  id="mx1878_1"     valign="top" style="vertical-align:top;"><div aria-live="polite" id="mx1874_holder" class="bc"><img id="mx1874" alt="required" align='absmiddle' src='../webclient/skins-20170809-1350/tivoli09/images/required.gif' style="" class="required "/></div><div aria-live="polite" id="mx1875_holder" class="bc"><input  aria-required="true"  role="combobox" aria-autocomplete="none"  id="mx1875" class="fld text cbt  ibfld fld_req"     ctype="textbox"   li="mx1876" liclick="1"    maxlength="16" style=";width:75.0px;"      sue="1"  readonly="readonly" type="text" title="New Status" value="" ov="" work="1" fldInfo='{&quot;length&quot;:&quot;16&quot;,&quot;inttype&quot;:&quot;1&quot;,&quot;eventpriority&quot;:1,&quot;required&quot;:true}'/></div><div aria-live="polite" id="mx1876_holder" class="bc"><img sf="1"   ctype="image" alt="Drop-down image"  src="../webclient/skins-20170809-1350/tivoli09/images/IE_dropdown.gif" source="IE_dropdown" imgtype=".gif" style="cursor:default;display:inline;margin:0px" border="0"  lc="mx1875"  class="di " align="absmiddle"    ev="combobox" id="mx1876" tabindex="-1" title="Drop-down image"/></div></td>
				</tr>
				<tr   control="true" id="mx1893_0"  class="  leafspacer" style="vertical-align:top;">
				<td    nowrap="nowrap"  id="mx1892_0"  align="right"   valign="middle" style="vertical-align:middle;"><div aria-live="polite" id="mx1887_holder" class="bc"><label ctype="label"  id="mx1887"    noclick="1"   targetid="mx1887"    class="text label  label  " style="display:block;padding-left:2px;padding-top:2px;;;;;" for="mx1889" title="Status Date"><img class='required_label' width='8px' height='8px' align='absmiddle' border='0' src='../webclient/skins-20170809-1350/tivoli09/images/required_label.gif' alt=''/>Status Date:</label></div></td>
				<td    nowrap="nowrap"  id="mx1892_1"     valign="middle" style="vertical-align:middle;"><div aria-live="polite" id="mx1888_holder" class="bc"><img id="mx1888" alt="required" align='absmiddle' src='../webclient/skins-20170809-1350/tivoli09/images/required.gif' style="" class="required "/></div><div aria-live="polite" id="mx1889_holder" class="bc"><script>
		dojo.require('layers.mbs.calendar');
		dojo.require('dojo.date.locale');
			dojo.require('ibm.tivoli.mbs.dijit.DateTimeCalendar');
	</script><input  aria-required="true"  role="textbox"  id="mx1889" class="fld text  fld fld_req"     ctype="textbox"   li="mx1890"  db="mx1930"    style=";width:127.5px;" df="1"  async='1' PopupType="ibm.tivoli.mbs.dijit.DateTimeCalendar" constraints="{datePattern:'dd/MM/yyyy', timePattern:'HH:mm:ss',locale:'en-gb',visibleRange: 'T03:30:00'}" datePackage="" lang="en-gb" lng="en" dojoValue='1526735143595' ae="setvalue"    type="text" title="Status Date: 19/05/2018 14:05:43" value="" work="1" fldInfo='{&quot;length&quot;:&quot;10&quot;,&quot;inttype&quot;:&quot;4&quot;,&quot;lookup&quot;:&quot;datelookup&quot;,&quot;eventpriority&quot;:1,&quot;required&quot;:true}'/>	<script type="text/javascript">
		dojo.require("ibm.tivoli.mbs.html");
		formatCalendar('mx1889',ibm.tivoli.mbs.html.decodeEntities('19/05/2018 14:05:43'));
	</script>
</div><div aria-live="polite" id="mx1890_holder" class="bc"><img sf="1"   ctype="image" alt="Select Date and Time"  src="../webclient/skins-20170809-1350/tivoli09/images/img_date_time.gif" source="img_date_time" imgtype=".gif" style="cursor:default;display:inline;margin:0px" border="0"  lc="mx1889" aria-haspopup="true"   align="absmiddle"    ev="datelookup" mxejse="dateLookupHdlr" id="mx1890" tabindex="-1" title="Select Date and Time"/></div></td>
				</tr>
				<tr   control="true" id="mx1901_0"  class="  leafspacer" style="vertical-align:top;">
				<td    nowrap="nowrap"  id="mx1900_0"  align="right"   valign="middle" style="vertical-align:middle;"><div aria-live="polite" id="mx1895_holder" class="bc"><label ctype="label"  id="mx1895"    noclick="1"   targetid="mx1895"    class="text label  label  " style="display:block;padding-left:2px;padding-top:2px;;;;;" for="mx1897" title="Memo">Memo:</label></div></td>
				<td    nowrap="nowrap"  id="mx1900_1"     valign="middle" style="vertical-align:middle;"><div aria-live="polite" id="mx1896_holder" class="bc"><img id="mx1896" alt="required" align='absmiddle' src='../webclient/skins-20170809-1350/tivoli09/images/required.gif' style="visibility:hidden;" class="required "/></div><div aria-live="polite" id="mx1897_holder" class="bc"><input   role="textbox"  id="mx1897" class="fld text  "     ctype="textbox"   li="mx1898"  db="mx1930"   maxlength="50" style=";width:300.0px;"   async='1'  ae="setvalue"    type="text" title="Memo" value="" ov="" work="1" fldInfo='{&quot;length&quot;:&quot;50&quot;,&quot;inttype&quot;:&quot;0&quot;}'/></div><div aria-live="polite" id="mx1898_holder" class="bc"><img sf="1" aria-hidden="true" active="0" ctype="image" alt=""  src="../webclient/skins-20170809-1350/tivoli09/images/blank.gif" source="blank" imgtype=".gif" style="display:inline;margin:0px;" border="0"  lc="mx1897"    align="absmiddle" width='26px' height='26px'   id="mx1898" title=""/></div></td>
				</tr>
				<tr   control="true" id="mx1908_0"  class="  leafspacer" style="vertical-align:top;">
				<td    nowrap="nowrap"  id="mx1907_0"  align="right"   valign="middle" style="vertical-align:middle;"><div aria-live="polite" id="mx1903_holder" class="bc"><label ctype="label"  id="mx1903"    noclick="1"  onclick=document.getElementById('mx1905').click() targetid="mx1903"    class="text label  label  " style="display:table;padding-left:2px;padding-top:2px;;;;;" for="mx1905" title="Print Work Order(s)">Print Work Order(s)?</label></div></td>
				<td    nowrap="nowrap"  id="mx1907_1"  align="left"   valign="middle" style="vertical-align:middle;"><div aria-live="polite" id="mx1904_holder" class="bc"><img id="mx1904" alt="required" align='absmiddle' src='../webclient/skins-20170809-1350/tivoli09/images/required.gif' style="visibility:hidden;" class="required "/></div><div aria-live="polite" id="mx1905_holder" class="bc">
	<table role="presentation" id="mx1905_tb" border="0" cellspacing="0" cellpadding="0" style="margin:0px;vertical-align:middle;border:0px;display:inline;" class="_b">
		<tbody>
			<tr>
				<td valign="middle"><a role="checkbox"  aria-checked="false" id="mx1905" ctype="checkbox" class="cb09"  title="Print Work Order&#040;s&#041;: unchecked" tabindex="0" style="cursor:default" imgid="mx1905_img" mxejse="cbHdlr" async='1' ae="toggle" fldInfo='{&quot;length&quot;:&quot;&quot;,&quot;inttype&quot;:&quot;&quot;,&quot;eventpriority&quot;:2}'><img border="0" alt="Print Work Order&#040;s&#041;: unchecked" tabindex="-1" align="texttop" id="mx1905_img"  class="checkbox  " src="../webclient/skins-20170809-1350/tivoli09/images/cb_unchecked.gif"  imgtype="gif" imgname="cb_" checked="unchecked" style="cursor:default" readonly="false" onfocus="this.parentNode.focus()"/></a></td>
			</tr>
		</tbody>
	</table>
</div></td>
				</tr>
				<tr   control="true" id="mx1915_0"  class="  leafspacer" style="vertical-align:top;">
				<td    nowrap="nowrap"  id="mx1914_0"  align="right"   valign="middle" style="vertical-align:middle;"><div aria-live="polite" id="mx1910_holder" class="bc"><label ctype="label"  id="mx1910"    noclick="1"  onclick=document.getElementById('mx1912').click() targetid="mx1910"    class="text label  label  " style="display:table;padding-left:2px;padding-top:2px;;;;;" for="mx1912" title="Change work order status in back ground">Change work order status in back ground?</label></div></td>
				<td    nowrap="nowrap"  id="mx1914_1"  align="left"   valign="middle" style="vertical-align:middle;"><div aria-live="polite" id="mx1911_holder" class="bc"><img id="mx1911" alt="required" align='absmiddle' src='../webclient/skins-20170809-1350/tivoli09/images/required.gif' style="visibility:hidden;" class="required "/></div><div aria-live="polite" id="mx1912_holder" class="bc">
	<table role="presentation" id="mx1912_tb" border="0" cellspacing="0" cellpadding="0" style="margin:0px;vertical-align:middle;border:0px;display:inline;" class="_b">
		<tbody>
			<tr>
				<td valign="middle"><a role="checkbox"  aria-checked="false" id="mx1912" ctype="checkbox" class="cb09"  title="Change work order status in back ground: unchecked" tabindex="0" style="cursor:default" imgid="mx1912_img" mxejse="cbHdlr" async='1' ae="toggle" fldInfo='{&quot;length&quot;:&quot;&quot;,&quot;inttype&quot;:&quot;&quot;,&quot;eventpriority&quot;:2}'><img border="0" alt="Change work order status in back ground: unchecked" tabindex="-1" align="texttop" id="mx1912_img"  class="checkbox  " src="../webclient/skins-20170809-1350/tivoli09/images/cb_unchecked.gif"  imgtype="gif" imgname="cb_" checked="unchecked" style="cursor:default" readonly="false" onfocus="this.parentNode.focus()"/></a></td>
			</tr>
		</tbody>
	</table>
</div></td>
				</tr>
				<tr   control="true" id="mx1923_0"  class="  leafspacer" style="vertical-align:top;">
				<td    nowrap="nowrap"  id="mx1922_0"  align="right"   valign="middle" style="vertical-align:middle;"><div aria-live="polite" id="mx1917_holder" class="bc"><label ctype="label"  id="mx1917"    noclick="1"   targetid="mx1917"    class="text label  label  " style="display:block;padding-left:2px;padding-top:2px;;;;;" for="mx1919" title="Notification E-mail for Work Order Change Status">Notification E-mail for Work Order Change Status:</label></div></td>
				<td    nowrap="nowrap"  id="mx1922_1"     valign="middle" style="vertical-align:middle;"><div aria-live="polite" id="mx1918_holder" class="bc"><img id="mx1918" alt="required" align='absmiddle' src='../webclient/skins-20170809-1350/tivoli09/images/required.gif' style="visibility:hidden;" class="required "/></div><div aria-live="polite" id="mx1919_holder" class="bc"><input   role="textbox"  id="mx1919" class="fld text  "     ctype="textbox"   li="mx1920"  db="mx1930"   maxlength="100" style=";width:300.0px;"   async='1'  ae="setvalue"    type="text" title="Notification E-mail for Work Order Change Status: maximoadministrator@uk.ssegroup.net" value="maximoadministrator@uk.ssegroup.net" ov="maximoadministrator@uk.ssegroup.net" work="1" fldInfo='{&quot;length&quot;:&quot;100&quot;,&quot;inttype&quot;:&quot;0&quot;}'/></div><div aria-live="polite" id="mx1920_holder" class="bc"><img sf="1" aria-hidden="true" active="0" ctype="image" alt=""  src="../webclient/skins-20170809-1350/tivoli09/images/blank.gif" source="blank" imgtype=".gif" style="display:inline;margin:0px;" border="0"  lc="mx1919"    align="absmiddle" width='26px' height='26px'   id="mx1920" title=""/></div></td>
				</tr>
</table>
</td>
		</tr>
		
			</table>
		</div>
	
			</td>
		</tr>
	</table>

		</div>
	</td>
				</tr>
</table>
</td>
		</tr>
		
			</table>
		</div>
	
			</td>
		</tr>
	
			</table>
			
			</div>
	
		</td>
	</tr>
</table>
<table role="presentation" width="100%" class="dbottom" height="*" ondblclick="cancelEvent(event);">
	<tr>
		<td class="    dss" align="right">
	
			<table role="presentation" cellspacing="2" width="100%">
							<tr   control="true" id="mx1928_0"    style="vertical-align:top;">

<td colspan="7" height="0" align="right" id="mx1927"  style=";white-space: nowrap;" class="invisbuttongroup">
	<div style="width:100%;;">
		<table id="mx1927_table"  summary="" role="group">
			<tr>
			<td align="right" style="white-space: nowrap;">
<div aria-live="polite" id="mx1930_holder" class="bc">
		<button ctype="pushbutton"      control="true" id="mx1930"  class="text pb default"  style="">OK</button></div><div aria-live="polite" id="mx1932_holder" class="bc">
		<button ctype="pushbutton"      control="true" id="mx1932"  class="text pb"  style="">Cancel</button></div>			</td>
			</tr>
		</table>
	</div>
</td>
				</tr>

			</table>
			
		</td>
	</tr>
</table>

		</td>
	</tr>
</table>

<img tabindex="0" labelid="mx1804" alt="" id="status_last" onfocus="moveable_onfocus(this);" src="../webclient/skins-20170809-1350/tivoli09/images/blank.gif" width="1" height="1" lastbuttonid="mx1932"></td>
			</tr>
		</table>
		<script>
			window.setTimeout("_initDialog('mx1815','status',-1,true)", 50);
			showMessage(0, "BMXAA4205I - Record has been saved.", false);
		</script>
]]></component>

<deferredscript><![CDATA[scrollScreen('0','0');focusItem('mx1875',true);resetLogoutTimer(true);if(tpaeConfig.validationOn) {setButtonEnabled(saveButton,false)};]]></deferredscript></server_response>