<?xml version="1.0" encoding="UTF-8" ?>
<server_response csrftoken="48l0rj1i5tuo54rq9mtv1osq99">
	<component id="mx1809_holder"><![CDATA[<script>
		var el = document.getElementById("mx1809");
		if(el)
		{
			el.style.display="";
		}
	</script>]]></component>

			<component id="mx1837_holder"><![CDATA[<script>
		var el = document.getElementById("mx1837");
		if(el)
		{
			el.style.display="";
		}
	</script>]]></component>
<component vis="true" id="mx1836_holder" compid="mx1836"><![CDATA[<a  href="javascript: void(0);" ctype="toggleimage" ev="true" tabindex="0"  compid="mx1836"  title="Minimize Section"><img id="mx1836"  aria-disabled="true" aria-hidden="true"  tabindex="-1" border="0" class="ti   " src="../webclient/skins-20170809-1350/tivoli09/images/minimize.gif" source="minimize.gif" imgtype="" ev="true" align="top" style="display:block;margin:0px;"  alt="Minimize Section"  /></a>
]]></component>
<component vis="true" id="mx1873_holder" compid="mx1873"><![CDATA[<label ctype="label"  id="mx1873"    noclick="1"   targetid="mx1873"    class="text label  label  " style="display:block;padding-left:2px;padding-top:2px;;;;;" for="mx1875" title="New Status"><img class='required_label' width='8px' height='8px' align='absmiddle' border='0' src='../webclient/skins-20170809-1350/tivoli09/images/required_label.gif' alt=''/>New Status:</label>]]></component>
<component vis="true" id="mx1875_holder" compid="mx1875"><![CDATA[<input  aria-required="true"  role="combobox" aria-autocomplete="none"  id="mx1875" class="fld text cbt  ibfld fld_req"     ctype="textbox"   li="mx1876" liclick="1"    maxlength="16" style=";width:75.0px;"      sue="1"  readonly="readonly" type="text" title="New Status: Accept / Acknowledge" value="Accept / Acknowledge" ov="Accept / Acknowledge" work="1" fldInfo='{&quot;length&quot;:&quot;16&quot;,&quot;inttype&quot;:&quot;1&quot;,&quot;eventpriority&quot;:1,&quot;required&quot;:true}'/>]]></component>
	<compvalue id="mx1875"><![CDATA[Accept / Acknowledge]]></compvalue>
<component vis="true" id="mx1876_holder" compid="mx1876"><![CDATA[<img sf="1"   ctype="image" alt="Drop-down image"  src="../webclient/skins-20170809-1350/tivoli09/images/IE_dropdown.gif" source="IE_dropdown" imgtype=".gif" style="cursor:default;display:inline;margin:0px" border="0"  lc="mx1875"  class="di " align="absmiddle"    ev="combobox" id="mx1876" tabindex="-1" title="Drop-down image"/>]]></component>
		<component id="mx1927_holder"><![CDATA[<script>
		addLoadMethod("updateDisplay('mx1927','')");
		</script>]]></component>

		<finalscript><![CDATA[
			makeDialogScroll('mx1815','status',-1);
		]]></finalscript>
<deferredscript><![CDATA[focusItem('mx1875',true);scrollScreen('0','0');resetLogoutTimer(true);if(tpaeConfig.validationOn) {setButtonEnabled(saveButton,false)};]]></deferredscript></server_response>